"day_1","day_2","day_3","day_4","day_5","day_6","day_7","day_8","day_9","day_10","day_11","day_12","day_13","day_14","day_15","day_16","day_17","day_18","day_19","day_20","day_21","day_22","day_23","day_24","day_25","day_26","day_27","day_28","day_29","day_30","day_31","day_32","day_33","day_34","day_35","day_36","day_37","day_38","day_39","day_40","day_41","day_42","day_43","day_44","day_45","day_46","day_47","day_48","day_49","day_50","day_51","day_52","day_53","day_54","day_55","day_56","day_57","day_58","day_59","day_60","day_61","day_62","day_63","day_64","day_65","day_66","day_67","day_68","day_69","day_70","day_71","day_72","day_73","day_74","day_75","day_76","day_77","day_78","day_79","day_80","day_81","day_82","day_83","day_84","day_85","day_86","day_87","day_88","day_89","day_90","day_91","day_92","day_93","day_94","day_95","day_96","day_97","day_98","day_99","day_100","day_101","day_102","day_103","day_104","day_105","day_106","day_107","day_108","day_109","day_110","day_111","day_112","day_113","day_114","day_115","day_116","day_117","day_118","day_119","day_120","day_121","day_122","day_123","day_124","day_125","day_126","day_127","day_128","day_129","day_130","day_131","day_132","day_133","day_134","day_135","day_136","day_137","day_138","day_139","day_140","day_141","day_142","day_143","day_144","day_145","day_146","day_147","day_148","day_149","day_150","day_151","day_152","day_153","day_154","day_155","day_156","day_157","day_158","day_159","day_160","day_161","day_162","day_163","day_164","day_165","day_166","day_167","day_168","day_169","day_170","day_171","day_172","day_173","day_174","day_175","day_176","day_177","day_178","day_179","day_180","day_181","day_182","day_183","day_184","day_185","day_186","day_187","day_188","day_189","day_190","day_191","day_192","day_193","day_194","day_195","day_196","day_197","day_198","day_199","day_200","day_201","day_202","day_203","day_204","day_205","day_206","day_207","day_208","day_209","day_210","day_211","day_212","day_213","day_214","day_215","day_216","day_217","day_218","day_219","day_220","day_221","day_222","day_223","day_224","day_225","day_226","day_227","day_228","day_229","day_230","day_231","day_232","day_233","day_234","day_235","day_236","day_237","day_238","day_239","day_240","day_241","day_242","day_243","day_244","day_245","day_246","day_247","day_248","day_249","day_250","day_251","day_252","day_253","day_254","day_255","day_256","day_257","day_258","day_259","day_260","day_261","day_262","day_263","day_264","day_265","day_266","day_267","day_268","day_269","day_270","day_271","day_272","day_273","day_274","day_275","day_276","day_277","day_278","day_279","day_280","day_281","day_282","day_283","day_284","day_285","day_286","day_287","day_288","day_289","day_290","day_291","day_292","day_293","day_294","day_295","day_296","day_297","day_298","day_299","day_300","day_301","day_302","day_303","day_304","day_305","day_306","day_307","day_308","day_309","day_310","day_311","day_312","day_313","day_314","day_315","day_316","day_317","day_318","day_319","day_320","day_321","day_322","day_323","day_324","day_325","day_326","day_327","day_328","day_329","day_330","day_331","day_332","day_333","day_334","day_335","day_336","day_337","day_338","day_339","day_340","day_341","day_342","day_343","day_344","day_345","day_346","day_347","day_348","day_349","day_350","day_351","day_352","day_353","day_354","day_355","day_356","day_357","day_358","day_359","day_360","day_361","day_362","day_363","day_364","day_365"
440,440,439.6,440.6,440.1,439.4,438.7,439.9,440.9,439.7,440,439.7,439.3,439.8,440.2,439.8,440.4,439.6,439.8,439.8,440.1,440.9,439.1,439.7,439.2,439.9,439.8,440.2,440.3,439.9,439.4,440.3,440.4,439,440,440.1,440.6,440.5,440.1,439.7,439.8,439.1,439.7,440,440.1,439.2,439.9,440.8,440.3,440.5,441,440.3,439.1,439.8,439.2,440,440.5,440.1,440.2,439.9,440.1,439.9,439.7,440,440.4,440,438.9,440.5,439.3,440.8,440.3,439.2,440.2,440.8,440,440,440.2,440.1,440.6,439.2,439.9,439.9,439.6,440.2,439.4,439.6,439.7,440,440,439.4,441,440.7,439.2,439.5,439.9,440.6,439.6,440.4,440.8,440.2,439.5,439.4,440.5,440.4,439.7,440.2,439.9,440.4,439.5,440.4,439,440.3,439.6,440.2,440.3,440,439.6,439.7,439.5,439.3,439.7,439.6,440,439.8,440.1,440,440.6,440.3,441.2,439.5,440.7,440.5,439.2,441.3,440.2,440.2,438.9,440.4,440.5,440.8,440.4,439.8,440,440.4,440.3,437.6,439.1,440.7,440.9,439.7,440.9,441.5,438.6,438.7,440.5,441.2,438.8,439.1,439.1,439.6,440.8,440.3,441.5,441.5,439.6,440,440,440.3,438.7,439.4,438.6,441.5,439.9,440.7,440,440.7,441,440.4,438.9,437.8,439.8,440.5,440.4,439.4,441.3,439.6,437.9,440.2,442.1,440,438.7,441.3,440.7,440.1,439,441.4,441.1,441.3,440,438.9,439.5,440.7,440.4,439.1,440.6,440.4,439.6,438.7,441.6,438.8,439.6,440,438.5,442.2,439.2,440,441.1,440.1,439.5,439.6,440.6,440.5,438.5,440.9,440.9,439.7,438.5,439.7,441.7,439.7,438.6,440.3,439.4,440.1,439.4,440.6,441.5,441.4,440.5,439.9,440.5,440.8,440.8,440.4,441.2,440.7,438.9,439.2,441.4,439.4,439.3,436,438.2,440.4,439.9,439.4,439.2,442.6,440.7,439.6,439.4,441,438.5,440.8,440,440.6,439.5,439.8,440.8,440.4,440.1,440.6,438.8,440.4,440.8,439.5,440.6,440.9,440.5,439.7,440.8,441.1,439.1,440.4,439.4,440.5,440.8,440.4,439,441.8,439.9,440.2,441.3,441.7,438.8,438.9,438.4,439.6,440.1,439.4,441,440.4,441.3,440.3,439.6,439.2,440.8,440.3,439.5,438.5,440.5,440.3,440.7,439.9,440.1,440.5,438.3,440.7,440.2,441,439.1,439,439.4,439.6,440.1,438.4,441.6,439.9,441.2,439.3,440.5,440.7,441.1,441.2,440.3,441.2,438.7,439.3,439.5,440.5,440.2,440.4,440,439.5,439.3,439.4,438.9,440,440.4,441.9,443.5,441,440.2,441.4,440.3,439,438.9,439.6,438.2,441,438.7,440.1,439.7,438.9,439.8
440.1,440,439.6,439.2,439.9,440.8,440,439.9,440.7,440.4,440,439.9,440.1,440,439.5,439.1,439.7,440.7,440.3,440.1,441,440.5,439.9,440.1,440.3,439.6,440.4,439.5,440.4,439.7,440,439.5,440.1,440,439.9,439.3,441,440.7,439.6,440.3,439.6,439.9,439.4,440.6,440,440.5,439.9,440.1,439.6,440,441,439.5,440.1,440,439.8,439.9,440,439.6,439.5,440.2,439.6,439.6,440.2,440.8,440.5,439.9,439.7,439.8,439.5,441.7,441,440.8,440.5,439.5,440.5,440.2,440.9,439.7,440,440.7,440.8,439.5,439.5,439.6,439.8,440.5,439.6,440.5,440,439.7,440.2,440.5,440.4,439.8,439.3,439.2,439.7,440.3,440.6,440,440,440.5,440.2,439.8,440.2,440,440.2,439.7,439.7,439.9,439.5,440.5,439.3,440.7,439.2,440.5,440.1,439.1,440.1,440.3,440.4,440,440.2,440.8,440.3,440.3,439.5,439.2,439.5,440.1,439.7,440.1,439.6,440.1,440.4,440.6,439.4,440.3,440,440.3,440,440.6,440,439.1,440.8,441.2,439.6,438.4,440.2,440.3,440.9,438.5,439.5,440.2,440,438.4,441.2,439.7,439.9,441.2,439.2,441,439.8,438.7,440.1,439.3,438.6,439.9,438.7,441.2,440.6,440.4,439.7,439.9,441.2,440,439.8,440.7,440.3,441.3,440.4,441.1,438.7,440.4,438.9,440,442.5,439.7,440.4,439,439.4,439.7,440.9,439.8,439.9,439.7,441,439.3,442.2,439.9,440,440.4,439.4,439.7,440.2,440.3,439.6,438.3,440.1,438.4,439.9,441.9,439.5,438.6,440.2,440.3,440.4,440,441,439.5,438.4,441.6,440.7,439.7,439.8,441.5,439.8,440.1,440,439.4,439.7,438,438.5,439.3,439.4,439.7,439.5,439.2,439.5,439.5,439.9,439.2,439.6,440.6,439.1,439.5,442.4,441.3,441.2,439.6,439.1,437.9,439.6,440,439.7,440.2,439.7,440.7,439.2,438.9,440.2,439.4,440.4,439.6,440.1,440.8,440.2,440.8,440.5,441,440.3,440.3,438.7,438.9,441,439.9,438.9,439.9,441.1,440.2,440.6,440.5,441.1,438.9,440.4,439.9,440.5,442,439.6,441.3,439.8,440.3,441.8,439.6,438.9,438.9,438.7,439.4,438.2,439.5,439.9,440.2,439.9,440.4,440.8,438.9,440,440.3,439.4,439.5,441.4,441.2,441,440.3,439.4,440.6,438.9,441.3,439.6,439.9,440.7,442.1,440,439.4,439.5,440.4,440.5,441.2,440,440.1,438,440.8,440.3,439.7,439.7,439.1,439.2,438.4,439.7,438.6,441.1,440.7,439.5,438.3,439.9,441.4,439.7,441.5,440.4,440,438.8,440.1,438.8,439.2,440.1,440.3,440.7,440.4,439.8,440.2,439.5,441.5,441.3,440.7,441.9
439.8,440.3,440.2,440.2,439.6,440.1,440.2,439.3,439.9,440.1,439.7,440.1,439.9,440.1,440.4,440.6,439.6,439.2,440,439.8,439.7,440.1,440.1,439.8,440.6,440.9,440.2,439.8,439,440.7,440.5,439.9,440.6,440.8,439.4,439.9,440.3,440.8,439.9,439.6,440.2,440.6,439.7,441,440.1,440.5,439.2,439.6,439.7,440.7,439.8,440.1,440.1,440.7,440.1,439.4,439.9,439.2,440,440.2,440.1,440.2,438.9,439.3,439.5,439.6,440.4,439.7,440.1,440.3,439.6,440.7,439.5,439.2,440.9,440.1,440,440.4,440.1,440.5,440.5,439,439.3,440.6,439.9,439,439.9,439.7,440.5,440.5,440.4,440.4,439.6,440.1,439.9,439,440.3,440.8,439.9,440.5,440.2,439.6,440.3,439.9,440.1,439.4,440.3,439.2,440.3,439,440.1,440.2,439.5,439.5,440,440.2,439.9,440.3,439.4,440.3,439.7,440.9,440,440.2,440.2,440,440.3,439.5,440.4,440.5,440.2,439.4,439.5,440.4,439.8,440.1,439.7,439.1,440.4,439.5,440.8,441.4,439.7,439.7,440.1,441.4,438.4,440.9,439.6,441.6,441,440,440.3,440,439.5,439.4,440.9,438.2,440.1,442.2,440.7,440,440,438.4,441.1,439,440.4,441.5,441.6,441.8,440.6,439.3,438.9,439.9,437.6,438.8,440.6,440,438.6,439.4,439.5,440.5,441.4,439.6,439.8,439.6,441.9,438.3,441.1,440.1,439,439.4,439,438.9,440.8,440.2,440.3,439.8,440,441.2,441.7,440.8,441.3,439.1,440.4,438.7,439.5,438.9,439.1,440.2,439,439.9,438.7,439.4,438.3,439.8,439,440,439.7,442,440.7,440.8,438.2,441.2,439.7,439,440.7,440.2,440.4,440.3,439.7,441,438.5,440.6,441.4,439.8,439.9,439.2,439.5,440.7,439.8,438.2,438.9,439.6,441.3,441.2,440,438.3,439.9,439,439.7,439.9,440.8,439.4,440.2,440.2,440.7,439.9,439,441.6,439.5,443.3,440.9,439.6,439.2,440.5,439.8,439.8,439.3,440.9,439.5,439.8,440.1,439.9,439.4,440.1,441,440.8,439.6,439.8,439.3,440.3,439.4,440.8,440.3,441.2,439.3,440.9,440.5,441.1,441,440.2,439.7,439.3,440.8,440.5,439.1,441.7,439.4,439.2,439,440.4,440,440.2,442,441,440.7,439.7,440.2,441.8,440.1,440.1,442,440,439.3,440.2,439.1,439.6,440.1,441.5,440.4,439.5,439.9,440.2,439.3,439.1,439.4,443.9,441,440.1,439.3,439.4,440.5,438.9,440.1,440,439.4,439.2,438.5,438.6,439.2,440.8,440.3,439.2,440.8,439.3,441.2,440.9,438.1,439.9,439.3,439.5,440.5,439.4,439.4,441.7,440.9,440.7,439.3,441.2,440,438.9,441.4,437.7,439.4
439.2,440.2,439.6,440.2,439.8,439.6,440.1,440.4,440.5,439.4,439.5,440,440.3,439.5,440.9,439.2,439.3,440.5,440.6,439.1,439.3,440,440,439.9,440.3,440.1,440.2,439.6,438.9,439.6,439.8,440.5,440.6,439.6,439.9,439.9,439.7,439.5,440,439.7,440.8,440.5,440.6,440.6,440.1,439.6,439.8,440.8,439.9,440.4,439.5,440.7,440.1,439.6,439.6,440.2,439.6,439.8,439.5,439.9,438.7,440.5,439.7,440.4,439.5,440.8,440.3,440.3,440.6,439.9,439.6,439.6,440.5,439.9,439.8,439.5,439.8,439.9,439.9,440.6,439.4,439.1,439.2,440.1,440,439.6,439.9,440.7,440.4,440.9,439.9,440.1,439.9,439.7,440.4,440.8,438.7,439.7,440.3,440.5,439.2,440.7,440.3,440.7,439.8,440,440.1,439.4,439.8,441,441.3,439.9,440,440,440.5,439.7,440.3,439.7,439.1,438.8,439.5,439.9,440.3,439.9,440.2,439.4,439.7,439.9,440.4,440.5,440.4,440.3,440.2,439.8,440.9,440.5,440.3,440.2,440.1,440.8,440.2,439.7,440.3,440.4,439.9,440.4,441.4,438.6,440.8,440.5,440.1,440.3,441.2,439.1,439.2,439,438.9,440.3,441.2,440.6,441.3,441.1,439.2,441.2,439.8,438.8,440.5,439.4,441.6,439.3,439.4,438.8,440.4,440.1,439.6,439.1,439.8,440.8,438.1,440.3,438,440,438.4,440.8,440.3,439.3,439.3,441,440.8,439.5,442.2,439.1,440.2,440.1,440.9,440.7,440,441.3,438.2,441.3,438.6,439.9,439.8,442.4,440.1,439.3,441.5,438.4,439.6,441.2,441.2,439.6,440.1,439.5,439.6,439.6,439.7,440.3,440.7,442,438.6,438.6,441.1,439.6,441.4,441.4,439.3,439.1,439.9,439.4,438.9,439.6,438.3,440.4,439.4,440.6,440.6,439.1,439.9,439.6,439.7,439.8,439.6,441.2,439.1,439.7,440.5,440.1,440.6,439.9,438.7,442.1,441.1,439.8,438.4,440.1,440.1,440.5,439.1,440.8,439.2,439.9,440.8,440.4,440,438.3,440.2,440.8,437.6,440.7,440.7,439.7,439.5,439.5,441.1,439.7,438.3,441.8,441,440.6,439.1,439.3,440.3,438.8,439.7,439.4,439.7,440.1,442.6,439.6,439.6,440.4,439.9,439,438.4,438.6,441.4,440.6,439.9,440,441.5,440.5,440.7,440.2,440.3,440.7,440.1,440.4,440.5,439.9,440.7,440.4,441.3,439.8,440.8,440.7,438,439.1,441.7,440.1,438.8,440.9,438.8,439.5,439.2,440.4,440.3,440.9,438.6,438.9,439.6,439.6,441.2,440.7,439.6,440.9,438.9,440.1,440.6,440.7,438.7,439.6,439.6,438.2,440.9,439.1,439.9,440.2,439.5,440.1,441,440,438.3,441,438.5,441.1,439.4,440,440.3,440.5,439.2,441.7,438.7,440.6,439.8
439.6,441.2,440.1,439.5,440.1,440,440.3,440,439.7,439.8,440.1,440.1,440.3,439.1,440.1,440.3,439.7,440.3,438.7,440.3,439.6,440.3,439.5,439.8,440.7,439.9,439.8,439.8,440.5,439.7,439.8,439.3,440.4,439.2,441,440.3,439.7,439.6,440.6,439.9,440,440.4,440.3,439.8,439.7,440.1,438.8,439.6,439.9,439.9,440.1,439.2,439.7,440.2,440.5,439.6,439.7,440.2,439.8,440.1,440.5,439.8,439.7,440.5,440.9,440.3,439.3,439.3,439.4,440.4,440.1,440.5,440.8,439.8,440.2,439.7,439.6,440,441,440,440.6,439.8,440.2,440,440.3,440.9,440,440.2,440.2,439.8,439.6,440.1,439.8,439.4,440.2,440.4,440.4,440.3,439.9,439.6,440.4,440.3,439.8,440.5,439.6,439.9,439.6,439.3,440.4,439.5,439.4,440.4,440.4,439.6,440.4,439.3,440.4,439.5,439.6,439.8,440.5,439.8,440.2,439,440.5,439.9,440.5,439.9,440.1,439.6,439.9,440.3,440.2,440.3,440.6,441,440.7,440,439.6,440.1,440.5,440.2,439.4,440.4,440.3,438.4,439.3,439.6,440.2,439.7,440.5,441.9,439.3,440.3,439.8,438.7,438.5,439.2,440,438.4,441.1,440.1,439.7,440.3,440.5,440.8,439.2,441.4,439.6,440,440,440.2,439.1,441.1,440.1,439.5,439.2,439.5,441.7,439.1,441.2,439.7,439.4,440.2,440.7,438.5,439.1,440.4,440.7,440.6,439.5,441.5,439.6,440.1,439.3,440.8,438.5,439.2,440.1,441.3,439.5,438.5,439,439.1,440.8,440.5,440.4,439.2,440.8,440,439,439.2,440.4,440.9,439,439.6,439.1,439.7,439.7,439.6,438.5,440.4,439.4,437.6,441.1,440.2,439.9,441.4,441.3,440.1,438.6,439.9,438.2,438.8,441,439.5,441.9,441.3,439.5,440.4,440.1,440.2,440.1,440.1,439.6,439.3,442.2,439.8,438.8,439.3,441.6,439.6,440.9,439.6,440.4,440.4,440.5,440.4,440.4,439.9,440.5,439.3,441.2,440.5,441.9,440.4,439.7,441.3,440.3,441.6,439.7,439.6,439.9,440.5,441.4,440.2,438.9,439.7,440.8,441.6,438.5,440.6,439.2,439.8,439.5,440.6,440.1,440.1,441.2,442.8,441,439.6,440,439.6,438.9,439.2,440.1,439.7,439.7,440.7,438.9,440.3,440,439.1,439.6,438.5,441.2,439.8,440.3,439.8,440.1,439,439.8,441.8,440.6,439.6,441.7,442,438.2,440.9,439.5,439.8,442,439.1,440.4,439.7,441.6,440.4,440.3,441.2,438.3,441.6,438.3,440.2,438.6,441.3,440.6,439.7,441.1,440.4,440.3,439.6,441.3,438.4,441,440.2,438.8,441.5,440.1,440.7,440.9,438.7,439.9,440.5,439.5,440.4,441.1,440.7,441.3,439.6,439,438.7,438.3,440.1,439.8
440.2,439.8,440.3,441.1,440.4,440.1,440,440.1,439.6,440.4,440.1,439.6,439.9,440.3,440,440.2,439.6,440.2,439.9,440.2,440.5,440.3,439.2,440.6,440.8,440.4,440.5,441.1,440.4,440.2,439.7,440.5,440.5,440.3,439.8,441.3,439.7,439.6,439.6,440.5,440.6,440.6,439.6,440.1,439.8,440.1,439.4,440.6,439.7,440.1,440.2,441,439.7,439.8,439.8,439.9,440.4,440.3,440.3,439.6,440.9,440.3,440.6,439.4,440.1,439.8,439.9,439.9,440.7,440.3,439.3,440.2,440,441,439.4,440.1,439.4,440.1,440.6,439.9,439.5,439.3,439.1,440.2,440.6,439.9,440.8,439.9,440.8,440.7,440.1,439.5,439.2,439.4,439.8,439.9,440.2,440.7,439.9,439.7,440.4,440.8,440,440.2,440.5,440.8,439.4,440.1,439.3,439.9,440.5,440.1,439.6,439.6,439.3,439.8,440.2,439.7,441,440.4,439.8,440,439.6,440.1,440.2,440.3,440,439.4,441,440.4,439.6,439.9,440.5,440.3,440.3,440.1,439.8,440.6,440.9,440.1,439.8,440,439.4,440.2,439.2,441.3,440.1,439.1,439.3,440.6,441.9,439.4,441.4,438.8,439,439.1,439.7,440.2,440,438.5,439.9,440.9,439.3,438.7,439.5,439,440,440.1,440.4,437.7,440.2,439,440.5,439.9,440.1,439.1,440.6,440.4,438.6,438.7,441.2,438.8,438.6,437.8,441,439.5,438.8,438.8,439.7,438.6,439.1,440.5,439.2,440,439.4,439.5,439.1,440.6,439.9,440.1,440.6,439.2,439.3,439.8,439.8,440.1,440.6,441.2,439.2,440.6,440.4,438.9,438.1,440.5,438.4,439.7,438.7,439.6,439.8,439.7,437.9,440.6,439.5,441.2,439.7,440.4,440.6,441.1,439.5,442.1,439.2,438.5,439.5,440.7,440.9,439.7,439.3,440.2,438.7,438.8,441.4,440,439.6,440,440.8,439.6,440.8,440.5,437.9,439.7,438.6,438.1,440.6,440.5,438.3,441.5,439.7,440.2,439.8,440.2,441.1,440.3,439.7,438.3,440.1,440.9,440.3,437.4,439.3,440.7,439.2,440.6,439.6,438.6,440.1,439.4,440.3,440,439.1,440.2,439.1,438.9,440.8,441.6,439.7,440.9,439.6,439,438.4,439.4,437.9,439.9,439.4,440.3,441.8,440.3,438.7,441.1,439.7,438.9,440.1,439.9,438.8,439.9,440.6,440.7,439.4,440,440.5,440.2,437.6,442.6,439.3,439.9,440.7,439.9,441.1,438.5,438.8,439.5,441,437.8,439.6,439.7,441.5,439.1,441.6,440,440.1,439.3,439.3,441.3,439.8,439,439.9,440.3,441.6,440.9,439.9,440.9,439.9,440.5,438.6,440,438.4,439.1,440.8,440.8,438.6,438.3,441.2,441.3,437,439.9,440.9,440.4,440.1,441.3,440.4,439.8,440.7,440.6,440,441.2,440.5
440,439.4,439.6,439.8,439.8,439.8,440.4,440.7,439.8,440.6,440.2,439.2,439.8,440.3,440.3,440,440.5,439.1,440.4,440.1,440.1,439.9,439.3,440,440.3,439.7,440,440.4,440.4,440.2,440.3,439.3,439.8,440.3,440,438.9,439.2,440.3,439.9,440.4,440.4,439.7,439.6,440.2,440.3,439.5,439.5,440.3,439.6,438.9,440.3,440,439.7,439.9,439.6,440.1,439.5,440.1,440,440.2,439.8,440.6,440.7,439.8,440.1,439.2,439.5,439.6,440.3,440.1,440,439.4,439.5,440.1,440.7,439.3,439.5,439.5,439.9,440.9,440.2,439.9,439.5,439.4,439.4,439.6,440.7,439.1,440.2,441.3,440.1,439.9,440.6,439.9,440.4,440.2,440.4,439.8,439.9,439.4,439.3,440.1,440.4,440,439.3,441.1,440.7,439.8,440.6,439.7,439.7,440.8,440,440.7,439.4,440.3,440.8,440.2,439.6,439.3,439.6,439.5,439.9,440.1,440.2,438.4,439.7,439.9,439.6,439.8,440.5,439.4,439.9,439.8,439.5,440.9,439.7,440,439.4,440,440.4,440.9,440.6,440.1,440.2,438.9,439.5,438.5,438,438.7,441.4,440.2,441.1,439.5,438.6,437.7,438.3,441.4,440.9,440.7,439.1,439.9,440,439.8,441.7,439.9,438.7,439.8,439.7,441.5,440.5,439.5,440.8,441.4,441.2,439,439.8,438.8,443,440.3,437.4,438.8,441.8,440.1,440.2,440.9,440.6,439.2,440.3,441.1,439.8,438.8,442.6,438.7,439.3,439.6,438.7,440.9,439.9,440.1,440.6,439.7,440.2,441.5,439,439.1,438.8,439.6,440.2,439.2,439.1,439.9,439.5,440.2,439.6,437.7,439.1,440,439.2,441.7,438.8,440.1,439.2,440.3,439,440.2,440.1,439.3,440,439.5,441.1,439.9,441.7,441,439.8,438.8,437.7,440.3,442.3,441,442.9,440.2,439.6,440.2,438.3,439.6,439.8,441,440.4,440.8,440.8,440.3,440.7,442,440.4,440.2,439.1,440,440.3,440.4,440.9,440.7,439,440.4,437.6,440,439.1,440.6,440.7,438,440.1,438.7,440.3,439.3,441.3,440.2,439.8,439,441.4,440.5,440.2,439.9,438.9,440.5,439.7,440.2,440.2,439.2,440.7,440,439.8,439.9,440,438.9,441.2,439.8,439.4,440.1,439.9,439.6,440.1,439.1,440.3,439.6,440.2,440.8,440.9,438,438.3,439.7,441.2,437.5,440.6,440,441.8,440,439.7,438.8,440.4,439.1,439.6,440.9,439.1,439.1,439.2,439.7,439.9,440.8,439.6,439,439.5,441.2,438.3,439.5,441.4,438.1,441.1,440.8,438.9,440.2,441.4,440.5,440.3,439.5,441.2,439.2,439.3,441.2,439.1,441,439.3,438.9,440.9,441,440,439.8,441.2,440,440.7,440,439.6,439.7,440.7,440,440
440.6,440.2,440.4,438.7,439.8,440.1,440.1,439.7,440.1,440.1,440.7,439.7,439.5,439.8,440.5,439.6,439.3,439.6,440,440.8,440.2,440,439.8,440.4,440,439.7,439.7,439.7,439,440,440.2,440.3,439.9,440.2,439.8,439.8,439.6,441,439.7,440,439.6,440.2,440.2,440.5,439.8,440.5,439.7,440.4,440.1,439.8,440.4,440.4,440.5,439.8,440.7,439.3,439.6,439.9,440,439.6,440.2,439.9,440.5,441,440.4,440.5,440.2,440.4,439.7,439.7,439.2,440.3,440.1,439.5,440.5,440.2,439.8,440.9,439.2,440.4,439.4,440.3,440.7,439.9,440,439.2,439.9,439.6,439.8,440.7,441,440.8,439.6,438.9,441.3,440.7,440.2,440.2,439.8,440.3,440.1,440.2,440.9,440.1,439.5,440.9,440.4,439.2,439.7,440.5,440.3,439.7,439.2,440.2,439.5,440.6,439.6,440.1,440.6,440.1,440.4,440.3,440.2,440.3,440.6,440.2,440.7,440,440.3,439.6,440.3,439.6,441.7,439.5,440.6,439,439.7,439.8,440.8,440.3,440.6,440.5,439.4,440.8,439.7,439.8,439.3,440.9,437.1,440.4,440.5,439.8,440.9,440,440,440.7,438.6,441.5,440.9,437.9,440.3,440.7,438.9,439.9,440.2,440,439.3,439.7,441.5,438.4,439.3,438.6,439.8,439.2,438.3,440,440.6,439.1,438.2,440.8,440.3,440.5,438.2,439.5,439.1,438.3,438.3,438.5,440.5,441.8,438.8,437.8,439.5,441.1,439.2,441,438.8,439.2,441.1,439.5,439.8,439.8,439.2,439.6,440,440.3,441.3,439.5,439.3,440.1,440.7,439.7,440.7,441.3,440.1,439.6,439.1,439.8,441.1,440.4,439.2,440.1,439.7,440.7,440.5,439,440.4,440.8,440.6,438.3,438.6,442.2,439.1,439.1,440.5,440.8,439.2,439.8,439,440,439.6,439.9,441.1,440.5,442,439.3,440.3,441.4,440.3,439.8,440.2,440.5,439.5,438.9,441.9,439.9,441.1,438.6,438.9,440.4,439.3,440.2,441.3,440.2,441.3,442.3,441,440.2,439,439.3,439.2,442,439.9,439.4,439.1,440.5,440,440.9,441.3,439.9,440.5,438.5,440.4,440.2,440.6,441,440.1,438.6,439.3,440.2,438.5,440.6,438.6,440.5,439.9,439.8,440.7,441,441,439.8,439.7,438.5,440.1,442.8,439.5,440.1,439.7,441.3,439.6,439.9,439.6,437.7,440,440.7,439.3,439.3,439.9,439.6,439,440.3,441,436.7,440.7,439.7,439.7,440.5,440.2,440,440.6,441,440.5,439.2,440.1,439,439.5,440.1,439.4,439.9,440.3,440.6,439.5,439.5,439.9,439.8,441.1,440.6,438.8,440.6,440.6,442.1,439,439.7,440.2,440.3,439.8,441.9,439.1,439.1,439.7,438.9,440.6,441.8,438.7,439.9,440.4
440.2,439.8,439.5,440,439.1,439.5,439.9,440.4,441.1,440.8,440.2,440.1,439.8,439.9,439.5,440.2,440.5,439.8,440.2,440.9,441.1,440,439.5,439.3,439.9,439.8,439.6,440.2,439.6,440.2,440.5,440.2,439.7,440.1,440.2,440.2,440.5,440.3,439.7,440.3,439.4,440.6,439.2,440,439.7,440.2,439.4,439.6,440.2,439.8,440,440,439.9,439.4,439.6,440.1,440.1,440,440.8,439.9,439.8,440.2,439.6,439.8,439.6,440.3,439.5,439.5,439.3,439.6,440.3,440.6,439.3,440.2,440.4,439.9,439.8,439.7,439.9,439.7,439.8,439.2,440.7,440.4,440.6,441,440.2,439.5,440.2,439.7,440.6,439.3,440,439.9,439.8,439.7,440.6,440,440.2,440.3,440.1,440.1,440.6,440.1,438.6,439.9,440,440.8,440.4,439.8,441.2,440,440.1,439.7,440.7,439.5,439.6,440.2,440.3,440,439.8,439.4,439.5,440.6,439.6,440.4,440,440.1,439.8,439.7,441.9,440.3,440.8,440.2,440.1,440.3,441.4,440.7,441.3,439.9,440.4,440.3,440.4,439.3,439.7,440.9,440.5,439,441.7,440.7,441,440.3,439.9,441,439.5,440.5,439.9,439.7,439.5,439.8,441.4,440.7,440.3,439.1,440.3,438.9,438.8,440.9,439.8,438.4,440.1,442.3,439.1,439.8,440.7,439.8,439.7,439.7,440.9,437.4,439.5,441.9,439.9,439.6,439.4,441,440.2,442.2,440.2,439.3,439.6,441.2,438.7,439.9,439.9,440.3,438.5,438.3,439.5,440.8,439.5,440.2,439.9,439.2,440.7,439.7,440.2,440.4,439.7,439.1,440.3,440.1,440,439.8,439,439.6,439,440.2,440.7,440.2,439.4,441.2,439.9,441.1,439,438.9,439.1,440.5,440.4,437.9,441.2,442.3,440.1,437.9,440.3,437,440.5,438.3,440.3,439.3,439.8,441.8,440.1,440.6,440,438.7,439.3,438.2,438.7,438.7,439.5,440.8,439.5,441,438.6,440.1,440.3,442.6,440.1,441.7,439.5,439.1,440.6,440.3,441.2,439.3,438.4,439.2,439.4,439.4,441,439.1,439.9,439.6,442.1,439.8,441.6,440.7,440.4,441.2,439.1,440,439.2,440.1,441.9,438.5,442,440.3,439,439.5,441.3,440,440.1,439.5,440.5,439.9,439.1,440,441.3,440,441.5,441,440.7,438.5,439.9,441.2,441.3,438.4,440.6,440.7,439.1,440.8,440.7,439.2,440.4,441.1,439.7,440.1,439.4,440.4,441.6,439.1,441,440.4,441.1,440.1,439.8,440.7,439.8,439.6,439.6,439.5,439.5,439.8,440.7,440.2,440,440.1,438.3,439,440.6,439.4,440.5,440.1,438.9,441.6,438.7,440.8,441.9,439.8,441.2,440.8,439,438.5,441.9,441.8,438.5,439.5,438.3,442.1,440.3,440.9,439.6,440.4,441.2
440.4,439,439.5,440.4,439.9,440,440.6,440.9,440.9,440.9,439.1,440.4,440.8,440.4,440,440.6,440,439.2,439.8,439.9,441,440.1,440.4,439.1,439.5,440.3,440.6,439.7,440.7,440.4,439.9,439.9,439.4,440.1,439.3,439.7,439.7,440.2,439.8,440.2,440.1,440.3,440,440.4,439.5,440.1,440,439.1,441.3,439.5,439.7,439.1,439.7,439.9,440,440.1,439.2,439.4,440.4,440,439.4,440.4,439.7,440,440.1,439.5,440.8,439.3,440.1,439.7,439.7,440.2,439.7,439.2,440.3,440.1,440,440.5,440.5,440.6,439.8,441.2,439.2,439.7,440.5,439.7,440.1,439.7,440.2,438.5,439.3,440.8,440.6,439.3,440.4,440.1,439.8,440.1,440.3,439.6,440.3,440.3,438.8,439.8,439.6,439.8,439.9,439.9,439.7,439.5,440.5,440.6,439.3,440.8,440.1,439.5,440.8,440.2,440.3,439.5,439.6,439.2,440.2,440.1,440.1,439.8,440.1,439.7,440.3,439.2,440.6,439.6,440.1,440.6,440.2,439.7,439.9,439.5,439.6,440,440,438.9,438.8,440,440.2,439.9,439.8,437.9,440.9,437.7,439.4,439.1,439.3,440.2,440.9,441.5,441.9,442.3,439.3,438.9,438.9,439.1,439.9,437.5,438.8,439,438.1,440,440.9,438.1,441.8,441.3,440.3,438.4,440.3,441.6,438.4,437.6,440.3,439.7,441.9,438.5,440.8,439.8,439,441,438.8,440.3,440.4,440.2,440.4,442.7,440.2,439.6,438.3,439.9,440.5,440.5,441.1,438.4,439.1,439.6,440.8,439.2,440.5,439.5,440.4,439.8,440.9,440.7,438.2,441.4,440,439.2,439.8,439.6,438,439.1,440.6,440.9,441.8,441.3,439.7,441.2,438,438.4,439.1,440.9,438.2,439.6,438.9,440.3,440.5,439.9,441.2,441.2,440.9,440.8,439.9,439.5,440.1,438.4,439.5,440.8,439.8,440.8,441.5,440.5,439.3,440,440.2,439.7,439.4,437.9,440.6,439,439.5,440.9,440.3,438.9,440.2,442.6,439.6,439.9,439,441,438.8,441.3,440.8,439.5,439.5,439.4,440.4,442.2,440.9,438.8,441.3,438.4,438.7,440.9,441.3,439.4,440,440.2,441,441.5,440.7,440.4,440.8,439.1,440.2,439.8,439.2,439.8,441.2,440,440.8,441,438.4,439.6,439.6,441.7,438.5,439.3,440,441.1,439.5,438.9,441.8,439.1,440.9,441.2,438.1,438.6,440.2,440,441,439.2,440.3,439.5,441.6,440.9,440.9,439.1,439.5,440.8,440.3,439.8,441.3,439.6,440.3,439.1,441.1,439.1,441.2,439.3,440.1,439.5,439.1,439.6,440.3,437.5,440.3,441.7,439.6,437.4,440.5,438.1,439.7,440.8,438.6,439.3,439.9,440,442.2,439.6,440,440.4,439.2,440.6,438.5,439.1,439,440.5,438.6
439.9,440.6,440.6,440.4,438.4,439.8,439.9,440.8,440,440.3,440.1,439.8,439.9,438.3,439.1,439.3,440.2,440.5,440.1,439,440.2,440.1,440.9,440.2,440,439.5,439.3,440.8,439.9,440.3,440.5,439.9,439.7,440.9,440.5,438.9,440.7,439.2,439.9,439.4,439.4,439.8,439.7,439.2,440.4,440.3,440.7,439.9,439.7,440.2,439.9,440.5,439.6,441.2,440.5,439.6,439.9,439.7,439.9,439.5,439.8,439.8,439.9,439.7,440.1,439.8,440.3,440,440.2,440.3,439.6,440,439.8,440.6,439.7,439.8,439.5,440,440.5,441.1,440.6,440.7,439.6,440.7,439.8,439.4,439.2,439.9,439,440.5,439.3,439.4,439.6,439.6,440.8,439.7,440.2,440.6,440.2,440.1,440.6,439.2,440.6,439.2,439.4,439.4,440.4,439.8,439.3,440.1,440.7,439.6,440.3,441.2,440,440.1,440.9,440.6,439.9,440.2,440.1,439.6,440.7,439,440.1,440.7,440.4,440.3,439.7,440.1,439.8,440.6,439.3,439.1,440.6,440.1,439.6,440.1,440,440.5,440,439.2,440.1,440.2,440.4,439.9,440.8,441.4,440.8,439.7,439.9,440.8,440.6,439.2,439.4,439,439.3,439.8,438.1,439.3,439.7,438.6,437.9,440.3,442.4,440.5,439.6,440.6,439,440.9,441.5,441,439.1,440,440.1,439.1,437.8,440.3,439.6,439,439.3,440.9,438.6,441,439.4,441.8,442,439.6,438.8,439.7,441,440,439.4,439.5,437.4,438.8,439.9,439,440.9,438.9,441.5,439.7,442.7,440.4,441.6,439.8,440.8,439.4,439.2,439.4,439.4,440.3,440.4,440.1,441.1,439.7,438.9,441.1,440.6,437.7,439.5,441.2,441.3,440.2,440.7,440.5,441.1,437.5,440.5,438.7,441.4,440.7,437.2,439.5,441.4,440.2,440.6,439.6,439.8,439.5,440,440.7,440.4,439.8,439.6,438.7,440.3,439.1,440.1,441.1,438.9,439.7,440,440.3,439,438.2,439.6,439.5,438.6,440.9,440.4,438.6,441.1,439.2,440.2,440.5,438.8,440.1,437.4,440.5,440.5,438.7,438.9,439.8,441.4,439.3,439.8,437.4,440.2,438.9,441.4,439.5,439.4,441.8,440.9,440.3,439.9,440.2,439.7,441.2,439.8,441.7,439.6,440.2,438.2,442,440.4,440.3,440.4,441.7,440,442,440.5,441.3,440.7,441.8,439.8,439.8,439.1,438.5,439.3,439.4,439,438.6,439.8,440.1,441.4,438.9,440.2,440.4,438.8,439.7,440.6,440.4,439.5,440.1,440.1,438.7,439.5,439.9,439.9,440.8,440.2,439.1,439.5,439.6,440.5,438.9,439.7,440,440.5,439,441.2,438.9,440.2,437.9,439.6,441.8,440.3,440.5,439.9,439.5,440.9,439.5,441.3,440.1,440,440.7,439.4,439.3,440.8,440.2,440.8,440.9,441
439.9,439.5,440,439.3,439.6,440.2,440.1,438.5,439.8,439.6,440.7,440.5,439.9,439.2,439.3,440.1,439.7,440.3,440.4,440.7,439.6,439.3,439.9,439.9,441.4,439.9,440.5,440.8,439.6,438.9,440.3,440.4,439.9,440.1,439.6,440.7,440.5,439.2,440.3,440.5,440.3,440.2,439,439.5,439.6,439.1,439.7,440.5,440.2,440.4,440,439.1,439.9,441.2,440,438.9,440,439.5,439.8,440.1,440.3,440.4,439.9,439.1,440.1,440.1,440.6,441.2,440.4,439.9,440.3,440,439.1,439.5,439.7,440.2,440,439.5,440.2,440.4,439.6,440.8,439.9,440.9,441.4,439.7,440.4,440.1,440,440.1,440.4,439.9,440.1,440.6,440.2,440.1,440.9,440.1,441,439.6,440.4,440,439.9,439.9,439.8,440.4,440.3,439.5,440,440.1,439.8,441.1,440.5,440.4,439.8,440.1,440.3,439.2,439,440.2,439.8,440.2,440.6,440.3,440.4,440.6,439.4,438.7,439.5,440.1,439.9,440.2,440.3,439.6,440.1,440.6,439.4,440.1,439.6,440.3,441,439.3,439.6,439.5,439.7,439.3,439.8,440.1,440.9,440.3,442.2,441.9,439,440.5,439.3,440.8,440.3,439.2,440.2,441.7,440.7,441.3,441,440.5,439.7,439.1,440.6,438.7,440.3,438.8,438.8,439.2,440,439.2,439.4,441.4,439.2,438.9,441.7,439,440.5,438.6,441.2,437.8,439,439.9,437.9,440.9,439.3,440.6,440.2,441.1,438.9,439.4,438.4,439.1,439.7,439.3,439.8,438.8,440.5,440.2,441.2,441,441.6,441.5,440.9,439.5,440.9,440.1,439,438.8,440.2,441.2,438.4,440.1,438.5,440.6,440.4,441,439.7,441.3,440.1,440.3,441.8,439.3,441.3,441.5,439.6,440.6,440.2,441.3,439.7,441.3,438.3,437.3,441.1,439.7,439.7,439.2,439.1,439.9,440.6,442.6,439.2,440.4,441,440.2,439.1,439.1,441,439.7,440.2,440.9,438.9,440.3,440.1,440.6,441.5,441.8,439.9,441.2,438.8,439.2,439.3,440.6,439.8,438.5,439.2,438.9,439.7,440.4,439.6,440.3,441.5,437.6,438.5,438.1,439.4,440.9,440.6,439.2,439.7,439,439.5,440,438.7,440,441.4,440,440,440.9,441.1,440,439.7,440.1,441,440.5,440,437.8,440.8,441.2,440.7,439.5,438.7,440.5,439.9,440.5,440.4,440.5,439.6,439.7,440.5,440,440.3,440,441.4,438.8,439.4,439.8,439.6,437,439.8,439.6,439.2,439.5,439.7,440.3,441.1,440.1,439.3,439.9,439.8,437.8,440.6,440.1,438.8,438.9,439.4,441.3,441.2,437.6,441.7,440,439.6,440.5,439.4,441.4,439.5,438.3,438.5,439.5,440.1,441.1,437.6,440.8,438.7,440.3,440.7,441.8,441.4,439,439.1,441.5,440.5
440.4,440,440,440.2,440.3,439.8,440.7,439.9,440.6,439.5,439.7,441,440.2,440.3,439.1,440.7,440.5,440.2,439.7,440,439.6,439.6,439.7,439.1,439.9,440.8,439.8,440.2,439.1,439.9,439.6,439.9,439.3,438.9,440.4,439.5,439,439.1,439.6,440.1,439.6,440.4,440.1,440.1,440.8,439.3,440.1,439.8,439.3,440,439.7,439.6,440,439.8,440.8,439.5,440.4,441.1,439.5,439.6,440.3,440,439.1,440.6,440.3,440.2,439.9,439.3,439.9,439.8,439.6,439.5,439.2,440.2,439.2,440.1,438.4,439.9,439.9,440.3,440.5,439.6,439.5,440.1,440.1,440.7,440.7,439.6,439.2,440.4,440.6,440.7,440.5,440.4,439.9,440.3,439.7,441,439,439.4,440.1,440.5,439.7,439.8,440.4,440.2,439.2,439.9,440.1,439.6,440.6,440.4,439.9,440.8,440.1,439.7,439.7,440.3,440.2,439.2,440.4,439.9,440.3,440.4,440.9,440.8,439.5,440,440.2,440.6,440.3,440.2,439.9,440.1,440,440.5,440.2,440.2,440.3,440,439.3,440,439.5,439.8,439.9,438.8,440.1,440.8,439.1,438.3,438.8,440.1,439.9,440.6,439.3,439,440.5,441.6,437.2,440.9,438.8,441,439.4,440.4,439.7,439.8,439.3,441.4,441.4,440.3,440,440.4,439.3,439.6,439.5,438.8,440.2,440.9,440.3,439.3,441.6,439.2,439.6,441.1,440.5,438.4,440.6,437.2,440.3,440.4,439.6,438.1,441,440.6,439.7,438.6,440.7,439.5,440.6,439.8,440.9,441.6,439.9,440.7,440.6,440.3,439.3,438.6,439.7,440.4,438,439.1,439.5,439.5,440.1,441.3,438.8,441.2,440.2,440,440.9,440.3,440.7,439.9,440.4,440.9,441,439.7,441.1,440.5,440.3,437.9,440.3,440.3,441.3,441.2,438.8,439.4,441.5,440,439.1,441.1,441.3,440.1,438.5,439.4,438.9,439.6,439.8,440.7,441.5,439.1,439.7,439.2,440.4,440.5,439.8,441.3,439.6,441.9,438.3,441.1,440.2,439.8,438.5,440.1,438.1,439.2,440.5,438.3,440.5,440.4,440.4,440.2,438,442,441.1,439.5,439.8,439.7,440.4,438.6,439.6,440.6,441.4,439.7,442.1,440.5,438.5,440,440.1,443.4,439.3,439.4,440.8,440.9,440,439.4,441.6,439.5,439.6,440.2,442.1,439.3,439.9,439,440.4,437.4,440.7,440.2,438.4,438.5,438.4,440.5,441.8,439.2,439.6,439.6,439.2,440.2,439.7,441.9,441.8,441.2,441.6,439.9,440.5,440.5,440.6,439.6,438.9,440.6,439.5,439.9,440.4,441.2,440.5,440.3,441.2,440.6,438.8,439.7,439.8,440.9,440.2,439.2,439.4,440.6,441,441.1,439.1,442.3,440.5,439.6,438.7,442.1,438,440.2,440.6,441.4,439.7,440.5,441.5,440.2,440
439.3,439.5,440.2,439.4,440,440.1,439.3,440.1,439.7,439.7,440.6,440.2,439.8,440.7,440.3,439.8,439.2,440.1,439.7,441,440,440.4,440.8,440.3,439.2,439.6,439.6,440.3,439.2,440.4,439.2,440.4,440.4,439.9,439.2,439.8,441.2,440.2,439.8,440.3,440.2,439.7,440.3,440.1,438.9,440.6,440.6,440.6,440,439.6,439.4,440.1,439.4,439.7,440.5,439.4,440.1,438.7,440.6,440.7,440.4,440.3,440.1,440.5,440.2,440.1,440.2,439.6,440.1,439.8,440.3,439.6,439.7,439.6,439.7,439.9,440.7,440.4,439.5,440.6,439.2,440.1,440.6,440.9,440.6,439.4,440.3,440.9,440.6,439.8,439.3,440.7,439.8,438.9,439.1,439.4,440,439.6,440,439.3,440.6,439.8,440,440.3,439.6,440.1,440,439.6,440.5,440.2,439.8,439.9,439.8,439.3,440.3,439.8,439.9,440.3,439.4,440.7,440,440.3,440.1,440,439.9,439.3,438.7,438.6,439.5,440,440.3,439.2,439.9,440.3,439.9,439.6,440.4,440.9,440.9,440,441.1,440.4,440.2,439.7,440,441.7,440,439.4,440.5,440.8,438.9,440.4,441.1,441.8,440.2,438.6,441.4,440.8,439.5,441.1,441.7,440.3,440.4,441,440,440.1,439,439.9,440.2,438.1,437.9,441.5,440.3,439.3,442.7,439.7,439.8,437.9,440,438.9,440.3,441.5,441.5,439.2,440.8,440.5,438,440,440.6,439.8,440.3,441.3,441.2,440.4,440,440.2,439.8,440.2,438.9,440.7,439,440.4,439.5,439.8,440.1,439.5,439.2,440.5,440.6,439.5,439.9,440.7,439.5,439.6,441.7,440.2,439.6,439.9,440,440.2,441.3,440.3,440.2,440,438.6,437.2,439.5,439.6,440.1,440.1,439.4,439.9,439.6,440.6,439.6,440.2,439.9,441.6,441.4,440.9,439.3,440,438.6,439.7,440.3,438.2,439.1,441.3,439.2,441.6,441.1,440.8,440.1,440.4,439.5,440.2,440.6,440.4,438.2,440.2,440.5,440.2,440.2,439.1,441.1,439.5,440.3,440.5,439,439.8,441,440,440.4,439.2,439,439,439.3,439.7,439,440.1,438.9,441.3,440.5,439.7,438.5,438.8,440.3,437.7,441,440.3,440.6,441,440.8,440,441.3,438.8,440.6,440.1,439.7,439.7,439.7,440.8,439.5,440.6,439,441.8,438.9,438.7,439.1,440.6,440.2,438.3,441,438.4,441.6,439.1,440.4,441.2,438.4,440.5,441.8,440.7,441.4,441.4,440.3,440.7,440.5,439.6,441,440.7,438.8,439.7,438.8,439.8,440.6,440.2,440.6,439.9,439.8,439.3,440.9,439,442.1,439,439.6,440.3,439.7,440.4,440.8,439.9,438.2,440.4,440.9,439.8,440.4,439.7,440.9,441.2,439.2,439.5,440.1,441.1,439,440.1,439
440.8,440.1,440.1,439.8,439.8,441.1,440.1,440.1,439,439.9,439.8,439.3,440.5,439.1,439.3,439.8,440.4,439.5,440.2,439.7,440.1,440.2,440.2,440.5,440.8,439.7,439.2,440.1,439.7,440.3,440.9,439.6,440.7,439.4,441.3,440.3,439.3,440.4,440.1,440.1,439.9,439.9,440,440.3,439.5,438.4,439.6,440.4,440.1,440.3,439.7,439.6,440,440.3,440.2,439.7,439.9,439.6,441,439.4,439.9,439,440.6,440.3,440.7,440.7,439.5,439.6,440.3,440.2,440.4,439.3,440.3,440.6,439.8,440.3,439.8,439.6,440.9,440.6,439.2,440.5,440.1,440.6,439.5,440.3,441.2,439.8,440.6,440.3,439.7,440.6,439.9,440.4,439.2,440,439.8,440,439.7,439.1,440.7,440.6,440,440.6,440,439.4,439.6,440.2,439.8,440.5,439.7,439.9,439.1,440,440.2,439.9,440.2,440.8,439.3,439.6,440.2,441.1,439.8,439.7,439.3,440.4,440.4,439.3,440.3,439.6,440,439.1,439.4,440.1,440.2,441,440.3,440,440.2,440,440.4,439.1,439,439.8,440.1,441.5,440.2,438.9,440.9,440.4,438.4,439.9,439.4,441.3,440.2,439.5,440.5,439,439,439.4,440,440.3,439.3,439.9,439.7,440.9,440.8,439.4,439.9,440.5,439.4,438.5,440.9,441.9,439.3,440.5,439.8,440.6,439.8,440.8,440.5,440.6,439.6,438.7,439.9,439.7,438.2,440.7,439.8,438.6,441.1,440.1,439.4,440.7,440.2,438.7,440.6,439.1,440.7,439.4,441.2,439.4,440.3,441,442.4,439.5,440.4,440.1,440.1,440.4,440.1,439.8,437.7,439.6,438.5,440.4,439.5,439.8,438.9,438.2,440.3,438.6,440.5,439.2,440.8,440.2,441.1,439,441.1,441.1,440,439,442.6,438.7,441.6,440.5,440.9,438.3,439,439.9,439.7,439.6,440.7,438.9,439.2,441.2,439.7,441.7,440,440.3,440.9,439.3,441.2,439.8,440.4,440.7,438.2,441.9,440.8,443.2,440.1,439.8,440,441.8,439.7,440.9,440.8,440.3,439.6,440.1,441.1,439.9,440.5,442.1,439.6,439.5,441.2,440.2,439,438.8,440.4,440.4,441.6,439.4,440,441.2,439,440.6,441.3,440.3,439.1,441.9,441.2,441.3,438.5,439.8,439.2,439.2,438.7,442.1,440.5,439.7,440.2,440.2,440,439.9,440.9,439.5,440.9,441.9,440.7,440,439.8,440.2,441.6,441.7,442.8,438.8,440.2,440,439.7,440.1,440.6,439.2,440.8,441.3,439.5,440.6,441.2,441.5,439.5,441,438.2,440.9,441.2,439.6,439.2,440.5,439.3,441.8,439.4,441.5,441,439,437.9,440,440.1,440.2,440,441,442,440.4,440.4,439.2,437.8,438.6,440.5,441.8,439.3,440.7,440.2,442.9,438.8,440.1,440.7
440.2,439.7,440.2,440.5,440.3,440.7,440.3,439.9,440.6,440.4,439.5,439.8,439.9,439.6,438.5,439.6,440.2,440.8,440,438.9,440,439.8,440,440.5,439.6,440,438.6,439.1,440.4,440.2,440.8,439.4,439.7,440.1,440.3,439.7,440.1,440,439.5,440.8,440.4,439.9,439.9,440,439.5,440.2,441.3,440.7,439.2,440.4,440.2,440.4,440.3,440.1,440.5,440.1,439.9,440,440.3,439.9,440.4,440.4,439.1,440.1,440.4,439.6,440,440.2,440.3,439.8,440.5,439.7,439.9,440.2,439.9,440.1,439.7,440.5,439.9,439.5,440.6,441.3,440.5,439.7,440,440.9,439.5,439.4,440.3,441.2,440.4,439.8,439.9,439.9,439.3,440.4,440.2,438.6,440.2,440,439.7,439.8,440.5,440.5,439.4,438.4,439.9,440.2,440.5,438.8,440.5,439.8,440,439.9,440.3,439.2,440.1,440.2,439.8,440.9,441.2,441,439.8,439.8,439.7,439.4,440.6,439.7,439.8,439.7,440,439.6,440,440,440.7,440.3,439.4,439.8,439.7,440.2,440.5,440.4,439.1,440.4,440.4,438.6,440.5,440.4,438.7,439.9,440.8,440.7,439.7,439.1,440.4,441.7,441.2,440.4,439.7,439.9,441,441.3,438.3,440.1,439.5,440.7,439.2,441.2,439.2,439.1,439.5,438.9,440.2,439.6,441.5,440.2,439.6,440.6,442,441.3,442.1,441.1,439.9,439.6,437.2,440.1,440.1,438.6,439.1,439.2,439.4,440,438.7,440.4,439.7,441.8,439.3,441.6,441.7,438.7,440.8,439.4,441.2,440.7,440.6,440.8,440.3,441.2,439.3,441.8,440.1,440.5,438.6,440.3,439.3,441.5,441.7,439.9,441.3,442.2,439.6,439.9,440.9,438.3,441.1,440.4,440,440.8,439.3,438,440.9,440.2,438.4,438.3,439.9,437.6,440.8,439.7,440.6,439.9,440.7,438.7,440.2,441.6,440,439.4,437.5,440,440.4,440.3,439.3,441.3,440.4,438.9,440.3,438.9,439.6,438.9,440.7,439.5,440.6,440,441.8,439.6,440.5,438.4,439.3,439.3,440.4,440.1,440,439.2,441.1,438.6,441.8,439.6,438.9,439.6,438.4,439.9,439,438.5,440.1,439.4,440.5,441.1,440.1,438.2,440.2,439.5,440.3,439.7,438.4,440.6,439.4,440.6,439.2,442.8,439.7,441,441.3,441.5,439.2,438.2,440.3,440.1,440.1,439.7,441.3,438.7,440.2,439.1,440.8,438.3,440.7,438.4,439.2,441,439.7,440.7,440.2,440.1,439.5,440.8,439.4,441.8,441.1,440,439.4,439.3,440.7,438.3,439.6,441.2,439.1,439.1,440.2,440.2,439.7,439.9,439.2,440.4,441.4,439.7,440.8,441,440.6,440.8,437.8,441.1,441.5,438.8,440.2,441.4,442.4,440.3,439.6,441.4,440.4,439.7,440,441.3,441.5,440.5,440
440,440,440,439.2,440.4,440.3,439.4,440.3,439.6,440.2,440.1,440.9,440.6,439.3,438.9,440,440.4,440.1,440.1,439.5,439.8,440.1,439.7,439.3,439.8,441,439.2,440,441.3,440,440.1,439.8,439.5,439.1,438.6,439.5,441,439.8,440.3,440.4,440.8,439.3,439.7,440.2,439.9,440.3,440.5,439.7,440.5,439.2,437.9,440.3,440.2,439.6,440,439.2,440.7,439.9,439.1,440.5,439.5,440.1,439.2,440,439.5,440.2,439.1,440,440.6,439.6,439.7,440.1,440.4,440.6,440.9,440.3,440,440.1,439.7,440.4,440.2,439.2,440.1,440.6,440.3,439.9,440.8,439.2,440.7,439.4,439.9,439.8,440.3,440,440.1,439.9,441,439.5,439.4,440.3,440.6,440,439.6,440.9,439.4,439.5,440.5,440.7,440.7,439.8,440.7,440,440.1,440.2,439.9,440.2,440.2,439.6,440.3,440,441.1,439.9,439.6,440.6,440.3,440.2,439.6,440.3,439.4,440.5,439.8,439.6,439.4,440.5,440.5,440.3,440.4,439.5,439.9,440.6,440.2,440.8,441.1,439.8,439.4,439.4,441.5,438.4,440,439.4,440.6,440.5,440.8,439,438.4,439.9,439.4,437.8,440,439.5,439.8,440.8,440.2,440.4,439.1,440.7,440.9,440.4,440.5,438.4,439.6,438.2,439.8,440.7,440.5,440,439.7,441,439.6,440.7,440.9,439.7,441,439.2,442.3,440.3,441.1,439.2,438.7,441.4,439.6,440.8,439.7,440.5,441.1,440.7,440.1,439.6,437.9,440.3,440.9,439.9,440.8,441.6,439.7,439.8,439.5,439.9,440.2,438.8,439.7,440,440.8,439.5,440.9,438.6,439.7,442.1,440.6,438.1,441.2,439.5,439.5,438.6,439.4,440.2,441.9,438.3,440,438.5,438.8,440.9,439.7,439.7,441.4,439.4,441.2,440.9,440.8,440.6,440.8,438.7,439.5,438.8,439.6,440.8,440.8,441.5,439.5,439.6,440.6,439.2,439.6,439.1,441.2,439.5,441,439,441.2,440.2,438.1,441.8,439,438.4,441.1,439.9,440.9,441.2,441.5,440.7,439.4,440.3,441,440.1,439.8,440.2,440.1,439.5,439,440.3,441.3,440.8,439.7,440.2,442.4,439.2,441.2,440.5,440.3,440.8,438.6,438.7,440.7,438.3,440.4,440.6,440.3,440.1,439.4,439.6,441.7,439.1,438,439.4,440.5,440.7,439.1,438.1,438.8,440.8,440,440.9,440.2,438.2,441.1,439.4,440.2,438.8,439.1,440.4,439.6,439.7,439.2,440.2,440.7,440.8,440.9,440.8,440.2,441.2,439,439,439.9,441.4,438.4,441.1,438.9,438.5,439.2,440.3,441.3,440.5,441.8,440.2,442.3,439.9,439.8,440,439.3,439.4,440.8,439.3,440.2,438.1,439.5,441.2,439.1,437.7,440.1,440.8,441.8,438.8,439.5,440.8,438.9
439.1,440,439.8,439.6,439.7,440.2,439.5,440.3,440.2,440.9,440.5,440.5,439.2,439.5,439.4,439.3,440.3,439.6,440.5,440,440.4,440,440.7,440.3,439.8,439.9,441,440.7,440.4,440.3,439.4,439.4,440.4,440.5,439.3,440,440.2,439.3,439.2,440.6,440.1,439.2,440.1,440.6,439.9,440.4,440,440.2,440,439.9,440.3,438.9,441,439.7,439.7,440.8,440.2,440.7,441.2,439.8,440.1,439.4,439.5,440.4,439.8,439.8,439.6,440,440.8,439.4,440.1,440.1,438.9,439.6,439.3,440,439.4,440.5,440.8,439.2,440,440.1,439.5,439.6,439.7,439.6,440.7,440.5,440.5,441,439.4,440.6,440.3,439.8,440.5,439.2,440.6,440.6,439.5,440.5,439.5,439.4,439.6,439.4,440.5,439.5,440.2,440.6,439.3,439.9,440.1,439.5,439.7,439.7,439.5,440.4,440.2,439.7,439.6,440.3,439.4,440.2,439.4,440.6,440.5,440.5,439.8,440.5,440.2,439.7,439.9,440,440.5,440.2,439.5,439.6,439.6,440.4,439.6,439.9,439.2,440.1,440.2,440.2,440.7,441.3,439.1,440,440.2,440.6,440.3,439.1,440,440,439.2,439.9,439.9,439.1,438.2,440.9,439,439,440.1,439.7,439.5,440.8,441.2,440.4,440.5,438.7,440.7,440.1,440.2,438,440.1,441,441,437.8,439.9,442.3,439.3,440.7,439.6,438.1,439.2,440.7,439.7,438.5,440.1,439.9,440.2,439.4,439.9,440,437.4,440.5,440,441.5,438.9,439.2,439.5,439.3,441.2,439.9,438.6,440.8,439.8,441.2,439.2,439.3,440.1,439.4,440.6,441.3,440.4,439.8,441.5,440,440.4,438.6,438.5,440.6,440.9,440.3,440.1,440.8,441.2,440.3,437.7,439.3,439.8,439,439.8,441.2,440.3,438.4,439.5,439.6,440.6,440.6,441.4,440.5,440.7,439.9,439.4,439.9,440.9,439.2,438.3,438.8,439.3,438.8,437.7,440.5,441.1,439,439.7,439.9,440,439.4,440.5,440.2,439.6,439.9,441.7,439.8,440.7,438.4,440.2,439.1,438.6,438.9,440.5,440.4,441.9,442.1,439.3,440.8,439.4,441.5,441.6,440.7,439.9,440.6,439.9,439.7,441.1,436.9,438.3,439.9,441.9,439,440.8,439.7,440.8,439.9,438.9,438.7,440.8,440.3,439.7,441.2,439.4,439.8,439.5,440.5,440.7,440.4,439.2,439.6,438.9,439.4,441,440.4,441.9,441.1,439.3,442.1,439.1,441.9,438.6,441,439.2,438.3,439.6,441.4,438.2,440.3,441.5,439.6,441.2,440.1,441.2,440.8,442.1,440.2,442.5,440.4,441.3,441.1,439.4,440.3,438.6,442.9,440.5,439.1,439.5,439.4,437.7,439.6,440.8,440.5,440.9,440.5,439.5,441.8,439.1,438.5,439.9,440.6,439.3,438.6,441.9,439.5,441.1
440.5,440.1,439.4,440.3,440.6,440.4,439.2,439.8,439.3,440.5,440.2,439.5,439.9,439.7,440,440.2,440.2,439.7,439.8,439.2,439.5,440.4,440,440.1,440.2,440.1,440.4,439.4,440.5,440.2,439.8,440.3,439.2,440,439.6,439.9,440.7,439.2,441.2,440,439.6,440.5,440.3,439.3,439.9,440.3,440.2,439.8,439.9,439.4,439.9,439.4,439.5,440.3,440.2,440.4,440.4,440.3,439.3,439.8,439.2,440.3,440.3,440.3,440.6,439.9,439.9,439.8,440.2,440.8,440.2,441.3,438.8,439.9,440.4,440.4,440.4,440.6,439.3,440.5,440.5,439.8,439.7,439.4,440.5,440,439.9,440.1,440.2,440.5,440,440.4,440,439.5,439,439.3,440.6,440,440,439.7,441.1,439.4,440,440.4,439.5,439.8,439.6,440.3,440.6,438.8,439.5,439.8,439.8,440.7,439.8,440.3,440.3,441.2,440.1,440.6,439.5,439.7,439.7,439.5,439.7,440.4,440.3,440.5,440.2,439.8,439.1,440.6,439.8,440.3,439.5,440.1,439,440,439.7,439.3,441,440.1,439.2,439.6,440.1,439.7,438.8,439.8,440.2,440.9,438.8,438.4,440.9,440.5,439.6,440.5,439.1,440.7,439.8,440.7,440.9,438.5,439.9,439.7,439.8,439.2,440.5,438.4,440.9,440.6,440.1,439,437.3,439.3,439.4,440.1,440.8,439.3,439.3,438.1,438.8,441.7,441.2,440.2,440.4,441.6,440,439.8,441,440.5,440.5,437.7,440.5,440.6,440.7,440.9,439.4,439.4,439.5,439.8,441.1,440.9,440.2,440,439.9,440.2,438.8,440.4,439.4,439.6,439.7,440,442.6,439.6,441,440.6,440.2,438.8,439.6,439.4,440.2,441.4,439.9,439.5,440.9,440.8,440.9,438.2,438.5,441.4,440.3,438.7,438.6,441.3,439.5,440.2,441.6,441.9,440.7,440.9,441,439.3,440,441.6,437.8,439.4,440.7,438.4,441.6,441.8,438.3,440.2,440.7,441.8,440.9,441.5,439,439.1,438.5,440.7,441.4,440.7,440,438.6,440,440.9,438.3,440.5,440.1,440.8,441,440.5,439.5,440.5,441.3,440,439,442.1,439.2,441.5,440.3,441.5,440,438.8,440.1,438.6,441.2,439.7,440.6,439.3,439.2,437.5,439.4,440.2,438.5,439.4,440.5,438.7,440,440.6,439.7,442.6,439.3,441.9,440,439.4,441.2,441.5,440.4,439.7,440.2,438.2,439.2,438.8,440.9,440.1,440,440.3,438.2,439.9,440.6,440.4,440.3,439.7,439.5,441.8,440.2,437.7,441.7,440.7,441.3,439.9,440.9,439.3,439.3,438.1,439.4,440.6,440.7,439.2,440,439.6,440.7,437.6,440,439.9,439.7,442.8,438.4,438.9,441,439.3,439,439.2,440.3,439,440.8,440.1,436.2,440.1,439.5,438.2,440.1,440.7,440.1
440.2,439.6,440.1,439.8,441,440.4,439.6,440.4,439.6,440.4,439.8,439.9,440.3,439.8,439.3,440.7,439.2,439.8,440.7,440.3,439.7,440.3,439.9,440.8,439.6,440.1,440.9,439.8,439,439.8,439.7,440.1,438.6,439.9,440.2,439.2,439.8,439.9,439.6,440.5,440.9,439.6,438.7,439.8,440.1,440.1,439.7,439.5,439.4,440.1,439.3,440.3,441.1,440.5,439.9,439.7,439.9,439.2,439.9,440,440.5,439.4,439.8,441,440,440,439.2,440.7,440.6,440.4,439.3,439.6,439.7,440.5,439.7,440.1,440.5,440.7,440,440.3,440.1,440.1,440.3,440.8,439.7,439.6,440.6,439.9,440.9,439.5,439.8,440.1,440.1,439.9,440.4,439.8,439.8,440.6,439.8,439.8,440.2,440.7,440.1,440.2,439.3,440.3,439.6,439.9,439.5,439.8,440.3,440.1,440.5,439.5,440.1,439.6,440.2,441,440.2,439.7,440.5,439.2,439.9,440.1,438.8,440,439.3,441.4,439.9,439.5,440.9,440.3,440,440,440.2,440.1,440.2,439.5,439.9,439.8,439.6,440.1,441,439.7,439.6,440.9,443.5,439.7,440.9,439.2,440.7,439.6,439.6,440.5,440.1,440.9,439.7,440.4,439.9,439.5,441.3,441.1,438.8,438.7,439.3,439.6,440.5,440.2,440.4,439.5,439.6,441.9,440.3,439.3,442.4,438.4,440.8,440.5,441,439,440.2,439.4,440,439.4,440.2,440.3,441.7,440.6,438.9,440.6,440.6,440.3,440.8,439,440,440.1,440.5,440.6,439.1,441.2,439.1,440.8,440.2,439.2,441,441.4,440.4,438.7,439.3,439.2,440.1,439.8,439.8,438,439.4,439.3,439.9,439.3,441.1,440.4,439.9,438.8,439.4,439.3,439.1,439.9,440,439.3,440.6,440.4,440.9,440.5,441.5,439.5,440,438.9,441.6,438.8,442.6,440.8,440,439.2,442.2,440,439.8,439.7,441.2,440.9,439.6,439,439.5,440.4,438.4,439,441.4,440,441,439.2,439.8,437.9,439.5,437.8,440.2,438.9,439.8,440.9,440.1,440.7,441.2,439.5,439.9,440.6,441.5,440.9,440.3,438.9,440.9,442,440.6,438.6,440.5,439.5,440.6,440.3,438.9,440.8,439.4,440.5,439.1,439.8,441.8,440.3,440,440.6,440.6,439.4,440,439.2,441.6,439.5,438.2,439.9,439,440.1,440.9,441,440.5,440.2,441.2,439,441.1,440,440.7,439.3,441.5,440.6,439.6,440.2,439.6,439.6,439.4,438.6,440.8,440.3,439.4,438.9,440.7,441.9,440.1,443.1,440.9,438.7,438.8,439.8,440.8,441,441,441.1,438.6,439.2,439.6,439.9,439.3,438.3,438.3,440.2,439.6,438.8,440.9,441,439.1,440.9,440.1,439.3,438.5,439.5,438.4,439.6,440.6,440,442.1,441.5,440.3,438.4,439.1
439.7,440.5,439.9,440.1,438.9,440,440.1,440,440.1,440.2,440.4,439.8,440.7,439.6,440.1,439.5,439.5,441.3,439.8,440.5,439.8,440.4,439.9,440.1,439.6,439.8,440.6,440,439.4,440.1,440.3,440.3,440.1,440.2,440.1,440.1,439.6,440.3,440.1,440.4,439.8,440.4,439.6,439.9,440,439.4,440.5,440.9,440.2,440.5,439.3,439.9,440,439.9,439.8,440.2,439.4,439.9,439.8,440.8,440.4,439.8,440.9,440.4,439.6,440.3,440.1,439.7,439.5,439.4,440.1,439.8,439.3,439.8,439.8,439.9,440,440.5,440.2,440.1,439.9,439.7,439.6,440.4,440.4,440.2,440.6,439.8,439,440.8,439.1,440,440.8,439.1,439.6,437.7,439.8,439.8,440,439.6,440.1,440.4,440.6,440.2,439.8,440.4,440.6,439.6,441,440.5,440.2,440.1,439.6,440.6,440.7,439.6,440.1,440.4,440.1,440.1,439.5,441.3,439.5,440.3,439.2,440.4,440.5,440.2,440.2,439.7,440,440.3,440.6,440.4,439.1,440.4,439.7,440.6,440,439.5,439.8,440.8,439.5,439.8,439.5,440.2,438.9,440.5,439.3,440.7,440,440.3,438.1,440.8,438.5,440.4,440.2,441.5,439.3,439.6,441.2,439.7,440.4,440.6,442.2,440.6,440.8,437.8,440,440.4,440.4,439.4,438.7,438.4,438.5,440.3,440.2,437.8,439.5,439.5,440.4,439.4,440.4,440.6,439.7,440.9,440.3,439.8,440.7,441.9,440.9,441.9,439.8,438.9,439.4,439.4,440.5,439.1,439.4,439.3,440.2,440.5,440.2,439.2,440.7,439.9,439.4,440.6,439.1,441.2,440.8,441.3,439.9,439.3,441.4,441,440.4,440.7,441,441,439.1,441.4,440.6,440,439.4,440.1,440.4,439.2,439.8,439.1,440.2,440.6,437.6,440.1,440,439.4,440.6,439.9,440.8,440.8,439.3,440.6,438.6,441.7,441.5,440.3,438.9,441.1,440.3,439.5,440.3,440.1,440.4,440.3,440.2,441.5,441.4,441.1,441.2,439,440.2,440,439.5,439.6,441.4,441.8,439.6,440.6,439.6,441.6,441.1,438,439.4,440.5,439.8,440.3,440.3,440.8,440.9,441.1,441.7,440.3,438.7,438.8,440.1,442.7,440,438.4,440.7,441.8,439.6,439.7,439.2,440.3,440.2,440,441.1,440.7,440,438.2,441.1,441.2,440.1,439.8,441.4,438.8,439,440,440.3,440.8,440.1,439,440,439.2,440,439.9,439.2,439.1,440.7,439.1,441.3,440.6,440.3,440.6,441.1,440.5,438.8,439,440.4,439,439.4,438.7,439.4,440.5,438.9,439.6,439.9,440.4,440.8,439.3,438.8,442.4,439.2,440.2,440.7,440.1,438.8,440.1,438.6,439.9,440,439.3,440.2,440.3,439.4,440.1,440.5,439.5,441.2,438.7,437.9,439.9,441.6,439.7,439.2
439.9,440,439.7,439.9,440.1,439.6,439.9,440.3,439.7,440,439.6,440.1,440.4,440.1,439.9,440,440.4,440.5,440.9,439.7,439.9,440.4,439.5,440.3,440.3,440.8,440.3,440.2,439.9,440.3,439.6,438.9,439.6,440.2,440.8,440.4,439.7,439.3,439.9,440.2,439.2,439.8,440.1,440.2,439.9,439.9,439.5,440,439.7,440.2,440.5,439.8,439.9,440.2,440.6,440.1,440.1,440.8,439.7,439.4,440.1,439.5,439.8,440.6,440.8,439.7,439.9,440.4,440.1,439.8,440.2,440,439.4,439.3,438.7,440.8,439.3,440,440.4,439.3,440,440,439.9,440,439.8,439.8,440.1,440.2,439.2,440.2,439.4,440.4,439.6,440.5,440.3,439.9,439.3,439.6,439.4,439.9,440.2,440.1,439.4,438.7,440.2,440.5,440.4,439,440.1,439.3,439.2,440.8,440.2,440.6,439.5,439.5,440.3,440.3,440.1,440.3,440.2,440.4,439.7,440.4,440.4,440.3,439.6,440.5,440.3,439.9,438.6,441.2,439.6,440.9,439.5,440,440.2,440.1,440.2,439.6,440.3,440.6,440,440.1,440.6,439.5,439,441,439.9,439.6,438.9,441.2,439.6,439.7,441.1,440.2,441.5,440.1,438.9,440.4,439.9,440.6,440.6,439,441.4,439.6,440.3,439.9,440.2,440.2,439.7,440.1,439.5,438.2,439.1,439.6,440.3,440.6,439.8,440.5,439.2,439.1,439.7,438.1,438.4,440,440,439.7,440.5,441.3,439.8,441.4,441.1,439.7,441,440.1,439.5,439.6,440.2,440.1,439.2,440.1,440.1,439.6,439,440.9,440.4,439.7,438.8,440.6,440.5,440.8,439.3,440.3,441.4,438.7,438.8,439.6,439,439,440.5,439.5,440.5,439.9,440.9,439.5,440.4,441.7,439,441,440.3,440.4,438.2,438.9,440.3,440.9,439.9,440.2,439.7,440.5,439.9,440.8,438.3,440.6,439.9,437.9,441,439.1,440.5,438.6,440.6,440.1,438.8,441.1,441,439.9,440.4,442,438.1,440.4,440.5,440.5,440.9,440.4,441.2,440.2,441.4,439.5,439.8,437,440.6,441.5,440.6,442.3,440.4,440.2,438.9,439.6,439.6,437.7,440.2,441.6,442,438.3,439.6,440.6,440.6,439.5,440.3,436.8,438.7,440.1,440.5,440.5,440.3,441.2,440.2,439,438.8,443.2,438.3,439.4,438.8,437.9,441.9,439.7,439.8,440.2,441.5,440.3,438.9,441.9,439.7,440.4,439.8,438.7,439.6,440,440.6,440,439.3,439.8,440.5,441,440.7,439.1,440.2,440.7,438.6,439.2,438.1,441.7,439.6,440.6,439.4,437.9,440.2,439.5,440.3,440.1,440.9,439.2,440.3,441,438.4,438.9,439.2,439.8,438.8,440.3,440.1,438.5,440.7,440.6,439.1,439.7,441.1,438.9,441.5,438.2,438.9,439.9,441.2,439.7,438.1
440.2,439.7,440.2,440.1,440.4,439.6,441.3,440.3,440.7,439.8,440.5,440.3,439.5,439.8,440.6,440,440.2,441,439.3,439.7,439.4,440.2,440.5,439.7,440.2,439.7,440.1,440,440,440,440.5,439.9,439.7,440.8,440,439.5,440.2,439.3,440.3,439.4,439.8,440.6,439.8,438.6,440,439.7,440.4,439.8,440.2,439.4,439.2,441.1,438.7,439.3,439.7,440.3,440.1,439.5,440.2,440.4,440.3,440.6,440,440,439.9,439.5,440.1,439.7,439.9,439.9,439.5,439.9,440,439.7,440.2,438.7,439.7,439.7,441.5,439.5,440.4,439.5,440,440.4,441,439.8,439.9,440.4,440.3,439.4,440.1,439.3,439.7,440.1,439.8,439.7,440.3,439.1,439.3,439.7,440,439.3,440.8,440,439.3,440.6,439.9,439.8,440,439.7,440.1,439.3,439.8,439.8,440.2,439.6,439.8,440,439.7,439.5,439.6,439.6,440,440.3,440.6,439.6,439.3,439.5,440.2,440,441,440.5,440.3,440.8,440.8,439.8,440.1,440,440.7,439.9,439.7,439.6,440.3,440.6,439.6,439.4,440.9,442,441,440.7,441.2,439.6,437.6,439.4,440.1,439.4,439.9,440.5,440,441.2,442.4,439.9,441.9,439.6,440.3,440,439.7,438.8,439.1,438,442.2,440.1,441.6,439,440,440.9,439.6,441.7,439.2,439.6,441.8,439.5,439.4,439.7,441.1,440,440.3,440.6,440,440.8,439.9,438.9,440.3,438.9,440.4,439.9,439.2,439.1,438.7,439.1,440.6,438.5,439,440,441.9,440.5,440.5,439.8,440.2,442.1,438.8,440.7,440.3,440.6,441.9,440.2,439.4,438.4,440.6,438.3,439.4,441.8,439.1,439.4,440.2,440.4,441.9,440.7,440.5,439.4,440.5,437.7,441.1,440.8,439,439.8,440,440.6,438.8,439.5,441,439.9,440.8,441.1,439.7,439.5,439.8,438.8,438.5,440.2,439.4,438.9,441.3,441.5,439.6,439.3,439.1,440.1,439.6,437.9,440.8,439.4,439.8,440,442,440.5,439.5,441,440.2,440.3,440.7,440.7,438.7,440,439.2,439.8,439.9,441.4,440.7,441.4,438.5,441.6,440.8,441.1,440.9,439.5,439.8,441.7,438.8,439.5,440.2,440.4,441.5,440.1,441,440.2,438.6,439,439,438.9,439.2,439.4,439.3,437.5,437.4,440.9,439,440.5,440.4,438.7,441,441.5,438.7,438.5,440.6,441.4,438.4,440.4,440.3,440.6,440.9,438.9,440.5,438.7,440.2,440.3,439.2,440,438.8,439.8,438.6,439.2,438.4,440.8,438.6,440.6,439.4,439.1,440.3,439.2,439.4,440.3,440.4,440.7,440.4,440.8,439.2,439.4,439,440,440.5,440.3,441,440.5,439.5,441.4,440.4,438.9,439.3,439.1,437.6,442.1,438.6,441.1,438.6
441.4,440.1,439.4,439.9,440.7,440.5,438.9,440,440.7,440.1,440.8,440.3,440.3,439.8,440.1,440.4,439.9,439.9,440.2,440,439.9,439.9,440.9,440.4,440.7,440.4,440.2,440,440.8,439.7,440.3,440.2,440.6,440.5,440.9,439,439.5,439.6,440.2,439.8,438.9,441.3,440.2,440.9,440.2,440.1,439.7,439.8,440,440.3,440.2,440.2,440.3,439.5,440.4,440,440.2,440,441,440.3,441,439.3,439.4,440,439.8,440.7,439.4,439.5,441,440.4,439.4,439.8,439.9,440,440.3,439.7,440.1,440.8,439.4,439.8,440,439.8,438.9,440.4,439.4,439.6,439.6,439.2,439.9,440.2,440.3,439.9,439.9,440.2,439.4,439.5,441.1,439.6,439.8,439.8,439.6,439.3,440.9,439.9,440.6,440.5,439.7,439.6,439.9,439.9,440.2,440.3,439.7,440,439.4,440.6,439.9,439.4,440.5,440.3,440.1,439.8,441,440,439.3,439.7,440.1,439.7,440,440.9,439.6,440.4,440.4,440,440,439.4,441.1,439.5,439.4,439.9,439.5,439.3,439.5,439.7,440,440.2,439.6,440.1,439.8,441.2,439,440.3,441.3,440.1,441.2,440.5,439.2,440.9,440,439.4,442.5,439.5,439.9,441.6,439.6,439.8,439.9,438.3,438.8,440.7,439.2,441.1,440.6,441,442.1,440.6,440.4,440.8,441.3,440.7,439.8,439.2,438.4,438.5,438.4,440.1,439.4,439,440.7,441.1,437.8,439.2,440.6,437.7,439.7,440.5,441.7,439.5,439.9,439.5,440.9,441.6,441.6,439.1,439.3,440.9,440.7,439.4,439.1,440.7,441.1,440,440.3,440.6,439.7,438.2,439,441,439.1,440.5,440,439.8,440.7,440.7,439.4,440.5,439.1,439.8,440.7,439.8,438.9,439.7,437.4,440.6,437.8,440.1,438.7,436.9,440,440.5,440.3,439.5,439.8,439.7,440.3,439.1,440,440,440.9,440,440.9,440.3,441.5,440.4,439.1,438.9,441.4,441.7,439.4,441.1,440.6,439.7,440.5,440.1,440.6,440.8,440.4,439.6,440.2,440.9,439.8,440.8,441.5,438.5,442,441.4,439.6,441.2,441,437.9,441,438.4,441.1,438.4,438.6,441.4,440.7,440.2,442.6,438.8,440,439.3,440.2,440.5,438.6,438.5,439.6,438.5,438.4,440.2,440.3,440.1,439.1,440,440.4,440.7,441,440.6,439.5,440,440.2,440.6,438.9,440.9,438.5,441.7,439.2,439.2,439.4,440.3,441.1,440.5,440.5,440,438.8,440.2,439.9,440.6,440.9,438.7,440.6,439.9,442,439.3,439.2,440.1,440.2,440.1,441.1,441,439.4,440,440.5,440.9,439.9,438.7,441.9,439.6,441.1,441.8,440.5,440.6,439.4,440.5,439.8,440.4,441,439.5,439.7,440.7,439.2,440.2,439,439.2,440
439.2,439.9,439.3,440.2,440.4,439,439.7,441,439.2,440.1,440.2,440.2,439.6,439.8,439.9,440.1,440.4,440.3,439.8,440.3,440.3,440,440.1,440,440.8,439.5,439.6,439.8,439.6,439.5,439.4,440,439.2,440.1,439.4,439,439.6,440,440.3,439.8,439.6,440.1,439.9,440.3,440.9,440,440,440.7,439,439.2,440,439.4,440.8,440.2,440.4,440.1,439.3,440.7,440,440.2,441.2,439.8,439.4,440.5,440.2,439.8,440.1,438.5,440.4,440.6,440.7,439.5,439.8,439.7,440.3,439.7,439.9,440.7,440.4,440.4,440.3,440.7,440.4,440.5,439.8,439.5,439.8,440.7,439.6,440,440.4,439.6,439.7,440.1,440.7,439.3,440.1,440.7,439.9,439.6,439.5,439.6,440.8,440.7,439.4,439.2,439.7,440.4,440.9,440.2,439,440.4,440.5,438.9,439.8,440.6,439.6,440.3,440.4,439.7,439.2,439.7,440.6,439.9,439.5,439.9,440.2,441.1,439.8,440.7,440.6,440.2,439.2,440,440.2,440.5,439.8,440.3,440.6,439.9,440.2,440,440.4,440.6,439.9,439.2,440.6,440.2,440,440.1,439.8,440,441.7,439.2,439.8,440.4,439,439,440.8,439.5,441.3,439.2,439.1,439.7,437.4,442.7,440.6,440.5,440.6,441.1,439.9,440.1,442.3,440,440.2,440,439.4,440.8,439,438.8,440.2,440.5,441.2,440.6,438.8,441.4,439.9,439.5,438.8,438.9,438.7,439.3,439,439.7,440.7,439.7,438.9,440.4,440.4,441,439.7,440.8,439.6,437.8,438.9,440.2,440.7,440.4,440.9,437.9,439.4,439.7,438.6,439.8,439.6,440.8,441.9,440.8,439.5,438.2,439,438.8,441.9,441.2,442.5,441.6,437.3,438.3,440.7,442,438.9,439.7,441.2,440.4,438.6,440.7,440.3,439.4,441.3,440.7,439.3,439.3,438,440.3,439.3,439.3,439.6,438.7,439.3,439.3,440.1,441.6,440.2,440.8,440.7,440.9,439.1,439.6,437.9,439.4,440.6,439.4,439.5,441.7,440.9,440.2,438.5,440.9,440.8,438.5,440.6,440.5,439.8,440.1,438.7,440.9,442.2,441.3,438.7,440.7,439.9,439.6,440.9,440.5,439.4,439.1,440.3,441.3,439.7,441.3,441.3,440,440.1,440.6,439.7,441.3,440.4,440.6,439.3,440.9,438.7,441.3,440.2,438.5,438.9,439.8,440.9,439.6,441.4,441,439.7,440.4,437.5,439.6,439.7,439.5,440.6,440.5,439.3,440.6,440.6,439.6,439.5,439.5,440.7,439.4,439.3,438.6,439.9,441.8,441.4,440.5,440.2,440.8,440.3,439.6,441,438.8,438.7,440.6,442.2,439.6,440,439.7,438.6,439.3,440.2,440.7,439.4,439.2,441.1,440.1,441.2,438.1,441.3,441.3,440.6,440.4,440.8,440.1,439.1,439.6,439.7,439.6,440.8
439.3,440.2,439.3,439.3,439.4,439.7,440.2,439.7,440.5,440.4,440,439.7,439.6,439.8,440.2,438.9,439.4,439.5,440.3,440.1,440.1,439.4,439.5,440,439.1,440.3,439.9,440.2,440.1,439.8,440.3,439.8,440,439.5,440.8,440.2,440.8,440,439.4,440.1,440.3,439.5,439.8,440,440.2,439.7,440,440,439.6,441,440.2,440.4,440,440.2,440.2,440.1,440.5,439.7,441.1,440.7,439.3,439.4,440.7,440.3,440.3,439.8,440.2,440.4,439.5,439.7,440.2,440.7,439.9,439.9,441,440.2,440.4,439.7,440.4,439.9,440.4,439.3,440.1,440.6,440.7,440.2,439.9,440,439.5,440.6,439.7,440,440.5,440,440.3,439.7,439.8,440.4,440.7,440,438.9,440.6,439,439.8,440.4,439.7,439.1,439.3,439.1,441,440,440.5,440.8,438.8,439.7,438.8,440.8,440.8,439.3,441.5,439.8,441,440.2,441,439.8,440,440,439.8,439.6,440,440.3,439.8,440.4,440.6,440.6,439.8,440.3,439.5,439.5,440.2,441,439.7,440.4,439.7,440.1,439,440.5,442.2,439.8,441,441.1,442.1,437.5,439.6,439.5,440.1,438.8,441.1,441.4,440.4,438.9,439,440,441.4,438.4,441.1,440,438.2,441.8,441.1,437.9,441.9,438.3,440.8,438.3,440.8,439.8,440,439.6,439.4,440.4,442.1,441.8,438.8,440.6,439.6,441.3,440.7,440.1,440.4,439.6,440.1,440.7,439.7,437.9,437.6,440,441,441.2,440.7,440.3,439.6,440,441.6,439.7,441.7,438.3,440.7,439.6,439.9,440.3,441.4,441.1,439.9,439.4,439.4,441.1,439.4,439.2,440.1,438.4,439.5,438.4,438.9,440.4,439.7,439.9,439.5,439.5,439.8,440.3,440.6,439.6,441,440.7,439.5,439.2,438.8,440.1,440.4,439.8,440.1,439.2,441,440.8,439.9,439.5,440.3,439.5,440,439.4,440.8,440.2,441.5,438.7,441.8,438.9,441.1,439.8,438.3,440.4,441.7,440.2,438.9,440.5,438.9,440.4,438.4,439.5,440.1,439.2,441.5,440.3,438.7,438.5,441.2,440.2,438.4,440.7,440.7,441.8,440.5,439.5,440.7,439.4,439.9,438.9,439,441.4,440.6,438.5,438.9,441.2,440.5,441.5,439.1,439.7,440.6,439.4,439.8,440.1,439.5,440.6,439.5,437.8,440.7,440.6,440.7,438.3,440.4,439.9,442.1,442.5,440.1,441.5,442,440,440.4,440.6,439.6,438.9,438.4,440.3,440.8,439.7,438.8,440.6,439.4,440.2,439.1,441,440.8,440.4,439.5,439,438.1,439.5,439.8,441.1,439.3,438.9,441.2,438.6,440.3,440.2,437.7,441.9,438.8,440.8,440.1,439.9,438.4,439.3,440.1,439.6,441.2,440.1,440.1,440.6,440.3,439.2,439.4,440,440,439.3
440,440.6,440,440.1,440.6,439.3,439.4,439.6,440.6,440.1,440.4,440.3,439.7,440,439.9,440.4,440.5,439.9,440.1,440.4,439.9,440.4,440.1,440.1,439.3,440.5,441.7,440.4,440.3,439.9,439.4,439,440.2,440.1,440.4,440,440.3,440,439.7,440.5,440.4,439.9,439.3,440.2,440.2,439.8,440.1,439.7,439.1,440.2,439.5,438.2,439.9,439.9,440.6,439.2,440.3,440,440.1,439.4,440.3,439.9,440.7,439.7,439.3,439.7,440.5,439.5,439.7,440.1,440.3,438.8,440.4,440.2,439.2,440.5,440.2,440.3,440.1,439.9,440.3,439.9,440.3,439.9,439.5,440.9,439.5,440.9,439.9,440.4,440.3,440.2,439.8,440.8,439.2,439,440,440.1,440.3,440,440.7,439.8,439.7,440.1,440.6,439.8,440.5,440,440.4,439.2,439.7,439.1,439.3,440.2,440.1,439,439.2,440.1,440.2,439.9,439.6,440,440.1,439.8,440.3,440.9,440.8,439.7,440,440.1,440,439.9,439.7,439.5,439.9,439.3,439.1,440.1,440.5,440.1,440.7,440.7,440.5,438.9,440.1,439.5,439.8,439.8,439,439.6,440.5,439.5,440.8,440.8,438.9,438.7,439.3,440.7,439.1,438.7,438.3,439.6,440.3,441,440.6,442.4,439.2,440.9,440,439.6,438.7,439,441.6,441.8,440.8,440,440.3,440.2,438.8,439.7,440,439.7,438.7,441.4,438.9,438.7,440,439.6,439.7,441.9,440.5,439.7,439.3,438.4,440.2,440.2,440.2,438.9,441.1,441,438.7,440.2,439.9,439.9,440.5,440.8,439.9,440.1,440.4,439.5,440.5,437.8,439.1,440.4,440,440.9,439.5,440.5,440.2,439.4,441.9,440.2,439.9,439.6,437.2,440.9,441.1,440.9,439.9,440,441,439.6,438.5,440.1,439,439.2,439.6,438.6,438.7,440.9,439.2,439.8,441.1,440.5,440.7,438.4,440,440.4,439.4,439.7,438.6,441.5,439.6,440,441.1,442.3,439,439.7,441.7,439.9,439.7,438.7,440.5,441.1,441.6,442.4,439.7,439.9,440.5,442,438.4,439.5,439,439,440.1,439.9,439.8,441.6,440.6,439.2,438.9,440.2,441.9,440.6,441.5,441,440.9,440,439.1,440.5,440,439.8,440.6,438.9,439.2,439.6,440.8,440.4,440.7,440.5,439.6,439.7,439.1,441.6,440.1,440.4,441.6,440.3,441.4,439.9,440.1,440.3,441.5,442.1,440.1,439.4,439.8,439.1,440,440.1,439.5,439.4,438.8,440.2,439.4,439.9,442.6,439.6,441.4,438.4,440.4,440.3,440.4,439.2,440.1,441,440.8,438.5,439.4,440,439,439.4,439.3,441.6,438.4,439.1,439.2,439.7,440.6,440,440.4,439.8,440.1,438.6,440.7,441,440.9,439.8,441.2,439.3,438.8,440.6,440.5,440,438.8
440.4,440.8,439.7,440.8,440.3,440.1,440,439.4,439.9,439.8,441.1,439.7,439.1,440.5,440.3,439.9,439.6,439.5,440.5,440.3,440.3,439,440.1,441.2,439.9,439.4,439.7,440.9,439.3,440.8,440.4,440,440.5,439.8,439.4,439.8,439.7,439.1,439.1,439.9,439.9,440.1,439.9,440.4,439.4,440.4,440,440.5,439.6,439.7,440.6,439.8,439.6,440.1,440.3,439.6,440.2,439.7,439.4,440.4,440.8,439.4,439.4,439.5,439.9,439.9,439.2,438.6,439.7,440.4,440,439.9,440.8,440.3,440.6,440.1,441.3,439.3,440.2,440.3,440.7,440.5,439.5,439.8,440,440,439.4,439.4,440.2,440.1,439.7,440.1,439.4,439.4,439.3,439.8,440.4,440.4,438.8,438.8,439.4,438.7,440.3,440.4,440.1,438.9,440.8,440.3,440.5,440.2,440.9,440.1,439.3,440.2,439.5,440.3,440.1,441,440.2,440.4,439.8,439.4,439.6,440.9,440,439.6,440.4,440.3,440.2,440.8,440.4,440.1,440.5,439.6,439.9,441.1,439.1,440.1,440.4,440.4,440.8,439.9,439.2,439.2,440.2,441.2,438.6,441.5,440.9,437.6,440.8,439.6,440,437.8,441,439,440.5,438.6,438.9,441.1,438.7,442,440.3,441.3,438,440,440.8,438.1,440,441.1,441.4,440.8,439.2,439.7,439.8,439.9,441.2,439.4,440.6,441.3,441,440.2,439.1,440.1,439.9,438.3,438.2,441.4,440.9,439.7,441.2,441.3,439.8,441,437.1,439.9,440.2,441.2,439.8,439.3,440.4,441.2,441,440.2,440.6,440.8,438.7,437.5,441.4,440.2,439.9,439.9,440.3,438.3,438,441.2,441.4,439.2,438.3,441.9,439.3,439.9,439.1,440.2,441.4,440.3,440.5,439.8,440.3,440.3,438.4,439.1,440.6,440.4,439.8,438.5,440.9,439,440.5,438.8,441.4,440.9,441.5,440.6,440.6,442.8,438.1,441,440.4,440.4,439.5,440,440.1,440,440.9,441.1,439.2,439.5,438.4,438.3,438.1,441.3,440.8,439.8,440.8,439.8,440.3,440.5,440.6,439.7,441.6,440.9,439.3,441.2,440.8,439,439.7,440.4,439,440,439.7,439.1,438.7,440.8,440.2,440,440.2,439.9,439.5,441.5,441.2,440.5,441.7,439.4,439.7,441.7,439.1,440.4,439.5,440.7,441.6,439.6,440,440.6,440.1,439.8,441,440,440.2,439.4,439.5,442,442,439.4,439.1,441.4,441.4,438,441.4,441.5,441.1,440.4,437.7,439.2,441.1,440.5,440.2,441.1,439.6,440,439.9,440.2,439.9,440.1,439.6,438.7,438.6,440.3,438.3,440.3,439.3,440.4,440.2,436.9,441.9,438.7,439.7,441.2,439.4,440,438.7,438.2,442.4,439.1,440,439.2,440,439.5,439.4,440.3,440.6,441.2,439.6,440.3,439.6
439.3,439.4,439.8,440.2,440,440.1,440.2,440.2,439.7,439.4,439.9,440.1,440.3,440,439,439.1,440.8,439.8,439.7,439,439.9,440.1,439.7,440,439.8,440.1,440.2,439.6,441.3,439.7,439.4,441,440.5,439.8,440.4,440.1,440.5,438.7,439.8,440.1,440,439.7,440.1,440.2,440.1,439.5,440.6,440.7,440,440.4,440.2,439.9,439.8,440.3,440.1,439.3,440.1,440.2,439.6,439.4,439.7,440.5,439.5,439.8,440.1,439.3,440.1,439.4,440.3,440.6,439.9,440.2,440.9,439.8,439.5,439,439.7,439.7,440.1,439.9,439.2,439.4,440.4,440.6,440.1,439.9,440.4,439.7,439.7,440,440.2,439.6,440,440.3,439.4,440.1,439.7,439.3,440.3,440.7,440.3,439.8,439.5,439.7,438.9,440.1,440.5,440.3,440.2,440,440.4,439.7,440.7,439.8,439.8,439.7,440.4,440.2,439.3,440.6,440.7,439.7,439.6,439.3,440.7,440,440.7,439.4,440.5,440.7,440,439.7,440.6,440.4,440.3,440.2,440.4,439.6,439.8,440.5,440.2,440.3,440.2,441,439.3,440,440,440.6,441.2,439.2,441.4,439.9,439.2,440.6,438.7,440.1,440.3,439.9,440.6,440.5,440.4,440,439.8,441.7,440.7,439.9,439.3,441.6,440.1,438.5,441,438.9,439.7,439.4,440.3,438.8,439.4,439.9,441.1,439.1,440.1,439.9,441.8,440.5,439.3,440.8,441.3,440.4,441.8,439.9,439.9,438.9,441.2,438.3,440.4,438.2,437.8,441.1,440.3,439.7,440.3,443.5,440.7,440.1,440.7,441.5,439.9,439.2,439.4,441.1,438.9,439.9,441.4,439.9,438.1,438.2,439.7,439.5,439.6,438.8,437.6,439.1,440,442.1,440.6,441.1,439.8,439.1,440.1,440.9,441,439.3,440.5,439.3,440.2,440.5,441.9,438.6,438.8,439.8,440.5,440.4,438.7,441.7,440.4,440.9,441,439,440.6,440.9,439,442,438,440.1,442,440,441.1,439,440.7,438.7,439.4,441.3,439.4,437.2,440,440.4,440.2,438.7,439.6,438.4,440.1,440.4,440.4,439.9,440.3,439.5,440.7,440,439,441,440.5,438.8,440.6,440,441.1,439.6,438.7,439.5,439.1,440.5,440.2,438.6,439.8,439.6,440.5,439.5,440.8,442.4,437.8,439.1,439.6,440.2,438.7,441.1,439.7,439.8,440.3,439.6,439.4,441.8,438,441.2,439.1,438.9,440.8,441,440.6,440.7,439.3,438.8,439.5,439.1,440.8,439.8,439.7,439.3,440.7,440.9,439.4,439.5,440.8,438.6,441.4,438.9,440.2,438.5,442,440.4,440.5,440,439,441.3,440.3,441,440.7,439.1,439.7,439.7,439.8,439.4,440.9,440.9,440.5,441.8,440.7,440.6,439.5,439.9,440.5,441.3,439.8,439.1,441.3,440.3,439.7
439.7,439.4,439.3,440.2,439.8,440,440.2,439.4,440,439.7,440.2,440.5,440.2,440.6,440,440.7,439.6,440.3,439.9,440,440.3,440.3,440.2,440.4,439.9,439.8,439,440.4,440.2,440.6,440.1,440.1,440.6,440,440.2,440.5,440,439.1,440,439.5,439.6,440.1,439.7,440.3,439.4,440,440.5,440.3,440.1,439.7,440,440.3,439.2,440.3,439.9,440.4,440.1,440.3,440.2,440.8,440.4,440.7,440,440.1,440.5,440.2,441,440.1,439.6,439.8,440,439.3,440.1,440.6,439.8,441,441.5,439.9,440,440,440.3,439.2,439.6,439.6,440.6,439.7,439.9,440,441.2,439.6,439.7,440.2,440.1,440.9,439.7,440.1,439.7,440.4,439.8,439.7,439.4,440.1,439.4,440.5,439.9,440,440.7,440.7,439.6,440.1,440.3,438.7,439.8,439.7,440.8,439.1,439.6,440.2,440,440,439.6,439.8,439.6,440,440.9,439.6,440.6,441.5,440,438.9,440.4,440.4,439.2,439.8,440.2,440.4,440.8,440.4,440.2,439.7,439.5,440.8,439.8,440.3,440.8,440.6,440.2,440.4,440.4,439.7,439.8,439.6,438,439.4,440.4,439.6,438.7,438.5,441.6,440,440.9,438.4,439.3,440.4,440.6,439,440.2,439.4,440,439.9,440.4,439.2,440.2,440.6,441.5,440.3,440.6,439.5,441.2,438.4,438.9,440.3,440.7,440.8,441.6,440.4,439.3,439,442.1,439.2,440,439.6,439.2,440.8,440.3,439.3,438.9,439.7,439.2,438.6,439.6,441.1,440.3,443.1,440.9,440.4,440.2,440.7,440.8,439.7,438.5,441.2,440.2,440.7,440.2,441.5,439.1,440.2,440.5,438.1,440.9,440.7,440.1,439.4,440,441,439.7,440.3,442.3,440.3,438.6,439.2,439.1,440.1,438.9,439.8,440.4,439.7,440.8,439,438.1,440.1,439.3,439.5,439.7,440.1,440.6,437.8,441.1,442.3,439.6,438.6,440.3,438.5,441.8,439.5,441.3,440.4,440,440.7,438.1,440.2,438,438.5,439.6,438.3,440.5,442,439.1,440,440,441.1,439.4,439.6,439.9,442,439.4,438.7,440,440.5,439.7,439.7,440.8,440.3,439.4,441.3,439.5,440,440.2,442.9,440.7,439.7,442.5,439.4,440.5,439.7,439.6,439.4,441.3,441.8,440.3,440.9,440.3,439.2,438.4,440.2,439.8,439.2,440.4,439.6,440.5,439.8,439.8,440.7,439.2,439.9,440.5,440.2,440,440.5,440.6,438.3,438.9,439.6,438.4,440.8,438,440.8,439.3,440.3,440.4,440.2,437.6,440.2,441.7,440.2,440,439,439.9,441.5,442.1,439.5,441,439.7,439.8,440.7,439.3,439.7,440.8,437.1,438.8,438.7,438.9,440.6,439.3,439,437.2,440.8,439.2,439.7,439.6,439.8,440.9,437.5,440.4
440.2,439.4,439.8,439.7,440.8,440.2,440.6,440.1,439,440.5,439.8,439.9,440.4,440,440.1,440.4,440.3,440.4,441,439.7,438.9,439.6,439.7,440.5,440.1,439.5,439.4,440.2,440.5,440,440.4,440.9,440.3,439.8,438.9,439.8,440.1,439.2,439.6,440.1,439.4,439.8,439.5,439.5,440.4,440.4,440.2,440.3,440.1,440.1,440.5,440.8,440.4,440.1,440.4,440.6,440.3,439.2,439.9,440.5,439.5,439.7,440.6,439.6,440,440.1,439.6,439.1,439.1,440.2,440.1,439.7,439.3,439.6,439.7,439.1,439.8,439.7,439.3,439.8,439.1,439.6,440.2,440.4,439.8,440.5,440,439.8,439.6,439.8,439.1,440.4,440,439.9,439.7,441.1,439.5,440.2,440.3,439.5,439.9,439.8,440.1,439.5,439,440.2,439.7,439.8,441.7,440.6,439.9,439.8,440.1,440.2,439.6,440.5,439.5,440.1,440.1,440.6,439.7,440.5,441.4,440.6,440,439.6,440.5,439.6,440.1,439.4,440.1,440.1,439.6,439.5,440.3,439,439.7,440.1,439.7,439.9,439.6,439.8,439.1,440.2,439.8,441.3,438.8,439.8,440.9,442.4,441.9,439.7,437.6,439.6,439,440,441.1,438.6,439.4,440.1,440.8,441.2,440.1,439.7,441.2,441.5,439.3,438.8,439.2,438.4,438.8,440.1,440.9,439,439.9,439.3,438.8,439.5,439.2,440.7,439.3,440.8,441.8,439.3,438.2,438.5,440.9,439.6,440.2,439.4,439.9,440.5,440.6,440,441.2,440.9,439.9,440.7,439.5,438.6,442,439.5,439.2,440.5,440.5,438.5,439.3,440.2,441.3,439.7,438.6,440.2,440.3,441.2,440.2,440,439.9,441.7,439.4,441.5,441.6,439.7,440.3,439.4,439.5,440.5,440.1,441,440.6,439.6,437.1,440.2,442.4,439.9,439.9,440.6,438.8,441.7,441.4,441.3,438.5,441.2,440.5,441.2,439.7,442.3,438.8,441.1,440.4,440.4,440.3,439.2,441.3,438.6,440.2,440.7,440.1,439.9,441.4,440.7,441.4,439.1,440.8,439.4,441.5,439.5,438.9,439.4,438.4,437.8,440.4,439.3,441.4,438.3,441.1,439.6,439.9,440.6,439.5,439.6,441.1,440.6,439.3,441,438.3,439.3,440.1,441.5,441.1,440.1,440.1,439.6,440.1,440.6,439.5,441.4,439.7,439.4,440.7,439.9,439.1,440.6,440.7,438.6,438,439.1,439.3,441.3,441,440.2,441,440.4,438.7,440.2,438.9,441.1,439.8,440.9,441.4,441.5,441,438.9,441.8,437.5,438.9,439.3,438.5,438.7,439,438.8,440.3,439.8,439.9,440.3,440.5,438.9,439.2,439.5,441.6,440.7,440.4,442.3,437.9,439.9,442.3,439.4,439.2,440.9,439.3,440.3,440.2,438.9,439.1,440.9,438.8,441.6,440.4,440.4,440.4,439.5,439.1,439.5,439,440,440
439.7,439.3,440.1,439.7,440,439,439.7,439.8,439.2,440.3,439.8,440.8,440.1,440.5,439.6,439.7,440,440.8,440.2,439.1,439.5,439,439.3,440.5,439.6,440.5,439.8,440,440.3,440.3,439.4,440,439.7,440.5,440,440.5,439.7,439.5,440.5,440.1,439.5,440.3,440.7,439.5,440.2,440.3,440.2,440.2,439.3,440.8,440.1,440.1,439.5,439.7,439.4,439.8,440.6,439.8,439.3,439.8,439.6,440.4,439.9,440.5,440.1,439,439.2,440.1,440.4,439.5,439.8,440.7,440.4,439.6,440.1,440.4,439.5,440,439.6,440.1,439.4,439.4,439.9,440.2,440.1,439.3,439.6,440.5,440.7,439.2,440,440.2,439.8,440.3,440.1,439.9,440,440.1,440.2,440.7,439.9,439.9,439.2,440,440.1,439.4,439.5,439.7,440.9,440.2,440.4,439.3,440.6,440.3,439.8,439.9,439.7,439.7,439.9,439.6,440.4,439.8,439.5,439.6,439.5,440.4,439.8,439.8,440.1,439.5,440.1,439.7,440.1,441.1,439.7,439.6,440.3,440.4,440.5,439.6,440.2,440,439.6,439.7,440.6,439.4,439.9,440.3,438.4,439.4,439.1,439.6,438,440.9,441.7,440.9,440.1,439.8,440.8,439.3,441.6,440.3,439.4,441.7,440.9,442,439.9,441.2,439.2,440.4,439.8,439.1,439.2,439.6,440.6,439.7,440.1,440,440.4,440.9,439.8,441.3,439.6,440.3,439,440.5,440.2,439.8,438.9,439.8,439.6,439.5,439.5,441,438.7,441.3,439.1,440.9,440.5,438.5,440,439.3,442,440,438.8,440.1,439.4,439.6,438,440.2,441.7,439.3,439.1,440.5,439.5,439.4,441,440,439.4,440.1,441.4,439.9,440.4,439.6,441.4,440.9,441.1,440,439.8,441.2,440.5,439.7,440.9,440.2,439.6,440.1,438.2,437.8,440,439.3,440,441.3,439.7,439.1,441,440.6,438.8,438.7,440.1,439.9,441.3,440.2,441.7,440.1,441.5,440.2,440.3,440.4,440.5,440.1,439.6,440.1,439.4,438.8,439.9,441.3,439.3,440.3,439,440.6,438.5,438,439.8,440.3,440.7,439,441.4,439.4,440.6,439.4,439.6,441,439,441.5,438.4,439.8,439.5,440.1,439.2,439,439.6,439.9,441.3,440.5,438.7,439.8,438.6,440.1,439.8,441.8,440.1,439.3,439,439.1,437.6,439.7,440.1,440.2,439.4,441,439.7,439.2,441.6,440.7,440.1,441.1,438.7,440.9,440.7,439.1,438.9,438.8,439.8,439.5,439.9,439.9,440.1,441.5,440.8,438.3,440.6,440,440.5,440.6,440.7,441.5,439.1,440.5,439.4,440.4,439.5,440.8,440.7,440.4,439.3,438.7,440.5,441.9,440.8,438.6,441.1,438.6,442.3,439.7,439.7,439.3,441.4,439,439.6,439.3,438.3,440.6,442.1,439.5,441.5
439.6,439.9,440.6,440.2,439.6,440.7,439.7,439.9,440.9,439.4,441,440.1,439.5,440.6,439.3,439.9,440.7,440,439.7,440.1,440,439.4,440.7,439.6,439.2,439.6,440.4,440,440.1,439.9,440.4,439.6,440,440.1,439.7,440.1,439.8,439.9,439.9,440,439.8,439.9,440.1,440.9,440.3,439.5,439.9,439.9,440.4,439.7,440.6,440.4,439.4,440.4,439.7,439.4,439.5,439.6,438.8,440.1,439.6,440.1,440,440.1,440.2,440.1,440.3,440,440,439.8,440.1,440.6,440.9,440.1,440,440,439,439.1,440.2,439.7,440.1,439.6,440.1,438.8,440,438.8,441.4,440.1,440.1,440.2,440,441.1,439.8,440.7,440.8,440.1,440.3,439.6,439.7,440.4,439.8,439.5,439.6,439.4,440.3,440.1,439.9,440.3,439.9,439.9,439.1,439.2,440.6,440.1,440.9,440.4,439.9,440.3,439.9,440.3,439.8,439.6,439.5,439.9,440.7,438.9,440.5,439.9,440.9,440.3,440.3,439.2,440.5,439.4,440.5,439.5,440.1,440.2,439.9,439.7,440.3,439.5,440.6,441.1,439.7,440.4,440.2,439.9,439.5,439.2,440.2,443,441.4,440.4,440.1,438.1,440.6,440.2,438.9,438.6,440.2,439.3,439.7,439.1,439.1,439.9,439.7,440.7,439.9,440.3,440.7,438.9,441.8,439.5,439.5,439.8,439.8,438.5,438.3,439.5,440,440.6,438.9,439,441.1,438.5,439.3,439.8,440.3,439.7,439.9,439.8,440,439.9,440.1,439.5,437.8,441,439.2,440.4,439.4,439.9,439.4,439.7,439.1,439.5,439.1,440,440.2,441.1,440.3,440.8,440.2,438,440.4,438,439.6,440.3,439.1,439,437.9,439.7,439.7,439.2,439.6,441.1,440.3,440,441.1,440.6,438.7,441.4,439.7,439.8,440.1,438.7,439.4,442.1,439.3,438.2,439.7,441.5,440.8,438.7,441.8,439.2,442.1,439.2,441.2,440.2,439.5,439.7,438.6,440.1,439,440,439.8,440.9,441.9,440.1,439.8,440.6,439.9,438.8,440.4,440,440.7,439.3,439,441.1,439.5,439.4,439.8,439.6,441.7,439.2,440,440,440.4,437.9,439.3,439.2,439.3,439,439.9,440.8,439.3,440.3,437.9,441.1,440.5,440.8,440.8,440.2,439.1,442.3,440.4,441.5,440.8,442,440,439.7,440.6,439.4,438.7,441,440.3,439.3,439.3,441,440.7,438.6,440.5,439.9,439.9,438.4,438.9,439.6,439.5,441.3,438.7,439,439.4,439.4,440.7,440.9,439.6,441.2,438.9,438.5,440.8,439,439.2,438.7,440,440.8,439.4,438.7,439.4,439.5,440.1,441.6,440,440.4,439.1,439.1,439.9,439.5,439.3,441,439.6,437.2,441.2,438.3,440,439.2,438.9,439.8,440.4,440,440.8,440.7,439.9,440.6,440.2
440.6,439.3,440,440,440.5,440.1,439.7,439.5,439.3,440.7,439.4,438.9,440.2,440,439.6,440.7,440.1,439.9,440.4,439.6,439.9,440.9,439.7,439.1,440.7,440.4,439.7,439.9,440.4,440.4,440.1,440.1,439.7,439.6,440.1,440.7,439.9,440.4,440.3,440.2,440.5,440,440.7,439.5,439.7,440,439.9,439.9,440.1,439.9,440.3,440.4,439.6,440,440,440,440.6,439.9,440.4,440.4,439.1,440.6,440.3,439.5,440.6,440.2,440,440.4,438.7,439.8,441.8,440,440.6,439.9,440.2,440.1,439.6,439.8,439.8,440.2,439.9,439.7,439.8,440.4,440.6,439.3,440.6,440.2,440.2,439.8,439.9,440.1,439.2,440.1,440.5,440,440.7,439.9,440.6,440,440.2,439.8,439.6,440.9,439.6,440,439.3,439.5,440.9,439.5,440.2,439.7,439.4,441.1,440.2,440.6,440,440.1,439.5,439.8,439.8,440.3,439.6,440.2,439.4,439.6,439.4,439.5,440,440,440.4,439.6,439.9,440.9,440.7,440.6,439,439.4,439,440,441.2,440.3,439.2,441.3,441.1,441.1,442.1,441.5,441.4,440.4,439.7,440.9,439.5,441.4,439.8,440.9,439.8,439.1,439.1,438.5,441.2,439.7,440.7,439.8,438.2,438.2,439.9,440.3,439.6,440.5,440.8,440.9,439.4,439.8,439.5,440.8,440.1,439.6,439.1,439.7,438.4,440.6,440.2,440.6,438.9,439.6,441.5,439.7,442.2,442,440.4,439.7,439.4,440.5,439.9,440.8,439.7,440.5,440.6,439.8,439.8,439,440.3,440,438.9,440.8,439,437.2,439.6,439.3,439.6,440,440.1,438.1,439.8,440,439.8,439.8,439.2,440.5,440,440.1,440.5,439.9,440.4,440.4,439.5,438.6,441.5,440.6,442.1,439.3,440.8,441.1,440.3,440.3,440,439.8,440.6,441.7,440.5,438.3,440.1,439.5,441.4,440.4,441.1,439.8,439.8,440.8,440.4,440.4,439.2,438.6,441,439,439.5,439.8,438.8,439.3,441.7,440.7,441.2,439.6,440.7,441.1,438.1,440.2,441.1,440.3,439.3,439.6,439.2,439.1,437.8,439.7,440.1,439.9,439.3,440.9,439.3,439.8,439.6,441,439.8,440.2,439.3,439.3,441.4,440.4,439.5,437,441.6,439.4,439.6,439.5,440,440.2,440.5,439.3,440,440,441.6,439.2,440.1,438.9,441,440,439.6,439.3,437.8,440.3,440.2,439.8,440.3,440,437.9,436.2,438.3,438.5,439.5,438.5,439.1,439.9,440.6,439.2,440.5,440,440.3,439.8,440,440.4,439.5,440.9,439.5,439,439.4,440.5,439.8,439.7,439.5,440.1,439.4,441.1,440.7,439.5,440.3,440.4,440.7,440.2,440,440.1,440.3,440.6,438.7,440.2,439.9,439.7,439.1,440.1,437.3,440.1,439.2,438.3,440.8
439.7,439.2,439.8,440,439.9,439.4,441.1,440.4,440.5,440,440.5,440,438.9,440.4,440,440.5,440.2,439.3,439.3,440.7,439.7,439.9,440.3,439.9,439.8,440.3,440.5,440.1,440.6,440.7,439.4,440.8,440.2,440.1,440.4,440.1,439.2,439.4,440.2,439.3,439.6,440.3,439.6,440.6,440.7,439.9,440,440.2,439.2,440.3,440.3,440.8,440.6,440.1,439.8,441,439.7,440.2,439.9,440.1,440,438.6,439.9,440,439.5,439.7,440.2,440.7,440.3,439.7,439.8,439.6,440.2,440.9,439.9,440.4,439.9,438.9,439.8,440.4,440.7,440.2,439.5,440.3,438.8,440.9,439.8,439.9,440.4,440.2,439.8,439.9,440.8,439.4,440.5,440.5,439.6,439.9,439,440.6,440.2,440.6,439.6,440.5,440.8,439.1,439.6,440,439.1,440.6,439.9,440,440.2,439.4,440.1,439.2,439.8,439.5,439.7,439.8,440.2,439.8,440.6,440,440.5,440.5,439.7,439.9,439.9,439.5,439.9,440.6,440.4,439.4,440.1,440.6,440.6,440.2,440.3,439.8,440.1,439.3,439.6,439.7,439.9,441,440.3,439.7,439.5,440.8,442.1,439.9,438.4,440.7,440.7,439.8,438.6,439.5,440.4,440.8,439.7,440.6,440.5,441.4,440.9,439.8,440.3,439.4,441.9,442.6,439.6,439.5,440.9,437.8,440.1,439.7,441.5,439.5,438.4,440.2,441.1,439.7,441.4,439.2,439.9,441.7,440.1,439.9,440.3,439.3,442.6,440.3,440.5,439.7,440.4,439.7,437.9,439.7,440.4,440.2,439.8,439.8,440.6,440.5,438.9,439.6,438.5,439.6,440.2,439,440,440.8,441.2,440.3,439.8,439.5,439.7,439.7,439.7,438,439.7,439.7,440.1,440.2,440,440.8,441.1,439.8,439.1,440,440.4,440.7,439.9,440.1,438,441.5,439.7,438.2,440.2,440.1,439.6,441.4,438.8,440,441.9,438,439.3,441.2,440.6,439.7,441.1,440.5,439,437.4,439.4,440.6,440.9,441.3,439.3,440.6,438.5,440.3,440.3,441.7,438.5,441.4,440.6,439.8,440.4,439.9,438.6,439.7,437.8,440.8,440.6,440,440.8,439.7,438.6,439.5,438.9,440,439.4,440.5,439.6,440.3,440.1,441.9,440,440.3,441.1,440.5,439.4,440.3,440.8,440.1,440.4,441.3,439.8,438.6,438.4,438.4,439.9,440.8,441.1,439.7,440,441.1,439.9,439.9,440.2,438.6,441.4,441.4,440.4,440.6,438.2,441.1,441.2,437.8,439.5,441.3,439.9,440.6,438.9,442.2,441.3,439.6,441.3,438,438.9,440.2,440.2,441.7,438.9,440.9,441.7,440.4,440.8,439.5,440.9,439,440.7,438.3,438.6,439.8,438.1,439.4,440.1,437.7,438.8,438.9,440.9,439,439.5,440.7,440.7,439.5,439.2,442.2,441.3,437.7,440.4,438.6,440.1
440.3,440.2,439,440.3,440.6,439.2,439.7,440.3,440.3,441,439.6,440.2,439.7,440.9,440.2,440.3,439.5,439.6,440.4,440.4,441,439.1,439.9,440.4,440,440.4,440.5,439.2,440,441,439.2,440.5,439,439.9,439.6,440.6,439.8,439.7,439.2,440.4,439.5,439.8,439.7,440.8,440.3,439.8,439.1,440.8,439.6,439.8,440,440.9,439.2,440.6,439.8,440.8,439.5,440.7,440.2,440.5,440.1,440.4,440.3,439.4,439.5,439.9,440.7,439.7,440,440.2,440.3,440.1,441,440,439.8,440.1,440.5,440.8,439.4,440.7,440.3,440,440.7,440.8,440.6,440.4,440.6,439.9,440.6,440.1,440.1,440,439.9,439.8,439.5,439.8,440.4,440.3,440.6,440.2,439.9,439.8,439.9,439.9,440.5,440.4,439.9,440,439.8,439.8,440.7,440,440,441,439.4,439.6,439.8,440.3,440.5,439.9,438.4,440.1,439.4,439.8,440.3,439.9,439,438.9,439.6,439.3,439.6,439.8,440.6,441.3,439.9,439.4,440.2,439.8,439.6,440,440.1,440.3,439.9,440.2,439.1,440.6,440.2,440.1,439.7,441.2,440.4,438.4,441.5,439.5,440.1,441.4,439.8,438.9,440,439.6,441.9,439,438.7,438.5,441,439.8,439.7,438.5,440.2,439.5,438.4,440.8,441.1,439.3,440.7,438.8,440.4,441.6,439.1,440,440.9,441.8,441.3,438.6,438.3,441.8,439.7,439.9,439.7,439.3,441,439.1,441.8,439.7,439.1,439.9,440.4,440.1,440.7,441.8,440.9,438,440.3,438.8,438.9,441.9,439.2,439.2,440.8,442,440.8,440.8,442.1,439.4,439.9,439.1,440.5,442.1,438.7,440.4,440.6,440.9,441.1,439.8,439.7,441.3,440,440.2,439.6,440,440,442.2,440.4,440,442.4,440.3,439.5,440.1,438.6,439.4,440.5,440.2,441.1,439.7,440,439.6,441.9,440.3,439.5,439.2,440,439.9,441.3,440.1,439.5,440.1,440.5,439.7,440.2,442.1,440.6,438.5,439.2,440,439.7,441.6,439.4,439.9,439.7,441.2,438.8,440.2,439.8,440.2,438.9,439.9,439,440,441.2,437.2,440.4,440.3,440.8,439.6,439.7,439.7,441,440.3,439.2,441.4,439.7,440.4,439.3,439.2,439.4,441.1,440.4,440.4,441.1,440.3,438.6,438.1,441,438.9,439.9,440.4,440.1,438.2,440.3,440.5,439.9,439.5,438.8,439,440.4,438.7,439.9,440,440.9,440.7,439.7,440.2,440.3,439.8,439.9,439.2,440.6,439.9,439.9,439.8,440,440.3,440.7,438.8,443.9,440.1,440,439.6,439.2,441,439.4,439.8,441,440,439.9,440.6,440.9,442.6,439.9,439.2,441.4,439.7,440.9,439.6,439.9,441.2,441.4,441.7,441.9,441.1,440.1,441.5,439.7,440.6,440.4
439.7,439.9,440.3,440.9,440.2,439.6,439.7,440.5,439.6,440.8,440,440.1,439.9,439.6,440.2,439.4,439.1,439.2,440.8,440.7,440,440.1,440.1,439.7,440.1,440.7,440.4,440.4,440.4,439.6,440.4,440,439.9,439.6,440.5,438.9,440.6,440.1,438.8,439.4,439.8,440.1,439.6,439,439.6,439.8,440.6,440.3,440.8,440.7,440.1,439.1,441.6,440.6,439.9,441,439.3,440.4,439.1,440,440.2,439.1,439.9,440.9,439.3,440.5,440.5,440.9,439.7,440.9,438.9,439.5,439.8,439.5,440.2,439.2,439.8,440.1,440,440.4,439.6,440.1,440.2,440.4,439.4,440.4,439.9,439.9,440.3,439.8,439.3,439.7,438.5,440.7,440.2,440.2,439.8,439.7,440.7,439.8,440.5,439.5,439.9,439.4,439.8,441.1,439.3,440,439.4,439.7,440.4,440.4,439.6,439.7,439.8,439.7,439.7,440.7,439.1,439.7,439.7,440.7,439.9,439.8,439.6,440,439.8,440.1,440.1,441.1,439.6,439.2,439.7,439.9,441,439.6,441,438.8,439.2,440.5,440.5,439.8,441,439.9,440.7,440.5,440.4,440.8,440.1,439.7,441,439.1,439.1,439.4,439.7,439.9,439.9,440,438.4,440.4,440.7,438.5,440.1,442.1,439.2,440.5,439.6,439.3,440.2,437.6,440.3,438.7,440.2,439.9,438.2,441.4,439.6,440.7,441.1,439.2,440.4,440.7,440.5,440.1,438.8,440.4,440.4,439.8,440,438.4,438.9,439,439,440.9,440.3,441,440,439.8,439.3,441.1,440.7,439.4,441.7,441.6,439.4,440.2,440.1,441.4,440.6,440.6,438.6,439.9,439.8,439.7,440,440.5,440.3,439.5,439.4,440.3,439.4,438.7,439.5,440.8,440.6,438.7,440.5,439.8,440.4,439.1,439.8,441.1,439.8,440.6,440.5,440.1,440.4,440.8,440.1,442.1,442.1,439.5,439.8,440.2,441.4,439.3,440.7,439.5,440.2,441.2,440,439,441.5,440.2,440.6,439.6,440.3,440.9,438.6,438.4,440.3,440.4,439.7,440.1,441,440.4,440.1,441.2,440.1,438.6,439.9,440.1,438.8,439.6,440.9,438.4,439.9,439.2,439.9,439.3,441.1,441.8,440.3,440.5,439.7,440.8,441.4,439.5,440.8,438.1,440.8,439.3,439.9,439.2,439.1,441.5,440.3,439.1,439.4,440.8,440.2,440.9,440.3,439.5,438.2,440.5,438.9,443,439.7,441.7,439.7,439,438.5,438.7,440.7,439,442.1,438.7,440.4,438.4,441.2,440,441.5,440.2,439.9,439.6,441.4,440.5,439.6,441.2,439.4,439.8,440.7,439.4,439.2,440.5,439.5,440.5,441.2,439.6,440.9,438.9,439.3,439.8,440.1,440.6,439.9,439.7,439.3,440.8,440.2,439,440.8,440.2,439.9,438.9,440.4,440.4,442,439.4,441.8,440,441.6,441.4,439.7
440.1,441.2,440.6,439.8,439.8,439.8,440.5,440,440.5,439.7,439.8,439.3,439.5,440,440.4,439.6,440.7,440,440.1,439.9,440.2,439.9,440.4,440.1,439.1,440.2,439.4,439.7,439,438.7,440.1,440.4,440.1,439.5,439.7,439.3,440.4,441.1,439.9,439.7,440.1,439.9,439.3,439.5,440,439,439.9,440.1,439.9,439.9,440.3,439.2,439.6,439.9,440.5,439.5,439.9,439.1,440.2,440,440.2,440,439.7,439.7,440.4,439.7,439.2,439.1,440.1,441.3,440.1,440.6,440.8,440.3,440,440.4,440.1,439,440.2,440.3,440,440.6,441.1,440.2,440.4,439.8,440.3,440.3,440.8,439.4,440,439.8,439,440.3,440.5,439.5,440.3,440.9,440.4,440.6,440.5,439.4,440.3,439.7,440.5,439,439.9,439.8,439.6,439.2,439.9,440.1,439.3,440.1,440.7,439.1,439.8,439.5,439.7,440.2,439.3,439.9,439.4,439.3,439.6,440.4,439.9,439.9,439.6,440.5,440.5,439.5,440.8,440.6,440.3,440.4,439.9,439.6,440.6,439.4,440.7,440.2,440,440,439.6,439.8,439.5,438.6,439.7,439.6,438.7,439.2,437.5,439.4,441.8,440.7,439.4,441.1,440.6,440.2,438.9,440,438.9,440.3,440.4,440.9,438.8,442.1,439.9,441.2,439.5,439,440.5,440,440.3,439.8,439,439.7,442.5,439.9,440.6,439.8,439.6,440.1,437.2,441.1,439.1,438.6,440.5,439.7,441.2,438.9,438.8,439.3,441.1,440.2,440,440.5,440.4,439.5,440,440.7,440.4,441.1,440.8,439.2,440.8,439.5,439.2,438.6,439.9,439.8,441.2,439.5,439.6,441.3,439.6,440.8,440,440.2,440.1,441.4,440.6,439.3,438.2,437.7,438.7,439.5,439.8,439,438.5,439.6,440.4,439.3,437.3,439.7,439.4,439.5,441.2,440.4,439.3,441.1,439.8,439,439.8,442.2,439.1,437.5,440.3,440.5,439.2,439.4,440.1,439.7,440.4,440.6,439.1,438.8,440.1,440.6,440.2,441.5,438.7,440.4,438.2,441.3,440.8,439,441.7,439.8,439.1,439.7,441.6,441.1,440.7,440,440.8,440.6,441.1,439.7,439.1,439.4,439.4,440.7,437.9,440,440.6,439.1,442.2,440.8,439.5,439.6,441.3,439.2,440.7,440.2,441.2,440.1,439.8,439.4,439.7,440.7,440.1,441.8,440.4,440.3,439.6,439.5,441.1,439.5,439.9,440.6,439.9,440.6,438.9,440,439.9,440.1,439.8,439.8,438.9,441.5,441.4,440.3,439.4,441.1,439.5,438.6,441.7,440.8,438.8,439.9,439.9,439.4,439.8,440.7,439.1,439.8,439.9,439.2,438.9,440.7,441.9,440.5,439.1,438.6,439.8,439.6,441.8,440.9,440.8,441.1,440.2,440,437.6,440.8,441.3,441.2,439.7,440.9,440.2,440,438.4,439,441.8
440,439.9,439.9,440.2,439.7,440.4,440.2,440.4,439.4,439.8,440,439.1,440.4,440.6,439.1,439.6,439.9,440.4,440.2,440.3,440.5,439.3,440.1,440.2,440.5,439.9,440.3,440.6,439.9,440.5,440.4,439.9,439.7,440.2,440.2,439.7,439.8,440.5,439.5,439.8,439.1,440.3,440.4,439.5,439.5,440.2,438.9,439.5,440.8,439.2,440.5,439.8,440.1,439.7,440.5,440.1,439.7,440.1,439.5,439.3,440.3,440.5,438.7,439.8,440.4,440.9,440.1,439.9,440,439.5,440,438.9,439.4,440.1,440.8,439.5,439.8,439.5,440.6,440.1,440.6,438.8,440.6,439.7,440,439.8,440.8,439.9,439.7,440.3,439.3,439.7,439.9,440.2,439.5,439.5,439.8,439.4,440.1,439.1,439.7,439.6,440,439.8,439.4,439.8,440.2,441,440.4,439.2,440.1,441,440.2,440.1,440.4,440.1,440.3,439.7,440,440.7,439,440,440.8,440.5,439.8,440.5,440.4,440.4,440.3,440.2,439.4,439.7,439.8,440.2,439,439.3,441.2,440.1,439.3,439.8,440.2,440.9,439.8,439.4,440.7,438.3,438.3,441.8,439.4,437.3,439.3,441,439.4,439.6,439,440.2,439.9,441.4,438,439.2,440.8,439.4,440,439.6,440.9,439.5,437.1,437.8,440.7,440.6,439.9,439.6,439.1,440,438.1,439.8,438.4,440.8,438.2,438.1,438.7,441.9,438.3,439.7,439.8,440,441.7,439.2,441.1,439.8,438.4,439.8,439.1,441.8,440.5,441.1,440,440.5,440.3,439.7,439.4,441.2,439.3,439.9,440.7,441,441.7,441,441.4,440.6,440.6,439.5,439.3,439.5,440,440.5,440.1,440.7,440.3,439.1,439.9,440.8,439.5,441.9,439.7,438.2,440.5,441.4,441,437.8,439.7,439.6,440.4,440.2,439.3,440.6,439.4,443.3,441.8,440.2,439,440.1,439.8,441.3,439.9,442.4,439.7,441.9,441.7,440.8,440.9,439.8,441.9,441,440.6,440.1,440,440,441.9,439.7,440,440.8,439.8,438,440.4,441,440.1,440.5,439.9,439.5,438,441.1,438.8,440.2,440.6,440.5,440.5,439.8,440.5,440.7,441.3,439.1,440.6,439.9,438.7,441.6,441.5,438.8,439.8,441.2,440.1,442.5,441.1,439.2,439.4,437.8,438.8,439,438.4,439.5,439.8,440.1,442,440.6,438.7,439,439.9,439.6,440.2,439.3,440.2,439.4,439,439.1,441.6,441.1,439,440.3,439.6,439.5,440.6,438.4,439.7,438.9,440.2,439.2,438.9,440.7,439.9,438.4,438.7,440.6,439.4,440.3,439.3,438.3,441,440.1,439.7,438.7,440.6,439.2,439.2,441,441.2,441.3,439.6,438.1,439.6,442,440.2,439.4,438.8,441.5,441,437.9,440.6,440.1,439.7,438.9,440.9,438.9,440.1,439.8,439.1
439.2,440,439.7,440.3,439.7,440,439.5,439.3,440.2,440.2,439.3,440,439.5,439.5,440.2,441.1,440,440.7,439.5,439.2,440.4,438.9,440.9,440.5,439.2,439.8,439.7,439.1,440,440.7,439.7,440.3,440.5,438.9,439.5,440.2,440.4,441,439.7,440.3,440.2,440.7,439.5,440,440.5,439.4,440.3,439.5,439.4,439.8,441,440.3,440,439.4,440.9,440.4,439.3,439.9,439.2,439.3,439.4,440.5,439.3,440,440.1,440.3,440,439.1,439.5,439.2,439.5,440.1,440.2,439.9,441.1,440.1,439.7,439.9,440.1,440.4,439.2,439.5,440.9,440,440.6,440.6,439.9,440.1,440.5,439.9,440.1,440,439.6,439.5,439.9,439.3,440,439.9,439.3,439.6,440.1,440.4,439.9,440.6,440.4,439.8,439.2,440.2,439.5,440.1,439.8,440.4,440.2,440.5,439.9,439.3,439.9,440.1,440.7,440.4,438.7,439.3,439.7,440.9,439.3,439.8,440,439.5,440.3,439,440.2,439.3,440.8,439.7,440.7,440.3,439.4,439.7,439.7,439.9,440.1,440.1,440.3,439.5,439.2,441.1,440.1,440.4,441.6,440.1,440.6,439.1,438.4,439.4,440.7,441.4,440,440.1,440.3,439.9,439.1,440,440.5,441.2,437.7,439.2,439.5,438.6,439.9,439.6,439.4,441.8,441.3,439.8,440.7,437.7,439.2,441.4,439.2,440.1,440.8,438.9,439.9,439.1,440.2,439.9,439.9,440.8,439.6,440.3,439.4,440.8,440.7,441.8,438.7,439.4,439.7,439.4,439.4,441.3,440.6,440.6,439.8,440.4,439.5,438.8,440.8,439.1,440.4,439.5,441.7,440.9,439.9,439.9,440.2,440,442.3,440.3,439.3,439.5,441.3,438.8,439.5,439.2,439.3,440.4,440,441.3,438.2,441.3,440.3,440.7,441.2,439.6,441.2,438.8,439.6,440.2,439.2,438.7,440.9,440.4,440.5,441.3,439.1,439.9,438.9,440.5,440.3,439,439,440.8,441.1,442,438,439.5,439,440.5,438.5,438.9,441.6,439.3,441.2,441.3,440.8,440.7,440,440.3,438.6,439.1,440.3,439.2,440.2,439.1,440.5,440.6,440,441,440,439.1,439.7,441.5,440.8,440.8,438.5,441.4,439.5,439.6,439.4,438.7,439.1,439.9,438.2,440.4,441.1,439.4,440.9,440,440.1,438.8,440.8,440.5,439.7,437.9,440.4,438.8,437.9,440.3,441.6,439.1,441,440.4,440.3,439.1,439.2,441.4,439.7,440.7,438,439.1,440.9,442,439.6,441,440.5,439.2,439.5,440.4,440.4,438.9,439.5,439.9,438.8,441,438.1,440,441.6,441.1,438.9,440.2,438.7,439.2,440.1,440.8,439.4,440.6,441.7,440.5,439.6,440.8,438.5,440.1,439.7,442.2,439.4,439.8,439.9,441,439.6,438.8,438.7,439.6,439.7,439,437.7
440.1,439.8,440.8,440.1,440,439.9,440.1,439.8,440.7,440,439.8,440.5,440.7,439.2,440.5,440.2,438.5,439.2,439.3,440.1,439.8,440.1,440.3,439.9,439.6,439.5,439.2,440.3,440.7,438.9,439.3,439,440.1,440.1,439.2,439.3,439.7,440.3,439.9,440.4,440.6,439.2,439.9,440.8,440.2,440.3,440.2,439.6,439.8,440,440.1,439.4,439.5,439.8,440.4,439.7,439.5,439.7,440.2,439.8,439.8,440.2,440.6,440.2,440.1,440.1,440,439.2,440,441.2,440.7,439.1,440.4,440.3,439.2,439.4,439.3,440.5,439.6,440.5,439.8,440.2,439.7,440.8,440.7,440.4,439.7,439.4,440.4,440.1,438.9,440.1,439.9,439.5,439.7,440.1,439.2,439.3,440,439.8,440.1,440.3,439.7,439.5,440.8,439.5,439.9,439.7,439.7,439.9,439.1,439.7,440,440.4,440.1,440,440.3,440.2,440.2,440.2,440.3,440.2,439.5,439.4,441.1,439.7,440.7,440.5,439.5,439.9,440.4,440.1,440.7,440.2,439.2,440,440.8,439.5,439.6,440.2,440.2,439.6,440.6,439.9,439.7,438.2,438.8,440.9,439.4,437.9,439.4,439.1,438.9,439.8,440.6,440,439.2,440.8,440.1,440.4,439.5,441.1,437.1,440.6,438.7,441.5,440.5,438.8,440,440.1,440.7,439.8,440.1,439.5,438.5,441.5,440.2,438.7,440.2,439.2,440.5,441.1,438.8,439.8,440.8,439.2,440.1,439.9,440.2,440.5,441,440.1,440.9,439.9,440.8,440.3,439.8,438.6,439.3,439.8,439.8,440,439.5,439.8,440.9,442.2,440.6,439.2,438.9,441.2,441.3,439.6,439.9,437.7,440.6,441.1,439.9,440.9,440.6,439.6,439.9,441.6,441.1,440.2,439.8,441.3,437.4,441.1,438.8,440.8,440.1,439.2,438.4,440.9,439.4,439.5,439,439.2,438.8,439.9,440.3,441,440.1,441.3,439.1,441.8,440,439.7,439.3,441.9,440.5,440.5,439.8,441.3,440.3,439.5,440.7,441,440.7,440.4,439.2,440.7,440.8,440.3,438.9,440.1,441.7,439.8,439.8,439.1,440.1,439.4,440.7,439.5,439.7,437.2,440.2,440.3,439.5,439.5,438.9,441,441.2,441.5,440.6,439.9,439.6,439.7,440.6,440.4,442.5,436.7,440.4,439.4,439.9,441.2,441.7,437.8,440,439.5,438.6,440.9,438.9,438.4,439.8,438.5,441.3,440.2,439.3,439.9,439.2,439.9,440.4,440.7,440.6,440.9,439.5,439.6,439.4,437.8,438.4,438.5,439,439.9,440.8,439.8,440,440,439.7,441.3,440.8,441.1,440.5,439.3,441,440.6,439.8,440.2,439,439.2,440.5,440.2,440.2,440.3,441.1,439,438.1,439.6,440,440,439.6,440.1,439.5,439.8,440.3,440,442.8,439.5,439.5,439,439.9,439.8,439,440.5,441.7
439.6,439.7,439,439.7,439.5,440.7,440.1,439.8,439.2,441,439.4,440.6,439.6,440.5,440.9,439.8,440.2,440.4,439.9,439.7,439.1,439.8,440.5,440.6,440.8,440.3,439.7,440,439.8,439.5,439.7,439.8,440.4,440.1,440.1,440.2,439.7,439.7,439.8,440.5,440.7,440,440.9,439.9,439.4,439.7,439.3,439.4,440.8,440.1,440.3,439.9,440.4,439.2,440.2,440.1,440.2,439.3,440.7,439.6,439.5,439.3,440.2,439.9,440.9,439.9,439.7,440,440.4,439.3,440.4,440.7,440.7,439.5,440.2,440,439.3,439.7,439.6,440,440.3,441,439.2,439.7,438.8,440.1,439.8,440.3,439.6,439.8,440.6,439.8,440.2,440.1,439.6,439.9,440.6,439.5,439.5,439.7,439.9,439.1,440,439.8,439.6,439.6,439.6,440.6,439,440.3,440.6,439.6,440.5,439,439.1,440,440.7,440,440.4,439.9,439.8,439.7,440.1,439,440.2,440.5,439.9,440.6,439.9,440.3,439.6,440.6,440,439.9,440.2,439.8,439.5,440,440.5,440.1,439.9,440.7,440.2,439.2,440.3,440.7,439.7,439.5,440.2,439.8,440.7,441.4,440.4,439.9,440.2,439.9,439.3,439.1,439.5,439.9,440.3,438.7,438.6,440,440.4,441.6,440.1,440.5,437.3,440.3,441.1,439.8,439.7,441.3,439.4,439.7,439.7,439.9,439.6,440.4,440.3,441.9,440.6,440.8,439.9,441.7,439.9,439.9,440.2,440.9,439.8,439.1,440.6,440.1,441.6,440.2,439.6,440.6,438.8,440.9,440.1,439.5,438.7,437.6,439.9,441.2,438,440.3,438.6,440.1,442.1,439.3,438,440,440.2,439.9,440.9,439.7,439.2,439,439.7,439.3,440,440.8,439.9,440.5,437.9,441,439.4,439.1,440,440.3,440.6,439.3,439.5,440.1,441.4,440.9,440.3,440.4,438.6,439.2,440.7,441.2,440.7,437.9,441.2,441.1,440.6,440.3,439.9,437,439.7,440.4,439.5,438.6,441.3,440.5,440.5,439.9,441.7,441.1,440.3,439.5,441.2,440.9,441.7,440.6,439.1,439.8,441.9,440,440.8,440.9,440.3,439.4,440.7,440,440.8,440.4,440.2,438.3,440.1,441,440.8,439.6,439.7,440.6,442.1,439.6,439,440,441.1,440.7,439.3,439.6,440.5,438.4,439.9,440.4,441.4,438.3,439.5,439.3,438.5,440.8,440.2,440.9,441.9,439.2,439.9,439,440.5,440.3,439.4,439.2,441.8,438.1,439.3,438.7,439.7,440.6,440.2,438.7,441.7,438.8,440.1,439.9,440.3,441.3,440.5,439.2,439.6,439.9,441,438.7,440.8,439.7,440,440.4,440.6,440,440,439.6,439.6,440.6,437.9,441.3,439.4,441.4,440.5,437.6,439.9,440.7,439,439.5,438.7,440.5,438.9,438.8,440,439.3,439.7,439.1,440.2
439.9,439.7,440.2,440.2,439.7,440,440.9,440.2,439.5,439.8,440,440.9,439.6,440.2,440.2,440.3,440,440.7,440,440.7,440.1,439.9,440.7,440.4,440,439.6,440.7,440.1,440.3,439.7,439.7,440,439.7,440.2,439.8,440.1,440.3,440.3,439.9,439.3,440,440.9,440.2,439.9,440,439.3,438.5,439.9,440.7,440.6,440.1,439,439.1,441.2,440.2,440.7,440,440.2,439.5,439.2,439.7,440.5,440,440.1,440.1,440.5,439.9,439.9,439.4,440.4,440.2,438.8,439.9,439.5,439.6,439.5,440.2,439.5,440.1,440.1,439.3,440.6,439.5,440.3,439.5,439.8,439.9,440.3,439.4,441,439.9,440.1,439.3,440,439.7,440.1,440.8,440.4,440,439.6,439.2,439.3,439.5,440.4,439.4,439.4,442,440.1,440.8,440.1,440.3,439.4,439.2,439.1,440.8,440.2,440.1,439.6,440.8,438.9,439.5,439.9,440,440.4,441.3,439.9,441.1,440.1,439.7,441,439.7,439.2,440,440.6,439.5,439.8,440.9,439.2,439.6,439.7,440.6,440.4,440,440.6,440.4,441.5,440.2,440.3,438.9,441.8,441.2,441,438.7,438.9,440.2,440.7,439.9,439.9,442.1,441.9,440.1,440.3,440.1,439.4,440.1,440,439,441.3,440.1,439.3,439.3,441.2,438.8,438.2,439.6,439.2,439.9,439.5,439.1,439.3,439.4,440,439.2,441.3,441.1,441.2,440.4,440.9,440.2,440.2,439.3,438.4,441.1,440.6,440.8,439.6,440.6,441,439.3,440.1,439.6,440.5,439.9,438.1,438.1,441,438.9,440.4,439.7,438.8,440,439.6,438.8,440.7,440.1,438.3,438.1,440.4,440,439.4,442.3,439.9,440.8,439.8,440.4,440.4,440.2,438.5,441.2,441.5,439.7,441.4,440.2,440.2,438.9,440,439.4,440.9,439.7,438.6,441.3,440.8,441.2,440.3,441.9,440,441.5,439.2,438.5,439.2,440.9,439.8,441.7,439.6,438.7,441.7,442.4,439.3,441.2,440.4,438.7,439.2,439.7,441.5,440,438.7,439.1,438.8,441,440.5,439.8,441.3,439.2,440.7,439.3,438.5,440.3,441.8,440.1,439.1,440,439.6,440.2,439.7,438.6,439.6,441.2,439.4,440.5,440.8,439.5,440.9,440.7,439.2,440.7,440,440.5,440.6,439.2,442.4,439.9,439.8,438.7,440.8,440.3,438.2,439.9,441.3,441.3,439.8,440.3,440.2,439,442.2,438.4,439.6,440.9,441.3,440.2,441.4,437.8,439.1,439.7,439.4,441,441.6,438.7,438.9,439.4,440.5,441,439.1,439.5,440.9,439.6,439.2,440.8,442,441.4,439.3,440.2,439,442,439.6,441.6,440,440.6,437.5,439.1,440.9,438.3,439.8,442.2,439,440.2,440.1,440,438.4,440.3,440.7,438.4,440.2,440.8,438,440.6
439.7,440.7,440.7,440.2,440.7,440.7,440.6,439.4,439.8,439.4,440,440.1,439.5,440.3,440.2,440.4,439.2,439.8,439.1,440.2,440,439.6,440,439.6,440.5,440.2,440.1,440.3,439.8,440.5,439.5,440.2,439.6,440.5,440.4,439.8,440.4,440,440.5,440.6,440.3,439.2,439.8,439.4,439.5,438.9,440.4,440.1,440.4,439.7,440.2,439.3,439.6,440.3,440.2,439.9,440,440.4,440.3,439.5,440.6,440.6,439,439.9,439.2,440.1,440.7,440.3,439.8,439.5,439.9,439.7,439.4,440.6,439.9,439.3,439.8,441.1,439.3,439.1,439.9,439.9,439.9,440,440.8,439.3,440.2,440.2,439.3,439.9,440.6,439.8,439.4,439.6,440.1,440.4,440.2,440.1,439.5,439.2,439.5,440.1,440.4,440.6,439.9,440.2,440.1,439.7,441,440.1,440.3,440.5,440.5,439,440.3,440.6,440,439.6,440,440.4,440.7,440.5,440.3,440.7,440.6,440.1,440.1,440.6,440.5,440.3,439.2,440,439.8,440.4,440.5,440.2,440.9,440.9,440.1,440.1,439,440.9,439.4,439.8,440,439.9,440.8,439.2,441.3,440.3,441.3,440,440.2,438.6,438.5,441.5,439.1,440.9,439.8,440.2,439.7,440.7,439.7,439,441.9,439.3,440.3,439.4,442.1,438.5,440,441,441.1,439.8,441.1,440,442,442.5,441.3,440,439.3,439.5,440.3,439.5,439.8,441.9,439.2,442.6,438.7,439.7,438.9,440.9,441.8,438.4,439.4,441.3,439.6,440.7,440.1,439.2,441.9,440.6,441.6,440.2,439.5,439.9,439,439.2,439.8,440.3,439.9,437.8,442,440.7,442.1,440.1,438.9,439.5,440.6,439.7,438.7,441.4,440,439.6,440.8,439.6,439.6,440.6,440.5,441.5,440,438.5,441.1,438.5,440,442,440,439.5,438.6,438.8,439.5,440.6,440.6,439.5,441.7,440.9,438.1,439,440.7,441.6,439.1,439.3,437.5,439.6,440,440.3,439.4,440.6,439.5,439.8,441.5,441.6,439.3,440,439,440.6,440.9,438.4,439.4,439.6,441.4,439.8,440.9,440.5,440.5,439.4,441.2,439.6,440.9,440,438.8,438.7,441.5,440.6,439.7,439.1,440.1,440.2,439.5,441,439.3,438.6,440.1,438.9,440.7,441.1,441.8,440.6,441.7,439.2,440.6,442,438.5,440.4,439.2,439.3,439.6,440.5,441.3,440,441.7,439.8,439.3,440.9,441,440.4,439.7,439.4,440,440,440.9,439.9,440.1,441.5,439.1,439.6,440.1,439.9,439.5,438.4,440.9,439.6,438,440.5,440.2,439.2,441.5,438.8,439.6,440.7,439.6,439.9,437.6,439.4,439.2,440.9,438.9,440.2,439,439.9,441.3,439.4,439.8,439.6,439.4,440.4,440.4,440,440,440,442.3,441.1,439.6,437.6,439.1
440.1,439.5,439.6,440.5,440.1,440.5,439.7,440.2,440.4,440.4,439.9,439.6,440.2,439.7,439.1,439.2,440.4,439.5,440.6,440.3,440.3,439.4,440.5,439.6,439.8,440.7,439.9,440.2,439.9,439.7,439.9,440.2,440.1,440.4,441.3,438.8,439.8,440.6,440.6,440,440.2,439.2,439.8,439.9,440.5,439.7,439.8,440.8,439.9,439.6,439.9,439.7,439.3,439.3,439.4,439,439.9,440.2,440.3,440.8,439.8,440.9,440.3,439.1,440.5,440.1,439.8,440.4,439.7,440.3,439.7,440.3,440.5,441,440,440.1,440.6,440.4,440.3,439.9,440.6,439.6,440,439.9,439.5,439.6,439.6,440,440.3,440.3,440.5,440.2,439.6,439.5,440.6,440.6,440,440.1,440.1,439.7,440,441.3,439.6,440.9,440.8,440.2,439.8,439.2,439.4,440.8,441,440.5,440,439.6,439.8,439.5,440.5,440,440.3,439.6,440.4,439.5,439.2,439.7,439.2,438.9,439.7,439.8,440.5,439.4,440.2,440.2,440.4,440.3,440,439.7,439.4,439.8,439.4,440.2,440.1,440,440.7,439.8,440.3,440.6,438.8,441.7,439.7,439.3,439.7,439.6,440.9,440.5,440.3,439.4,437.4,438.9,441.2,438.7,440.5,439.9,440.8,439.1,440.8,439.6,439.1,440.1,439.1,438.8,440.9,438.4,439.8,441.8,438.4,441.1,438.2,441,441,441.9,439.4,439.4,441.3,440.8,439.2,440.5,439.3,441.7,439.9,438.5,440.8,440.5,439.1,438.7,440.7,438.9,440.3,439.9,439.2,440.7,440.7,438.9,441.4,440.3,440.8,439.6,438.8,439.9,438.3,439.5,441,441.2,440,441,439.8,441.6,440.3,440.3,439.1,440.9,441.1,440.8,439.8,439,439.8,440.1,441.3,440,440.4,438.7,440.4,440.1,438.4,440.1,440.2,440.6,441.4,440.2,440.2,439,439.7,438.8,440,439.8,440.6,440,440.2,439.5,439.7,439.4,439.4,441.2,440.3,441.5,440.9,439.2,440.4,441.2,441,441,438.4,439.1,439.1,441.2,442.3,441.5,439.6,439.2,440.1,441.5,439.8,442.3,439,441,440.8,438.9,440.4,439.6,440.8,440.5,439.1,442.4,439.9,438.7,440.2,440.7,440.7,439.6,440.5,438.4,441.8,440.4,438.9,440.3,438.5,439.4,439.5,439.3,440.9,440.2,440.6,440.9,440.8,440.9,439.7,439.9,442.1,440.3,440.4,439.8,438.1,441.6,440.7,440.4,441.5,440,438.2,439.9,440.6,439.2,439.6,439,441.4,440.8,440.1,440.3,439.5,440.5,440.1,440,441.1,440.1,441.1,440.8,439.9,440.7,441,439.6,440.3,441.3,440.6,441,439.5,442.7,438.6,439.7,440.5,441.7,441.3,440.6,441.6,438.8,440.5,440.7,439.6,439.9,438.4,438.9,441.6,440.3,439.3,440.6,440,441.3,441.4
439,439.6,439.7,440.8,440.6,439.9,440,439.9,440.1,439.8,439.9,440.7,440.1,440.1,440.6,439.2,440.2,439.5,439.6,441,439.6,439.9,440.3,439.7,439.9,439.5,440.6,439.3,439.3,439.4,439.8,440.4,439.3,440.7,440.6,440.3,440,440.1,440.1,440.3,439.9,440,440.4,439.8,439.8,439.8,440.1,439.1,440,438.4,441.4,439.8,440.4,439.6,439.2,439.7,440.9,440.4,439.9,439.5,440.4,439.7,440.2,440.1,439.5,439.9,439.5,440.1,439.9,440.8,439.4,439.9,440.6,440.1,440.1,440.2,439.9,439.9,439.6,440,439.3,440.3,441,440,440.2,440,439.7,440.1,440.7,440.1,441.3,439,440.6,439.5,439.7,440.2,440,439.9,440.2,440.2,439.8,439.6,440.3,439.9,439.6,439.2,439.5,439.8,439.3,439.6,439.5,439.3,440,439.7,439.2,440,440.4,440.3,440.3,440.1,438.9,440.3,440.7,439.9,440.7,439.9,440.5,440.5,439.4,440.3,439.5,439.2,440.6,440.3,439.9,439.9,439.8,440.3,439.6,439.7,439.7,439.8,440.4,440.2,440.7,439.8,437.9,441.2,440.2,438.3,439.3,440.6,439.5,439.1,441,439.8,438.8,439.1,440.9,438.2,440.4,440.7,438.6,440.8,441.1,440.6,440.2,439.5,439.8,439.7,439.7,442.6,439.8,440.1,441.6,441.9,439.7,440.1,440.2,441.8,440.3,442.2,439.1,440,441.7,439.9,438.8,439.6,440.3,439.6,439.5,441.3,440.4,439.8,439.2,438.5,441.4,439.7,439.2,440.8,440.5,438.7,440.3,439.3,439.9,440.2,438.8,440.2,440,438.9,440.7,439.8,440.1,440.4,437.3,439.8,439.3,439.6,438.5,439.5,439.8,438.6,440.7,440.6,440.5,440.3,439.9,439.7,441.2,442,440.2,440.7,441.3,440.2,441.5,440,440.5,441,440.6,439,441,440.2,439,440.5,440,439.8,440.7,439,439.5,440.7,439.2,440.2,439.9,438.3,441.4,440.5,440.5,440.7,440.2,439.6,439.4,440.6,440.3,438.9,439.3,441.5,441.9,441.3,440.7,440.3,440.4,440.3,440,440.1,441,439.5,438.7,441.1,441.3,440.9,439.4,438.9,440.3,441.8,441.1,439.9,439.7,440,438.7,440.2,439.2,440.2,439.7,440.1,438.7,441,439.2,437.7,440.6,439.9,441.2,439,441.1,440.8,439.1,438.3,440.3,439.6,440.3,439.1,438.3,439.5,440.7,440.2,439.3,439,440.7,438.7,440.3,437.9,439.8,439.1,439,440.8,439.7,438.9,438.3,440.4,441.1,437.9,441.9,439.1,438.9,438.9,438,440.8,439.5,441.4,441,438.6,439.8,440.8,439.5,441.1,439.4,439.1,440.5,438.9,440.7,442.1,441.1,441.1,439.5,439.6,439,439.2,441.5,441.3,440,441.5,441.5,439.5,440.3,440.6,440.2
439.8,439.3,440.5,438.7,439.8,439.9,439.4,440,440.2,439.8,439.7,439.6,439.9,440,440.1,440.3,440.3,439.4,440,439.8,440.3,440.8,439.4,440.3,440.4,439.3,439.8,440.3,440.3,440,440.2,439.9,440.1,440.4,439.9,439.7,440.4,439.9,440.6,439.2,438.9,439.4,439.4,441,440.5,441.3,440.3,440,439.4,440.6,440.3,440.2,439.6,440,439.4,439.4,439.7,441.1,440.9,440.1,439.6,440,439,441.3,440.1,440.6,440.4,439.8,440.5,440.1,440.3,440.5,438.9,439.7,440.3,441.1,439.7,440.6,440.3,440.1,439.9,440.1,439.5,440.2,439.8,440,440.6,439.2,439.9,439.8,439.5,440.4,439.5,440.4,439.7,440.2,439.2,439.2,438.9,439.3,440.2,439.9,440.2,439.1,440.4,440.6,439.1,439.9,439.8,440.7,439.7,440.5,439.9,439.6,439.4,439.8,440.3,439.8,439.6,440.5,440.3,440.1,439.7,439.3,440.7,439.2,439.9,439.7,440.4,439.5,439.3,440,439.3,440,440.1,439.2,440.2,440,440,439.7,441,440.2,439.1,440.1,440.1,440.6,440.8,439.9,440.4,438.5,440.4,440.1,441.9,440.4,439.4,440.3,442.1,438.9,440.6,438.2,439.5,439.3,442.3,439.7,439.7,440.7,439.9,440.8,442.3,440,441.2,439.5,441,441.4,441,439.5,441.2,440.3,439.8,440.8,439.7,439.3,438.6,439.6,440,440,440.5,439.1,440.9,439,440.9,439.9,438.7,438.9,440.7,439.9,440.1,438.3,440,438.2,440.3,439.7,439,441.2,439.6,441.2,439.9,440.4,440.4,440.9,439.2,440.1,440.4,440,438.8,438.6,440.1,440.7,440.4,439.3,441.1,437.9,440.4,440.4,438.9,441,438.6,439.6,440.8,440.1,440.5,440,441.9,440.3,439.4,438.6,439.1,440.2,440.8,440.8,438.5,440.6,441.8,440.7,441.4,439.3,439.7,439.9,441.2,439.5,439.9,440.8,439.7,441.7,440,438.9,439.2,439.2,439,440.7,439.7,440.2,436.8,439,438.7,439.7,441.9,439.8,440,441.3,438.7,438.7,440,438.1,440.1,438.9,438.9,441.7,439.9,439.3,439.7,441.6,440.4,440,441.8,439.4,440.1,441.7,440.1,440.2,440,438.9,440.7,439.2,440,441.3,440.1,439.4,439.6,439.6,440.2,440.1,440.1,440,439.8,440.4,439.6,441,439.9,440.7,440.3,440.2,439.4,440.4,440.9,440.3,440.2,440.4,438.6,440.8,441,438.2,441.1,439.6,440.9,440.4,441.4,438.5,439.8,438.4,439.1,440.8,439.2,439.6,440.6,441,438.5,439,440.2,439.4,439.4,440.1,441,438.8,440.2,440.4,439.9,439.7,440.2,439.3,439.1,440,441,441.7,439.4,438.7,441.4,438.7,438.7,438.9,438,440.4,440.3,440.6,440.6
440.5,440.2,439.9,440.5,440.6,439.7,440.3,440.4,440.2,439.5,439.7,440.4,440.3,439.5,439.4,439.3,439.5,439.8,440.1,439.8,439.9,440,439.7,439.6,439.4,440.3,441.3,440.5,440.3,439.4,440.1,439.9,440.3,439.9,439.8,439.8,439.7,440.9,440.8,440,439.5,440.2,440,440.8,440.4,439.4,440.2,439.8,440,440.2,440.1,439.9,439.9,439.8,440.3,440.4,439.9,439.4,440.9,440.1,440.7,440.6,439.7,440,440.1,439.9,439.7,439.3,440.3,440.3,439.6,439.8,440,440.2,439.3,439.6,439.8,439.7,439.5,439.9,440,439.5,439.9,440.5,439.9,439.5,439.8,440.7,440,439.8,440,440.5,440.2,440.3,439.1,441,439.5,440.2,439.6,439.5,440.4,440.3,440.7,440.2,439.9,440.6,440.9,440.8,440.6,440.6,440.5,440.2,440,440.5,439.5,440.2,439.4,440.2,439.9,439.9,440,440.8,440.1,438.8,440.1,439.7,439.3,440.3,441.3,439.8,440.2,439.4,440.2,440.5,439.1,440.8,439.5,440.6,440.3,440,440,440.1,439.6,439.7,440.5,438.7,439.6,440.5,440.5,442.1,439.8,439.9,440.9,440.3,439.3,440,439.7,442.6,440.4,441.8,440.8,439.9,439.1,438.1,440.3,440.1,439.3,441.2,438.7,440,440.1,441,439.9,438.6,438.7,441.2,441.1,439,440.6,440.2,439.5,439.7,442.1,438.4,440.5,438.4,440,440.1,440.3,440.5,438.8,440.2,440.8,439.5,440,441.1,439.2,440.7,439,438.8,439.8,441.1,441,439.9,439.2,439.8,441,440.3,439.8,439.1,439.2,439,439.2,440.8,439.3,439.6,440.5,438.9,440.1,440.9,439.4,440.4,441,439,440,439,439.7,439.1,442.2,440.6,439.7,439.7,442.4,440.1,440,439,438,441,439.5,440.1,441.2,439.7,440.3,438.3,440.9,438.5,439.8,439.5,439.6,439.6,438.2,440.1,441.4,440.7,439.4,440,440,439.3,440.5,440.7,440.9,440.6,440.8,439.3,440.2,440.1,439,441.8,439.2,442.1,441.4,439.9,440.4,439.6,439.2,439.9,439.3,442.6,439.5,438.8,440.1,440.1,439.2,439.6,439.7,442.1,441.9,441.6,439.8,439,441.1,440.7,439.8,441.4,440.3,438.4,438.9,440.6,440.4,439.6,439.7,438.8,441.8,438.2,439.4,441.1,439.3,441.4,439.4,439.6,439.8,439.4,439.5,441.1,439.3,439.7,439.6,439.3,439.5,440.9,439.3,441,439.3,439.9,441,440.8,440.9,440.1,440.8,439.3,439.8,440.5,439.8,439.9,439.4,438.2,442,438.9,440.3,441.2,440.2,437.7,440.1,441,442.2,440.3,441.2,439.3,440.2,439.5,441.2,440.9,439,439,439.3,440.1,438.9,442,439.1,441.6,442,441.5,438.6,439.4,440
441,438.9,439.6,439.6,439.8,439.7,439.9,440.1,439.7,440.3,440.1,440.2,441.2,440.2,440.1,440.3,439.7,439.7,438.8,440.1,439.6,440.5,440.1,440.4,439.7,439.9,439.4,440.1,439.3,439.4,440.2,440.6,440.2,439.3,440.1,440.8,439.9,440.1,439.3,440.6,439.8,439.7,439.4,440.5,439.7,440.1,440.2,440.1,440.2,439.6,439.6,439.8,438.9,439.8,440.6,440.1,439.9,440.2,440,439.8,441.2,439.8,440.7,439.9,440.7,439.8,440.1,439.8,440.1,439.6,440.1,441.1,439.3,439.8,440.3,439.9,439.9,439.6,440.8,440.1,440.5,439.6,439.9,439.7,439.9,439.1,440.8,440.1,439.8,439.6,439.8,441.2,439.9,440,440.1,440.3,439.3,439.9,439.8,440.3,440.1,439.4,439.9,439.7,440.3,440,439.8,440.4,439.2,441.3,440.2,439.7,439.8,439.6,439.5,439.6,439.8,439.9,440.1,440.5,439.3,440.1,439.2,439.8,439.9,439.3,439.9,440.6,439.7,440.4,440.5,440.1,441,439.6,440,440.2,440.6,440.1,439.8,439.5,440.4,440.2,439.9,440,439.9,439.2,439.4,439.8,438.5,439.8,439.7,439.6,440.5,438.5,441.1,441.7,439.1,439.4,441.2,438.4,438.8,439.8,439.3,440.6,440,439.2,441.5,441.4,437.9,440.1,440.7,439.9,439.6,441.2,440.1,439.3,438.8,439.5,440.2,440.4,439.5,439.6,440.7,440.1,440.7,439.5,440.3,439.6,438.6,440.1,439.7,442,439.4,437.2,439.6,439.6,439.6,440.2,439.1,440.8,440.1,439.4,440.2,440.9,440.9,440.7,437.8,439.5,440.3,439.9,439.8,439.7,441,441.4,440.6,438.9,439.3,439.7,439.2,440.4,440.7,439.9,438.9,439.4,439.8,440.9,439.3,439.6,438.8,440.7,440.4,440.3,440.3,439.7,439.4,441.6,439.6,439.9,440.4,438.8,440.2,439.2,440.4,440.5,438.2,440.4,438.9,440.6,438.1,442.5,438.4,439.8,439.6,438.2,439.6,439.8,439.6,439.9,439.9,440.5,441.1,439.6,439.5,440,440.5,440.5,441,440.1,439.8,440.4,440.3,439.9,441.6,439.1,438.9,439.2,438.9,438.7,441.4,441.1,439.8,440.5,439.9,439.8,439.8,441.4,439.9,438,440.5,441.2,441,441,440.7,439.9,439.2,440.5,440.7,438.8,438.6,438.8,439.4,439.7,439.6,440.5,439.8,440.3,442.1,440.5,441,438.7,439.7,439.8,439.9,440.1,440.5,439.1,438.9,439,438.5,440.2,443.2,441.4,438.3,439.7,439.2,441.7,439.7,439.5,439.2,439.6,440.7,441.8,440.1,439.4,439.7,440.8,439.7,441.1,439.7,439.2,439.8,441,440.2,440.3,440.6,440.1,440.1,439,439.8,438,438.6,439.3,441.9,439.4,439.9,439.5,440.8,438.4,439.7,440.4,441.2,440.2,441,441.4,440.7
440.6,441.1,439.6,441,439.9,440.2,439.8,440.2,440.9,439.7,439.7,441,439.9,440.4,440.4,440.2,439.8,439.8,439.8,440.1,439.7,439.5,440.6,439.4,439.3,439.7,439.1,440.1,440.2,440,440.5,440.6,439.6,440,440.4,440.4,439.9,441.4,439.2,439.2,440,439.9,440.8,440.3,440,439.3,440.7,439.6,439.3,440.7,440.4,440.2,439.5,439.9,440.4,440.9,440.4,440,439.7,440.3,440.8,439.8,440.4,440.1,439.6,440.6,440.2,439.9,439.6,440.2,439.6,440.5,439.6,440,439.6,439.5,440.5,440.2,440.8,440.2,440.1,440,439.4,440.1,439.3,440.1,439.7,439.7,440.5,439.4,440.4,440,439.8,439.6,439.8,439.9,440.5,439.8,440.3,441.1,440,439.7,439.3,440.4,439,440.9,439.6,440.5,439.9,439.9,440.7,439.8,440.4,440.3,439.7,440.3,439.5,439.5,439.6,439,441.1,440.3,439.8,439.7,440.7,440,439.7,439.3,439.4,439.8,439.4,439.9,439.9,438.9,439.9,439.6,439.2,439.7,440.8,440.1,440.2,440.4,439.9,440,440.5,440.3,441.5,440.4,440.4,441.9,438.1,439.6,439.9,440.7,439.6,440.7,439.4,441,439.5,439.1,438,439.6,440.1,439,439.2,440,439.7,439.3,439.1,441.2,439.2,439,440.7,440.3,439.4,441,438.7,442.1,441,440.2,439,439.4,440.8,440.3,438.6,440,439.3,440.1,438,439.2,439.6,441.2,440,440.4,438.9,439.5,441,441.5,440,439.6,440.9,438,439.9,439.9,439.5,441.2,439.7,440.6,439.4,439.7,440,440.9,440.5,440.8,441.6,439.8,440.9,441,441.8,439.6,440.8,440.4,439.5,439.2,439.9,438.3,439.6,439.6,443.4,438.7,440.8,438.7,439.6,437.6,440.3,440.2,441,439.1,441.4,438.9,440.6,439.1,440.6,440.3,440.5,440.1,440.2,438.5,439,441.5,439.7,438.3,439.6,439.4,439.8,438,440.6,438.9,438.9,438.9,441.6,440.5,441.1,438.9,438.9,440.7,439.7,440.8,441.1,440,440.4,438.7,439.1,440.8,438.8,438.2,439.5,438.3,438.7,440.1,438.5,441.9,437.8,439.4,440.2,439.7,440.5,442.2,440.7,441.5,440.9,440.1,438,439.3,440.7,440.1,438.7,439.7,438.6,442.6,440.5,440.2,439.8,438.8,441.2,440.8,439.7,439.4,441.7,439.4,441.7,439.4,439.7,439.5,439.6,440.4,439.9,441.6,440.5,440.1,440.1,438.8,441.1,439.4,438.5,440.5,439.7,439.6,440,441.6,441.6,441,440.7,440.5,441.6,440.3,439.7,439.9,440.7,439,439.4,439.5,438.7,440.4,439.7,439.3,439.9,439.7,440.1,440.2,438,439.1,438.6,440.1,439.1,439.5,440.3,440.3,438.7,441.5,440.1,438.7,438.8,440.2,441
440.8,439.8,439.6,440.3,440.3,439.8,440.7,439.3,439.5,440.2,438.8,440.4,440.8,439.5,439.7,440.2,440.4,439.9,439.6,440.2,439.9,440.2,439.4,440,440,439.4,439.7,439.9,440.2,439.8,440.8,439.9,439.1,439.7,439.8,439.9,439.5,440,440.4,439.8,440.2,440.6,439.7,440.4,439.5,440.5,439.6,440.2,439.7,440.3,440.7,440.4,438.9,440.2,440.2,439.8,440.4,439.3,440.5,440.4,439.6,439.1,440.4,440.8,439.1,439.6,439.9,439.5,440.4,439.9,440,439.8,439.9,439.8,440.3,439.8,439.9,440.9,440.4,440.2,440.6,439.9,440.9,440.3,440.6,439.5,439.2,439.6,440.4,440.2,440.4,440.1,439.6,439.8,440.2,439.9,440.2,439.8,440.3,440.8,440.4,440.1,440.4,441.4,439.4,440.2,440.1,439.8,439.6,440.8,440,440.4,439.4,439.9,440.4,440.4,440.3,440.1,440.7,439.9,439.9,440.6,440.2,440.8,439.4,441.4,439.9,439.6,440.9,440.2,440,440.5,439.6,440.3,440,440.3,440.6,439.4,441.1,439.9,440.2,440.3,439.7,440.3,441,439.6,441.2,439.5,439.2,439.5,439.6,439.1,441.3,439.8,439.9,439.3,440,440.7,438.6,440.9,441,440.4,439.7,440.4,438.8,439.4,439.8,440.7,438.5,438.5,440.6,438.9,440.4,440.6,439.3,441.6,439.9,437.8,438.7,439.3,440.4,439.7,438.8,438.8,441.9,438,439.3,440.6,438.3,439.2,439.6,440.2,440.6,441.6,440.9,439.7,439.1,441,439.3,440.9,439.8,439.7,440.5,437.1,441,440.4,439.7,439.6,438.7,438.6,441,441.6,439.4,440,440,438,440.6,439.9,441,439.7,440.8,441,439.7,441.5,439.7,440.4,440.3,439.1,440.3,441.2,438.9,438.9,438.1,440.2,440.1,438.5,438.4,438.3,440.8,440.2,440.6,439.8,439.3,441.6,439.1,440.9,439,440.8,439.9,441,439.7,440.1,440.7,439,439,441.2,440.4,439.9,440.1,438.7,441.1,440.1,441.2,438.6,441,440.1,439.2,439.9,441.9,438.1,438.8,441.9,439.3,440.4,438.2,439.9,440.7,439.4,439.1,439,440.4,438.3,440.8,440.7,439,440.2,440.4,438.9,440,440.7,439.7,440.5,440.7,441,439.2,441.3,441.1,440,439.9,440.2,438.3,439.5,440.4,442.2,437.4,440.2,438.8,439.2,438.2,439.3,439.2,442,440.8,439.8,440,439.3,441.4,440.4,440.3,440.2,439.1,440.9,440.5,437.3,440.6,441.3,440.3,440.1,441.4,440.6,440,439.8,439.7,441,438.6,439.9,438.6,438,440.9,439.5,438.9,438.6,440.5,440.5,440.4,440,440,439.8,437.3,440.7,439.8,440.6,441.2,439.5,440.5,443.5,440.1,440.2,439.9,439.5,441.9,441.4,440.4,440.1,438.8
440,440.5,439.6,440.8,440.8,440.2,441,439.9,440.3,440.3,439.9,439.8,440.3,439.6,440.7,439.7,440,439.2,440.7,440.6,440.4,441.1,440.6,440.1,440,440.5,441,439.9,439.4,440.1,440,440,440.2,439.2,439.8,439.5,439.3,440,440.5,440.1,440.4,440.4,439.3,440.2,439.5,439.8,440.1,440.3,440.1,439,439.8,439.7,439.8,440.7,440.9,439.6,440.2,439.9,440.5,440.9,440.6,439.2,438.6,440.2,439.8,439.5,440.3,440.3,440.4,439.7,439.6,439.8,439.5,440.8,440.3,440,440.2,439.7,440,440.1,439.7,440.4,440,439.5,438.9,440.4,439.9,439.6,440.1,440.3,439.9,440.2,439.4,440.1,439.9,440.7,441.4,439.8,439.2,440.1,440.2,440.1,440.5,440.5,440.2,439.8,440.7,440,440.1,440.2,439.7,440.1,439.8,440.2,439.3,439.6,439.4,440.4,440.2,440.5,440,440.3,439.1,440.7,439.6,440.2,439.5,439.6,440.4,439.5,439.2,440.4,440.3,438.9,439.5,440.2,439.1,439.9,439.3,439.8,439.4,440.4,440.5,439.8,440,441.4,439.5,439.5,440,441.2,439.9,439.9,439.7,439.3,440.8,439.8,439.8,439.8,438.9,440.2,441.3,440.7,440.9,440.1,439.5,438.2,438.5,438.5,441.3,440.5,440.1,440.8,439.4,440.4,438.5,440.9,439.5,438.9,440.3,439.4,440.6,440.9,438.5,441.6,440.4,440.1,439,440,439.3,439,440.3,439.1,440.5,439.4,438.1,439.1,438.8,440.9,438.4,439.9,437.6,439.4,440.7,439.8,439.3,441,438.8,440.9,442.3,439.3,441.3,439.5,439.3,438.9,440.2,441.1,440.4,439.4,439.1,439.4,439.7,439.7,440.2,440,441.1,439.5,439.6,440.7,440.3,441.3,440.3,440.9,441.5,439.7,438.6,439.7,439.8,438.4,439.9,440.7,439.8,439.5,441.5,441.3,439.8,440.2,441.5,441.9,439.9,439.9,440.1,440.5,440.2,438.4,439.8,441.5,441.4,440.5,438.5,440.7,440.5,441.5,440.2,440.1,441.4,440.8,440,439.1,439.4,440,439.7,439.7,440.7,441.3,440,440.4,437.8,439.5,440.1,440.5,439.2,440,440,438.8,439.9,439.6,440.6,440.5,439.6,441.8,439.7,441.9,438.8,439.2,439.5,437,440.4,439.9,439.2,440.8,438.1,439.5,440,440.2,439.6,439.9,440.1,440,439.7,440.5,440.1,439.6,438.6,439.8,440.1,440.2,440.1,441.4,440.9,440.4,441.2,440.7,438.7,440.2,439.8,440.4,439.8,439.2,440.7,442.7,440.8,439.1,438.6,440.5,440.3,439.7,439.1,439.2,439.8,440.2,439.5,440,439.6,440.3,439.5,441.9,440.3,440.6,438.9,439.7,438.9,441.5,440,439.4,439.7,439.5,441.2,439.9,440.3,441.8,439.6,438.2,441.6,440.6,441.6
440.1,439.6,439.8,439.4,440.4,439.6,439.9,439.6,440,439.8,439.7,440.4,440.1,439.7,440.5,440.1,440.9,439.5,440,439.7,440.4,440.5,441.1,439.6,439.6,440.3,439.2,439.9,439.3,440.6,440,441.2,441.1,440.6,440,440,440.2,440.6,440.6,439.8,439.8,439.8,439.8,440.5,440.5,440.3,441,440.7,439.8,440,440.1,440.2,440.4,439.6,439.7,440,440.1,439.3,439.1,440.8,440.3,440.1,440,439.5,440.6,439.8,440.3,440.1,439.4,439.7,439.8,441,440.2,440.7,440.5,439.8,440,441.2,440.1,440.6,440.6,439.8,439.3,440.2,440.1,440.1,440.6,440.7,440,440.9,439.5,439.8,439.4,439.7,439.4,439.6,439.9,439.9,439.8,440.1,439.5,439.7,439.6,439.7,439.5,439.6,438.5,440.6,440.7,440.5,440.4,440,440.1,440.7,440.2,440.1,439.8,440.2,439.7,439.8,440.6,440.3,440.2,440.9,441.4,440.2,440.2,439.6,440.5,440.1,439.6,440.9,440.1,439.6,441.2,440.1,440.6,439.9,439.9,440.6,439.6,440.3,439.3,439.9,439.8,438.8,441,439.1,440.9,440.6,441.6,439.6,438.4,441,439.3,439.7,440.1,439.5,438.8,439.9,438.6,438.5,439.2,438.9,439,440.8,441,440.6,438.4,438.3,441.6,439,438.8,439.4,438.7,441,439.9,439.9,440,439.7,440.1,440.1,439.4,437.7,439.9,440,439.3,441.6,439.3,440.5,439.5,441.6,440.6,440.2,439.3,439.7,441.6,440.9,440.8,440.4,438.9,439.8,441.4,440.2,440.1,439.6,441.4,440.6,440.1,440.3,441.7,439.1,438.6,439.7,439.1,440.3,439.1,439.4,438.9,439.4,439.6,440.9,440.4,441,439.8,439.6,439.3,438.5,439.9,437.7,440.5,439,440.1,441.9,440.6,441.7,440,439.7,440.1,441.6,440,440.7,440.6,440.8,439.3,440.1,440.2,439.8,440.4,439.8,442.2,440.2,439.1,439.3,440.3,438.8,440.7,440,441,439.8,437.8,440.7,440,440.7,439.3,439.1,440.9,438,440.4,440.9,439.4,438.4,440.3,438,439.7,438.9,437.1,441.6,438.8,439,439.2,440.2,440.5,440.2,440.6,440.3,440.2,439.6,439.2,440.8,441,438.6,440.7,440.1,441,439.2,440.1,439.1,438.5,439,440.2,440.3,441,440.7,439.7,439.7,442.2,440.6,440.9,439.6,439.4,441.4,441.1,440.2,439.3,439.9,439,440.9,440,442.3,440.1,438.4,439.6,439.9,440.8,439.2,440.3,440.2,442.1,438.8,439.6,440.5,440,440.8,440.5,440.9,440.2,439.5,440,439.7,440.4,439.9,438.6,441.9,441.7,439.7,439.7,441,439.4,440.5,439.3,440.2,438.3,442.6,439.2,441.8,441,440.2,439.2,439.4,439.7,442.1,440.6,438.8,440.4
439.4,438.7,439.7,440.7,439.3,440.1,439.8,439.2,440.4,439.2,439.3,439.4,440.1,440.4,440.6,440.9,440,440.1,440,439.9,440.1,440.1,440.9,440.2,440.5,440.5,440.2,439.9,440,440.4,440.4,438.8,439.9,441,440.4,440.4,439.4,439.5,440.2,440.2,439.6,440.2,440.4,440.3,441.3,440.1,439.6,440.7,439.1,440,440.2,440.2,439.3,440.6,439.4,440.2,439.6,440.4,439.5,439.9,440.1,440.5,439.7,439.8,439.5,440,440.2,439.9,439.9,440.1,439.6,440.1,439.7,439.6,439.4,440,441.1,439.9,440.5,439.2,440.2,439.5,439.5,439.6,440.5,440.3,440.7,439.6,440.1,441.4,440,440.2,439.8,439.7,439.6,441.5,440.6,439.9,440.7,440.5,440,440.4,440.8,440.4,440.6,439.6,439.3,440.3,439.6,439.4,440.8,439.6,439.8,440,439.7,440.7,440.3,439.6,439.5,440.1,439,440.2,440.3,440.2,440.7,439.9,439.7,439.7,440.2,439.5,440.1,439.3,440.2,440.7,440.5,441.3,440.5,439.8,439.1,440.7,440.5,440.3,440,439.4,439.8,441.1,440.1,439.2,441.4,440.7,439.8,439.8,440,440.5,439.7,439.1,440.5,440.8,438.4,440.8,440.5,440.5,438.6,440.7,441.1,438.4,439.7,439.7,440.1,440.6,440.4,439.8,440.7,440.4,440.5,439.6,440,440.3,440.1,440,439.2,442.6,439.5,440.7,441.5,439.9,440,440.7,441.1,441,439.2,439.8,440.2,439.4,439.8,439.9,439.8,440.6,441.1,440.3,441,438.4,439.8,439.2,440.1,440.8,439.4,440.1,439.3,440.6,439.9,441.2,440.5,440.1,439.3,439.2,438.8,439.9,438,441.4,440,439.2,440.2,440.6,439.3,442.2,438.9,437.7,436.7,439.6,440.5,437.9,439.7,440.5,443.2,439.6,438.6,439.2,438,441,440,439.4,441.5,440.2,437.9,439.1,440.3,440.2,438.4,439.7,440.8,440.6,438.6,439.3,439.8,440,441,440,439.7,440,440.2,438.6,438.1,440.5,440.8,440.4,438.1,439.4,439.4,439.7,440.8,440,439.1,438.5,439.3,438.1,439.6,440.5,438.6,440.7,438.5,438.4,440.7,440.2,440.3,438.2,439.7,440.3,438.6,439.9,439.2,440,439.5,439.9,439.5,438.9,441.1,438.4,439.9,438.2,440.7,439.6,439.7,439.9,439.4,439.1,442.3,439.9,439.1,440.6,440,439.9,439.5,439.2,440.5,440.4,440.2,438.3,441.2,439.6,440.1,441.9,440.3,440.9,441.7,440.8,442.9,439.6,442.3,439.8,440,440.1,441.2,441.1,439.7,440.6,435.9,440.3,439.8,440.6,441.5,439.4,439.6,440.6,441.7,439.6,439.3,441,440.3,440.2,440,439.9,439.6,439.3,439.3,440.4,440.9,438.5,439.9,438,440.4,439.8,439.8,439.8,440.2
439.8,439.6,440.8,440.7,439.2,439.2,440.1,439.6,439.5,439.9,440.5,439.7,439.5,439.6,439.8,439.4,439.5,440.1,439.3,439.4,439.5,440.1,439.7,439.6,439.6,440.4,439.4,440,439.9,440.2,439.5,440.1,440.7,439.9,440,439.4,441.1,440.6,440.5,441,439.6,441.2,440.2,440.3,439.7,439.3,439.1,439.4,440.2,440.1,439.2,439.2,438.9,439.6,440.1,439.6,439.8,441,439.9,439.2,439.4,440.7,440,439.9,440.1,440.3,440.3,440.6,440.1,440.2,439.6,440.4,439.2,440,440.6,439.1,440,439.9,439.8,440.1,439.7,440.1,439.8,440,439.3,439.9,440,440.6,440.2,440.1,440,439.2,440.5,440.1,439.3,440.3,439.5,440.1,440.1,439.9,441.1,439.8,439.6,439.3,439.9,440.5,439.9,439.2,439.7,440.2,439.9,440.1,440.2,439.8,441.2,440.3,440.8,440.5,440.3,439.6,440.1,439.9,440.8,439.8,440.3,439.7,440,439.9,439.9,440.2,439.3,440.3,439.4,439.4,439.9,438.7,440.6,440,439.4,440.2,439.9,440.6,439.6,439.1,440.4,440.2,441.3,439.4,441.1,440,440.8,441.2,439.6,439.5,439.9,439.6,439.6,441.5,439.1,440.2,440.6,439,441.5,438.7,440,439.3,439.3,440.5,440.8,439.6,439,440.3,440.9,439.7,439,439,439.1,439,439.4,438,440.4,439.8,442,437.7,440.3,439.5,440.4,440.5,440,439.7,438.4,438.8,439.4,440.1,442.1,440.9,439.3,438.4,441.2,440.5,439.1,440.4,439.8,439.5,440.7,440.1,439.8,440.2,439.9,439.7,439.2,439,438.7,440.4,440.4,439.1,440.8,439.5,439.8,438.9,438.6,441.3,438.2,439.3,438.1,440,439.5,440.7,439.1,438.7,438.6,442,440.8,438.7,440.9,438.3,441.8,439.7,438.4,439.5,439.8,441.4,439.4,439.8,439.6,440.8,439.8,439.7,438.3,439.8,440.9,440,439.5,440.8,439.5,439.5,440.3,439.9,440.1,439,437.7,438.4,440.4,442.4,439.1,438.4,438.5,439.6,440.4,439.7,439.1,440,440.4,438.9,439.7,440.5,442.5,438.7,440,440.4,438.6,441.1,439.7,439.7,438.5,440.5,440.7,440.7,439.9,439.8,439.4,440.3,440.4,438.7,438.4,441.1,441.6,439.1,440.3,439.7,439.8,441.1,441.4,440.5,440.8,439.5,440.6,439.6,441.1,441.1,440.1,439.3,440.1,439.9,440.7,438.5,438.5,439.1,440.3,440.1,441.6,440.1,441.9,440.7,441.3,440.8,440.7,441.5,440.5,438.1,438,440.9,439.2,441.6,440,438.7,441,442.7,440,439.9,439.6,440.1,437.9,439.7,439.5,439.2,437.1,437.8,439.8,439.4,439.7,439.6,439.5,440.2,439.3,441.2,439.7,441.3,438.9,440,439.8,440.9,441.7,439.9,439.3
439.5,439.8,441.2,440.7,440.2,440,440.1,439.5,440.3,439.5,440.1,439.4,439.6,440.1,440.3,439.9,439.7,440.8,439.5,439.2,439.5,440.4,439.3,439.8,440.6,440.5,439.8,440.5,439.8,439.7,440.6,439.5,440.7,440.6,439.4,439.8,439.7,439.7,439.3,440.8,440.1,439.3,439.3,439.1,441.1,439.7,440.7,440.5,440.3,439.2,439.7,440.5,440.4,439.9,439.7,440.1,439.8,439.4,439.8,440.3,439.7,439.4,439.5,440,440.4,439.3,440.2,439.4,440.5,438.9,440.6,440.3,439,440.4,439.9,440.6,439.7,439.8,440.4,439.8,439.6,439.6,440.1,440.5,440.5,440.1,439.3,440.7,440.2,440.3,439.7,439.9,440.3,439.3,441,439.7,439.7,440.2,440,440.3,440,440.1,439.4,439.9,439.6,440.4,440.2,441.2,440.3,440,439.3,440.9,439.3,440.7,440.1,440.5,439.5,439.1,440,440.3,439.5,440.5,440.3,439.1,440.6,439.7,439.6,440.5,440.2,439.7,440.6,440.4,439.8,440.2,440.9,440.1,440.6,439.8,439.9,439.5,440.3,440.7,439.8,439.4,439.7,439.1,440.8,439.4,439.4,441.6,440.6,438.8,438.5,440.8,439.5,441.1,440.8,440.7,438.9,441,441,439.4,440.5,440.5,439.7,441.8,440.6,440.5,438.1,438.7,439.5,439.9,440.5,439.3,441.1,440.8,440.8,439.6,441.4,439.8,439.8,441.3,439.1,439.7,439.5,440.1,440.2,438.8,439.3,439.7,437.8,437.3,438.4,440.5,441.1,442.2,441,440.2,440.7,438,439.2,437.8,441.4,441.9,441.3,441.8,440,440.5,440.7,440.1,440.7,442.2,438.8,438.7,441.9,440.8,439,439,437.9,440.3,440,439.3,440.6,440,440.2,438.6,440.1,440.6,440.6,440.9,440.5,438.2,440.1,439.5,441.1,440.8,439.9,438.4,440.5,438.6,440.4,439.2,439.1,440.5,440.8,440.3,441,440.9,440.3,438.6,439,440.2,439.7,439.2,441.2,437.1,438.2,439.7,438.7,439.5,440.7,439.9,439.5,440.5,441.1,438.6,439.6,440.6,439.9,438.8,440.4,440,439.5,440.1,441.3,441.5,441.6,439.4,440.1,439.6,440.8,441.7,442,440,440.4,440,440.7,440,439.6,439.1,441.5,439.7,440.6,438.8,440.9,442.9,442,437.9,440.7,440.1,439.8,439,438.5,440.4,439.6,440.2,438,439.5,439.6,439.5,440.4,440.5,439.7,439.7,440,440.5,441.9,439.1,440.2,440.3,439.6,441.7,439.3,440,439.6,440.6,441.5,439.9,440.4,439.1,440.1,439.7,441.5,440.1,440.9,440.3,441.2,437.4,440.9,439.7,438.7,440.3,439.4,441.6,437.6,440.4,439.3,440.2,441,439.1,440.5,439.2,440.5,438.2,440.9,439.4,440.1,441.4,439.3,439.8,439.3,439.4,439.9,440.5,438.5
439.9,439.1,440.4,440.7,440.3,439.6,439.8,440.3,440.4,439.7,440.2,439.7,439.5,439.8,440.5,440.6,438.7,440.8,440.1,439.7,440.2,439.7,440,439.7,440.5,439.8,439.2,440.2,439.8,440.2,439.7,439.9,438.8,440,439.3,440,440.2,439.8,439.3,440.8,439.3,440,439.7,439.9,438.6,439.9,440.2,439.3,440.5,439.8,440,439.3,439.9,440.5,440.1,439.9,440.3,439.7,440,439,440.4,439.7,440.9,440,439.8,438.2,439.9,439.5,440,440,439.3,439.9,440.1,440.2,440.6,440.3,440.3,439.7,440.6,439.4,439.5,440.1,440,440.4,439.2,440.2,440.2,440.4,440,440.3,439.8,439.7,440.1,439.4,440.3,440.8,440,440.7,440,440.4,440.3,440.3,439.3,440.5,440.1,440.5,439.6,440.9,440.2,440.3,440.2,440.2,440.5,440.5,439.7,439.7,440,439.4,439.7,440,439.2,440.2,438.4,439.8,440.1,440.5,439.6,439.9,439.6,439.3,439.3,439.5,440.9,439.9,439.9,439.3,440.3,439.8,439.5,439.6,441.4,439.9,440.2,439.3,440.3,440.3,438,440,438.8,438.3,440.3,440.1,441.2,440.3,439.8,439.8,438.7,439.6,440.8,440.5,440,441,440.2,440.2,439.6,440.4,439.4,439.7,440.8,439.2,439.4,440.8,440,440,440.5,440.7,440.5,440,439.4,441.4,440.1,442.4,441,440.8,439,439.1,439.8,440.6,439.7,439.7,438.3,439.3,439,440.7,440.8,438.8,440.1,440.7,440.6,438.9,438.4,441.4,439.8,441.9,438.8,441.2,441.1,438.5,441.4,440.6,440.7,439.1,439.4,439.2,439.6,440,438.9,440.9,440.2,441.3,439.2,440.3,440.3,440,440.7,439.7,439.2,440.7,440.1,439.9,439.5,440.6,440.3,439.5,438.2,440.6,439.7,441,440.7,440.2,440.2,438.4,440.4,438.6,440.4,441.1,440.3,440.1,441.2,441.2,439.4,441.1,439.2,439.3,441,439.2,440.2,441,440.8,441.5,439.9,439.7,439.6,439.8,439.9,438.7,439.5,440.2,438.9,439.9,438.8,440.5,440.1,439.7,441.1,440.2,440.9,439.3,442.7,438.2,440.7,439.6,440,441.1,440,440.3,439.7,440.4,440.9,441,439.7,439.1,438.5,440,442,438.6,438.7,438.8,440.2,440.8,439.6,437.5,440.4,440.9,439.9,439.6,439.4,438.4,439.1,439.7,442,440.7,441.5,438.5,440.6,438.2,439.8,440.8,439.8,439.6,440,440.3,439.2,439.9,439.7,438.5,440.1,439,440.6,439.6,439.7,440.2,440.3,437.7,440,440,441.8,440.1,440.4,440.7,438.9,440,438,439.9,440.7,441.2,440.5,438.1,438.8,439.7,438.4,440,439.7,440.8,439.5,441.1,439.9,440.4,441.4,440.6,438.7,441.1,442.1,440.9,439.7
439.9,439.8,439.4,440.3,439.8,440.4,439.1,439.8,440.4,439.8,439.9,440.7,440.6,440.3,439,439.7,440.2,440.7,440.5,440.4,439.9,440.8,440.4,440.4,440.4,439.5,440.4,440.2,439.9,439.7,439.9,439.8,440.4,439.8,440,439.4,439.7,440.3,440.2,439.4,439.8,441.3,440.3,440,440.6,439.7,440,439.5,439.9,440,439,440.2,439,440.3,439.6,440.1,439.9,439.7,439.7,439.5,440.5,440.5,440.3,440.1,439.5,439.8,439.7,439,440.6,440.4,440.1,440,439.9,439.8,439.6,440.4,440.9,440,439.7,440.1,439.8,440.4,440.4,440.7,440.5,439.7,440.6,440.1,440,440.4,439.8,440.3,439.7,440.7,439.7,440.5,438.7,440.7,440.4,440,440.1,440.2,439.4,439.4,439.5,440.4,440.5,439.9,440.5,439.7,440.3,439.7,440,439.9,438.7,439.5,439.4,440.1,440.4,440.9,439.9,440,440.4,440.5,440.1,439.9,440.1,440.4,440.4,440.2,439.5,440.1,440.4,439.5,439.9,440.9,440.1,439.8,439.1,440,441,440.3,439.9,440.6,439.7,441.4,441.3,441.2,438.3,440.9,439.8,438.4,439.9,438.9,438.2,440.5,441.8,439.2,439.1,440.8,440.6,438.3,440.2,439.1,440.9,440.1,441.3,440.8,440.1,439.5,439.5,440.5,439.8,441.6,440.1,440.4,440.7,440.1,439.6,442.5,439.3,439.6,439,439.8,440.4,438.4,439,441.1,438.5,440.7,439.8,441.2,440.7,440.1,439.5,442,441,439.7,440.2,440.8,439.5,440.6,438.4,440.4,440.8,441.9,440,441.2,438,439,440.8,441,440.4,439,438.5,440.2,440.8,439.6,440.1,440.3,440.6,440.1,440.9,440.3,439.1,440.3,440.6,438.4,439.8,443.6,438.7,440.1,439.9,440.2,438.8,439.9,440.7,440.7,440.3,440.6,439.8,438.7,439.6,439.1,439.7,439.7,440.5,439.7,439.6,438.6,439,440.3,438.6,439.4,440,438.4,439.7,441.1,439.1,438.5,438.2,440.2,438.9,441.5,441.2,440.1,439.1,438.9,438.4,440.6,440,440.8,439.8,440.2,439.3,441,439.8,439.2,440.4,440.4,439.9,441.1,437.9,439.4,440.1,439.5,441,439.5,441.2,439.8,440.7,441,439.2,440.5,442.5,439.2,440.8,439.7,440.1,440.1,441.1,439.9,440,439.7,439.3,439.5,439.9,441.6,439.5,439.8,439.6,439.3,439.4,438.6,438.2,439.3,440.8,440.3,440.3,439.9,440.1,441.1,442.1,439.8,441.9,440,440.2,438,438.9,439.1,437.5,438.4,438.1,440,440.6,442.1,438.9,440.9,440,439.4,440.3,439.9,439.8,438.7,440.6,438.7,439.4,441.7,439.5,439,439.9,440.6,440,439.9,438.9,440.7,439.9,438.9,441.9,438.7,438.5,441.2,440.5,440,439.8
440.2,440,440.2,439.4,439.4,439.8,439.8,439.8,439.9,439.7,439.7,440.3,440.3,439.6,440.2,439.6,440.1,440,439.4,440.3,440,440.1,440.2,440.4,439.9,440,440.1,440.1,439.7,439.9,440,440.1,439.6,440.1,440.5,440.6,440.2,440.2,440.1,439,440.5,440,439.8,439.9,440,440.7,440.4,440,439.5,440.5,439.5,439.3,439.6,439.6,439.7,439.7,439.9,439.7,439.8,439.8,439.8,439.9,440.5,439.7,440.4,439.5,439.2,440.3,440.1,440.4,439.9,440.3,440.3,440.8,440.5,439.6,439.5,439.3,439.9,441.3,440.3,440.7,440.1,439.3,440.3,440,439.8,439.8,439.2,439.5,440.1,438.9,439.3,440.2,440.3,440.4,440.6,440,440.1,439.3,439.5,439.2,439.9,440.2,440.1,440.5,440.4,440.7,439.3,440.2,440.4,439.7,440.2,439.4,439.7,440,440,440,440.1,441.1,438.9,439.3,439.5,439.5,439.7,439.1,440.1,440.1,440.3,439.8,439.2,439.5,439.8,440.3,440.1,439.9,440.2,439.8,440.9,439.5,439.6,440,439.8,440.2,439.9,441.8,440.8,439.2,440.5,440.1,440.9,437.6,438.5,440.7,440.6,439.2,439.8,439.9,440.2,439.4,439.8,440.3,440.9,441,440.6,440.5,439.6,439.7,438.6,439.5,441,440.1,440.3,439.6,441.3,441.9,438.6,441.4,439.9,440,438.8,440.7,440,441.6,440.8,440.2,439.1,438.7,440.4,439.8,440.4,439.4,440.1,439.9,439.4,439.2,439.8,440.9,440.1,441.3,439.3,440.6,440.5,441.9,440.9,440.7,440.2,439.5,440,439.6,441.5,440.8,439.3,439.1,439.4,438.9,439.8,440.9,440.5,440.3,438.9,439.5,438,439.3,437.8,439.6,440.4,440,438.8,439.9,439.6,439.3,440.1,439.3,440.8,440.3,440.9,440.1,439.8,438.6,437.8,441.5,439.8,438.4,440.5,438.9,440.3,440.6,440.5,440.6,439.2,441.1,441.1,439.2,440.5,440.8,439.1,439.5,440.6,440.2,440.4,440.8,439.5,438.2,440.4,440.3,441.5,442.3,441.8,439,441.4,438.6,440.1,441.5,440.3,439.1,439.3,440.3,439.9,440.9,440.6,440.1,439,440.9,440.4,439,440.2,440.2,441.1,438.3,440.8,440.3,441.2,440.2,440.1,439.7,441.1,438.5,440.5,440.7,441.1,440.4,441.3,440,440,440.4,439.4,440.7,440.6,440.9,440.7,439.3,439.4,439.5,441.6,439,440.1,439.8,440.4,439.6,441.3,440.9,440.6,439.2,439.8,441.9,439.5,440.6,438.9,439.8,439.9,442.4,441.5,441.8,439.5,438.1,439.1,439.3,440.3,440.3,442.3,440.3,439.1,440,439.9,441.3,439.2,439.6,438.5,441,439.6,442.5,440.7,439.7,441.9,439.7,438,439,440.1,439.8,440.6,440,438.3,439.9,439.6
440.1,439.6,439.9,439.9,440,440.4,440,440.2,440.7,440.2,439.2,440.6,440.2,441.1,439.9,440.6,439.8,439.9,439.8,440,439.4,440.2,440.5,439.7,439.3,440.1,440.3,439.9,441,439.6,440,440,440.3,440,440.1,439.8,438.7,439.5,440,439.8,439.9,439.3,439.6,440.3,439.3,440.1,440.2,440.8,440.5,440.6,439.2,440.1,439.4,439.4,439.4,440.1,439.2,440.5,440.1,439.9,440.1,439.6,440.2,440,439.9,440.4,439.7,440,438.7,440.3,440.1,440.7,440.4,440.4,439,440.6,440.3,440.9,439.5,439.8,440,439.4,440.2,440,440.7,440.3,440.4,440.5,439.8,439.7,438.6,440.1,440.2,440.4,439.3,439.3,440.2,439.3,440.2,439.8,439.5,439.9,439.8,439.6,439.9,439.9,439.6,441.2,439.3,439.6,440.5,440,440.2,439.7,439.9,440.1,440.3,440.1,439.8,439.7,439.5,440.4,440.3,441.1,439.9,440.3,439.9,439.7,440.6,439.9,439.9,440.8,440.8,440.9,439.4,439.7,440.4,440,440.5,439.5,439.6,440,440.5,441.2,440.1,441.1,440,441.3,439,439,439.7,439.9,439.7,439.9,439.7,438.6,439.6,440.3,440.1,438.9,442.4,441.1,438.9,439.7,441.3,439.3,439.7,439.1,440.2,440.3,439.7,441.5,439.1,439.3,439.6,441.4,440.7,438.1,439.2,439.9,441.2,441,438,440.4,438.6,440.9,438.5,439.6,440.2,440.1,438.4,440,439.8,440.5,440.3,438.8,440.2,438.6,439.3,440.6,440.3,439.5,439.4,438.6,440.8,439.1,440.6,438.4,440,441.3,440.7,438.4,437.8,439.7,438.6,439.8,439.2,437.8,440.2,441.1,439,438.1,440.2,439.7,439.7,439.5,438.2,440.6,438.9,442,438.6,439,442.7,439.4,442,439.8,439.7,440.6,440.5,440.1,440,441,439.9,440.5,440.9,440.5,439.7,440.9,440.1,439.3,438.7,440.2,438.1,440.3,438.9,440.4,438.4,440.1,439.6,440.5,441,441,440.2,440.8,439.1,440,440.2,440.5,440.7,440.6,440.4,439,441.4,441.1,440.1,442,438.8,439.5,438.9,437.9,440,440.5,440.2,439.4,439.3,439.3,440.8,438,440.4,440.5,439.8,439.5,440.1,439.6,441.6,438.9,439.7,439.5,440.1,439.9,440.6,438.9,440.9,438.4,439.7,440.8,439.8,441.2,440.2,440.1,440.1,440.3,440.4,440.8,441.6,439.6,438.4,439.6,439.9,437.5,440.4,439.3,440.4,440.9,441.4,441.7,439.3,439.5,441.7,438.7,439.5,441.6,439.6,439.9,440.6,440.1,440,440.4,441,439.6,439.9,440.4,439,440.3,439.5,438.3,439.9,440.6,439.1,441.2,439.9,437.9,440,440.8,439.7,440.1,441.7,439.3,440.6,440.6,438.9,439.1,439.1,441,438.9
440,440.3,440,439.3,439.9,439.2,440.3,439.7,441.3,439.5,440.6,440.3,439.8,439.4,439.7,439.9,439.6,440.7,440.7,440.5,441.2,439.5,440.7,439.5,439.4,440.3,439.7,439.6,440.4,438.7,439.7,440.1,439.4,440.2,440,439.6,440.2,439.9,440.2,440,440.3,439.9,440,440.4,439.7,439,440.5,440.6,439.7,439.3,439.7,440.4,439.8,439.9,440,440,439.3,439,440.3,440.9,440.6,439.4,440.7,439.8,440.9,439.8,439.5,439.4,439.7,439.9,440.2,438.6,439.3,440.7,440.6,440.3,439.8,440.2,439.9,439.4,438,440.1,441.3,439.8,440.3,440.2,439.6,439.7,440,440.2,440.2,439.8,440,440.1,439.3,439.5,439.8,440.3,440.1,439.7,439.7,440.7,440.4,440,440.4,439.5,440.1,440.5,439.9,439.9,440.6,440.4,439.5,440.6,440.1,440.1,439.8,439.8,439.5,439.9,440,440.1,440,439.5,440.5,440.3,440.2,439.2,439.8,440,439.8,440.2,440.2,439.5,440.3,439.8,440.4,439.6,440,439.1,440.4,440.3,440.1,439.5,439.9,439.6,441.7,438.9,440.7,439.1,439.6,440.1,440.6,441.4,439.1,440.6,439.4,441.8,440,440.5,441,438.9,440.7,440.2,439.6,440,437.4,439.3,440.2,440.8,440.3,440.3,440,439.2,442.2,441.5,439.2,439.5,439.9,440.6,438.7,438.6,439.5,438.7,440.1,439.7,439.6,439.6,439.5,441.5,439.5,440.6,440.2,440.1,439.3,440.7,439.9,440.4,440.3,440.9,440.6,440.2,440,439.4,439.6,440.9,438.9,440.4,441.7,440.1,440.4,440.4,439.6,439.1,439.5,440.6,440,440.5,441.2,438.1,441.8,438.8,439.9,439.6,440.5,440.3,440,439.7,440.9,438.9,440.8,440.7,441.4,440.1,441.3,440.2,439.2,440.3,440.5,441.3,439,439.9,438,441.9,440.4,438.7,440.3,443.6,440,441,441,442.4,439.4,441.7,441.2,439.1,438.6,441.4,441.2,440.2,440.8,439.4,439.3,441.1,441,440.7,441,439.1,438.8,439.4,439.5,438.4,437.9,440.7,439.6,440.4,440.8,441.7,439,440.7,438.7,440.9,440.7,440,440.4,441.4,440,440.5,439.7,440.9,438.8,440,440.8,439.6,440.4,438.6,439.3,440.1,442,439.6,439.3,441.7,441.2,440.1,439.2,439.9,440,440.2,441.6,439.8,439.8,439.1,440.8,441.1,439.8,440.3,439.4,438.7,437.6,439.5,440.7,440.5,441.4,439.8,438.4,438.4,440.2,438.2,439.8,439.9,439.4,441.2,440.4,439.4,438.4,439.7,439.8,440.7,438.9,441.3,440.4,438.7,440.3,439.4,439.6,439.2,440.1,440.3,440.3,439.8,440.2,440.1,439.6,439.3,438.8,440.5,439.1,440.4,440.3,441.4,438.6,439.8,440.6,440.8,438.9
440.3,439.9,440.6,440.1,440,438.9,440,439.6,440.1,439.8,440,440.1,439.8,440.7,439.4,440.7,439.8,440.2,439.2,439.6,440.4,439.7,440.1,439.2,440,439.4,439.9,440.9,441.3,440.9,440.5,439.4,440.2,439.4,439.8,440.1,440.3,440.4,441,439,440.8,438.5,439.8,439.8,439.6,440.3,440,440.1,439.5,439.9,440,440.4,440.2,438.8,438.5,440.1,441,439.9,440.1,439.9,440.4,439.4,439.8,440,439.5,441.1,439.3,440.6,439.5,439.1,440.3,440.2,440,439,439.3,441.6,439.2,439.6,439.2,439.6,439.6,441.3,439,439.3,439.3,439.6,439.7,440.1,440.2,440,440.4,439.9,440.6,439.7,439.8,440.7,440.2,440,440,440.3,440.2,440.3,439.8,439.2,439.4,440.5,440.5,440.2,439.6,439.6,439.9,439.5,440.9,440.7,440.4,440.7,439.4,439.1,439.8,440.3,440.4,439.6,439.7,439.1,440,439,440.2,439.2,440.3,439.8,439.6,440.5,439.9,439.7,438.7,440.3,440,440.4,440.7,440,440.2,441.3,439.1,440.6,440.5,439.4,439.8,441.4,441.2,439.6,440.7,441.7,440.8,440.6,440.1,440.8,439.3,439.7,441.2,441.2,438.8,440.6,439.1,437.9,438.8,441.6,439.1,439.1,441.2,442,440.6,439.4,440.5,439.4,439.6,439.5,440.5,439.7,439,439.7,438.4,441.5,438.7,439.4,442.2,440.8,439.1,439,439.9,440.2,439.4,440.5,440.8,440,440.5,440.9,440.7,439.7,441.1,440,440.5,439.2,438.7,439.5,438.5,437.8,440.6,440.6,440,439.6,439.4,439.5,438.7,440.3,440.2,441.7,440.5,442,439.6,441.1,440,440.5,439.3,439.5,438.7,440,437.9,440.5,440.1,438.5,440.6,439.9,441.2,440.6,438.6,440.8,439.1,440.2,439.8,439.2,437.6,440.3,440.1,441.2,441.1,440.2,438.7,440.3,440.2,440.9,439.9,440.3,438.5,441.2,438.8,438.3,440.5,441.4,438.7,439.2,439.9,439.5,441.2,441.8,439.4,440.1,440.1,438.9,440.8,440.3,441,439.8,441.1,439.3,439.4,439,440.8,439.5,442.5,440.1,439.6,438.5,440.7,441.4,439.7,438.8,440.4,439,442.3,441.3,442.8,440.7,438.8,438,440,439.2,440.3,439.9,439.6,440.2,437.6,441.5,440.6,438.5,439.5,440.5,438.1,439.3,439,440.7,440.7,441.1,440.7,439.5,440.5,440.1,438.6,439.6,438.8,438.1,441.1,441.1,440.4,440.8,438.8,441.6,439.5,440.1,439.7,439.1,441.6,440.4,439.1,438.8,439.6,442.2,439.6,439.6,439.5,441,439.7,440.9,438.8,438.2,440.3,439.5,439.1,438.9,439.1,440.7,440.2,437.9,441.8,440.8,439.5,441,438.5,440.4,440.1,440.4,440.7,441,440,442.6,440.1
440.3,440.5,439.2,440.3,440.1,439.9,440.4,440.3,439.4,440.2,440.2,440.3,439.7,440.1,440.1,439.4,440.1,440.9,439.5,440.8,440.6,440.1,439.9,440.3,440.4,440.1,440,439.8,439.8,440.2,439.4,439.8,440.1,439.9,438.7,440.6,440.4,439.2,440.5,439,440.1,440.6,440.7,439.8,439.5,440.6,440.7,439.6,440,440.8,441,439.3,439.8,440.1,439.3,440,439.4,440.5,440.6,439.9,439.8,438.9,440.1,439.5,439.9,440,441.3,440.1,441.3,440.6,439.3,439.4,439.7,439.2,440.7,439.5,439.9,440.5,439.8,440.7,439.9,439.4,439,440.1,440.6,439.8,440.5,440.4,439.6,440.3,440.1,439.5,439.4,439.9,440.1,440,439.9,441.3,440.1,440.5,439.8,440,439.3,440,439,440,438.5,440.6,440.9,439.8,440.6,440.6,439.6,438.9,440.7,440.6,440.5,439.8,440.1,440,440,440.4,440,439.4,439.9,439.3,439.8,440.4,439.7,439.8,439.8,439.4,439.6,439.7,439.7,439.8,440.3,439.5,440.2,439.3,440.9,439.7,440.8,440.4,439.2,440.2,438.7,439.8,438.1,438,440.3,438.9,439.4,441,438.4,439.8,440.1,438.7,440.6,437.7,439.1,440.6,440,438.5,439.8,440.7,440.7,441.2,440.4,440.4,440.5,438.4,439.6,441.3,439.3,441,440,439.9,439.4,438.9,440.8,439.3,440.4,440.1,439.9,440.8,439.1,439.7,440.4,440.6,439,440.2,439,440.6,440.1,439.6,440.3,438.7,440.7,440.1,440.7,440,440.1,441,440.4,440.1,440.1,438.8,439.9,438,442.4,440.9,440.9,438.9,439.5,440,440.4,437.4,439.5,440.3,439.2,441.6,438.8,439.2,441.3,439.9,440.3,439.5,440.9,439.7,440.1,438.8,441.9,439.9,440.5,440.1,441,439.7,438.5,441.8,440.1,439.6,440,441.3,438.2,439,440.6,439.3,440.2,440.4,439,438.5,440.1,438.7,440.9,438.8,439.2,438.1,439.9,440.1,442.5,440.1,441,440.1,439.2,439.7,438.3,438.4,437.2,439.5,439.3,439.8,439.8,438.7,439.5,439.8,440.4,438.8,439.8,439.9,440.1,440,439.2,437.9,440.5,440.2,439,438.7,438.4,439.1,438.3,438.8,439,442.4,440.7,441.1,439.1,440.2,440.9,440.6,441.5,439.5,440,439.3,438.2,438.7,439,438.4,440,440.2,439.9,438.5,438.6,440.1,440.8,439.4,440.3,439,438.9,439.6,439,439,440.2,443.1,438.9,438.9,437.8,439.1,440.4,441.4,438.3,440.1,438.8,439.8,438.8,440.2,439.1,438.9,440.5,439.6,438.5,439.6,441.3,440.4,441.6,437.5,441.5,440.3,438,439.5,438.8,439.9,441.2,441.6,439.2,438.3,441.1,439.9,438.3,439,439.2,440.8,440.6,438.9,442.4
440.5,440.7,439.8,439.1,440.9,439.7,439.2,439.8,439,441.1,440.7,440.2,440,440.8,440.3,439.5,439.4,440.9,439.9,440.9,439.7,439.8,439.3,439.2,440.5,439.3,439.7,439.7,440.3,439.4,439.3,438.9,440.2,440.9,439.5,440.1,439.8,440.8,440.7,441,439.8,439.8,439.5,440.1,441,440.3,440.9,439.3,439.5,440.3,440.1,440.7,439.4,440.2,439.7,440.2,439.7,441.1,440.8,440.3,439.7,440.3,440.7,441.1,439.6,440.2,439.6,439.4,439.6,440.2,440.1,440.3,440.2,440.2,440.4,439.3,440.7,439.4,439.9,439,439.3,438.9,440.3,439.6,440.6,439.4,439.8,440.7,441.2,440.8,440,440,440.1,439,440.5,440,440.3,439.3,439.6,440.4,440.7,439.6,439.9,439.7,440.3,439.5,440.4,439.8,439.7,439.7,440.4,439.8,440.5,439.7,439.7,439.4,440.5,440.2,438.9,440.7,440,440.2,439.6,440.7,439.6,439.5,439.5,441.1,439.9,439.9,440.4,440.7,440.9,439.4,440.4,440,440.4,440.4,439.9,440.3,441.3,439.9,439.6,440.4,439.2,438.5,439.5,438.8,439.4,439.9,439.4,441.5,441.6,440.1,439.5,437.9,439.7,439.4,440.4,438.4,438.6,440.3,439.4,440.9,439.7,441.5,440.2,438.1,440.6,439.6,440.9,440.5,440.4,438.4,438.7,440.7,440,438.6,438.9,438.1,442,439.8,439.9,440.1,439.3,441.5,439.8,440.6,439.8,439.8,440.5,439.6,438.8,440.1,440.3,440.7,440.6,439.2,439.2,439.1,439.1,442,440.3,441.6,439.7,442.4,440,439.2,439.7,439.4,438.9,442.3,439.2,439.7,440.7,442,439.3,439.5,439.9,438.9,440.8,440.1,439.3,441.4,438.3,438.8,438.9,440.3,440.8,439.3,439.3,439.4,440.6,439.1,438.8,439.3,440,440.1,439.7,441.8,440.6,439,440.5,442.4,439.1,442,439.3,438.6,440.1,442.2,440.8,439.2,440.3,440.5,441.9,439.4,439.5,440,440.3,439.4,439.7,442.4,441.1,439.4,440.5,441.1,439.1,439.7,440.8,439.4,441.2,439.5,439.6,439.7,440,438.3,440.1,440.2,437.6,439.5,440.8,440.1,438.4,440.6,440.3,441.2,439.2,438.4,441.3,439.8,441.6,438.3,438.6,440.8,439.9,440.6,440.2,439.5,438.4,440.6,438.2,438,440.1,440.4,439.8,439.9,442.1,439.6,439.6,439.3,442.1,440.9,439.5,440.1,439.5,441.4,441.5,440.1,441.4,440.3,440.8,439.1,439.8,441.9,440.7,440.2,440.4,440.8,440.9,441.5,438.7,440.4,440.3,439.2,441,440.1,439.4,440.5,440.6,438.5,438.5,441.7,440.5,438.5,441,439.7,441.3,440.2,441.5,440.7,440.9,440.2,441.3,438.5,439.2,440.9,440,438.6,438.5,437.8,439.7,439.8,438.5,439.6,438
439.8,440.1,439.9,439.3,440.7,439.8,440.5,439.9,440.4,440,439.6,439.7,439.9,440.5,439.8,440.7,440.1,439.2,440,439.3,439.5,439,440.3,440.1,439.1,439.7,440.1,440,440.4,439.4,440.3,439.7,439.7,440.5,440.5,440.5,440.4,439.4,439.8,439.9,440.3,439.8,439.8,439.1,440.3,440.5,439,439.5,440.5,440,439.6,441.1,439.9,439.4,439.6,440.4,439.9,439.9,440.3,439.6,439.9,439.5,440.2,440.2,439.8,439.8,439,440.1,439.4,439.4,440.4,439.8,439.9,440.2,440.7,440,439.3,440.1,440.4,439.5,439.6,440.1,439.4,438.4,440.2,440,439.9,439.8,440.4,439.6,439.7,440.3,439.4,440.1,439.7,440.1,440.3,439.8,440.4,440,439.8,438.8,439.4,440.8,439.6,439.9,440.3,440.4,440,440.1,440.7,439.7,440.2,439.4,439.5,440,441,440.4,440.1,440.6,439.8,439.6,440.3,440.2,440.6,439.8,440.4,439.5,439.9,439.2,439.8,440.2,439.6,440.2,440.3,439.7,439.9,440.1,439.7,439.4,438.7,440.3,439.1,439.4,440,440.6,441.1,441.9,439.2,438.9,441.1,440.2,440.4,440,439.9,440.7,439.7,441.3,439.1,441.3,440.7,439.4,441,440,441.3,439.1,438.8,440.3,441.6,441.1,440.8,441.3,439.6,439.9,440.1,438.9,441.6,439.5,439.8,439.7,439.2,440.1,440.1,439.5,440.7,438.3,440.2,440.7,439,438.5,440.6,440.6,439.8,439.6,440.9,440.4,439,440.4,438,439.4,438.8,440.5,440,437.1,439.2,441.6,441.2,439.6,437.8,441,441.4,439.3,438.1,439.9,439.2,440.6,441,440.7,441.3,439.3,439.3,439.4,439,439,440.2,440.2,440.5,440.7,439.9,442.7,440.4,437.7,440.1,439.9,439.4,440.6,438.8,441.3,440.7,441.2,440.6,439.6,439.4,440.5,440.7,440.6,441,440.3,438.8,440.5,438.5,439.7,440.6,439.3,442.7,439.5,439.7,439.2,440.1,438.9,440.2,440.5,439.5,440.6,440.6,441.5,441.8,442,440.9,439.7,439.8,440.7,439.7,439,439.5,440.5,439.7,440.8,439.6,440,441.2,440.3,439,439.9,438.2,438.3,440.1,438.9,438.2,440.1,437.5,438.9,441.1,438,441.4,439.6,439.2,439.4,439.1,439,439.3,440.4,440.2,439.8,440.4,441.2,439.4,441,439.4,440.2,440.7,439.1,440.4,441.3,440.2,439.2,439.1,440.4,439.6,440.6,441.4,440.5,440.2,440.5,438.7,440.5,440.3,440.7,439,438.4,440.2,438.8,440.5,438.6,440,439.6,442,437.4,440.7,440.2,440.7,438.9,437.7,441.3,439,440,441.3,440.9,441.9,439.4,441.2,440,440.7,440,441.4,441.3,440.3,440.7,439.6,439.2,440.6,439.1,440.4,440.5,440.4
439.5,440.5,439.6,440.9,440,439.9,439.3,439.9,440.4,439.6,439.8,440.3,439,440,439,440.7,439.8,440.3,439.5,440.4,439.2,440.2,440,440.2,439.5,440.1,440.5,440.2,440.3,439.8,438.6,440.1,440.7,439.4,439.9,439.9,440.2,440.4,440,440.5,440.1,440.2,440.3,439.4,439.6,440.2,439.8,440.3,439.9,440,440.1,440.4,440.6,440.1,439.6,440.6,440.3,439,440.3,439.1,440.5,439.3,439.6,439.9,440.6,439.6,440.6,439.8,439.9,440.6,441,441,440,440.8,439.5,439.5,439.9,441.3,439.8,439.8,439.9,439.5,440,439.8,439.9,439.3,440.3,439.5,439.5,440.3,440.2,439.9,440.2,440.8,440.6,439.3,440,440.7,439.6,439.3,440.4,440.7,439.9,440.6,439.7,440.3,440.6,439.7,440,439.3,440.2,439.7,441.4,440.2,440.9,440.8,439.7,439.9,440,440.5,439.7,440,439.8,440.1,440.4,439.8,439.6,439.9,440.1,440.5,439.8,440.1,439.5,439.5,439.7,440.4,440.8,439.8,439.5,439.5,440.4,440.4,439.5,439.8,439.3,440.9,437.7,439.1,440.1,439.3,438.5,439.9,440.4,439.7,441.2,440.1,439.2,439.3,439.9,441.1,440.5,440.6,438.8,441.4,439.6,441.8,439.3,438.6,441.1,440.8,438.7,440.6,439.3,442.6,439.4,438.9,438.4,438.4,438.4,440.1,440.3,441.3,440.7,439.3,441.2,439.2,439.2,439.2,439.2,439.8,438.2,439.3,440.1,441.4,441.8,439.1,441.1,439.2,440.1,439.5,438.4,439.1,439.3,438.7,439.8,441,441.7,439,438.2,439.6,439.7,439.8,440.5,437.9,439.2,439.9,439.9,441,439.9,440.7,439.7,439.1,440.3,440.1,439,439.9,438.1,441.6,438,439.9,441.1,441.3,439.1,439.6,438.8,439.4,441.1,439.7,442.1,439.7,440.1,439.4,439.8,440.9,439.9,438.7,440.9,440.4,439.4,439.4,439.6,439.3,441,440.6,438.9,439.9,440,441.3,440.4,440,440.7,441.4,439.1,440.8,439.7,440.2,440.3,439.2,439.2,439.8,439.1,439.7,441.8,439.6,440.1,439.8,441.3,440,441.4,438.8,441.4,439.1,439.3,441.1,440.7,440.2,439.6,442.5,440.1,440.1,440.1,440.4,439,438.4,441.4,439.6,441.4,441,439.8,440.4,440.3,439.7,440.5,439.4,438.9,439.3,439.2,440.4,439.7,439.1,442.1,439,441.2,439.1,440,440.5,438.9,441.1,440,440.6,439.4,439.7,438.9,439.9,440.3,440.9,439.9,439.8,440,440.8,438.6,440.6,438.7,439.6,438.5,440.9,440.9,438.4,440.8,439.9,438.8,439.9,439.8,441,440.7,437.3,441.1,441.1,439.6,441.4,438.7,441,440.4,441.6,440.4,439.3,441.2,439.8,438,439.7,437.9,440.5,439.9,440.3,439.7
440.2,440,439.4,440,439.6,440.2,439.4,440.9,440.9,440.9,440,439.8,440.3,440.2,439.9,440.3,439.7,439.9,439.5,439.8,439.8,440.2,439.7,439.7,440.1,439.7,440.1,440.7,440.4,440.9,439.4,438.4,440.4,440.1,439.9,439.7,440.3,440.6,440,440,440.1,439,439.8,440.9,440.6,439.4,440.4,440.5,441.2,439.3,440.8,440.3,439.9,439.4,439.9,439.1,440.2,440.6,440,439.4,441,440.5,439.7,440.4,439.4,440.1,440.6,440.5,440,441,439.4,440,441.2,440,440.2,440.6,439.9,440.4,440.4,439.8,439.8,440.4,440.4,439.9,440.5,440,440.4,440,439.8,440.2,440.1,440.2,440.6,439.7,438.9,440.5,439.9,440.6,440.2,439.8,440.4,440.3,440.3,440,440.1,439.9,440.4,439.2,439.5,439.9,440.1,439.3,439.3,439.4,440.7,440.6,440.4,439.7,440.5,439.6,439.6,440.4,440.7,440.4,439.4,440.2,439.6,439.9,439.8,439.7,439.7,440.8,439.4,440.1,439.5,440.4,440,439.6,440.2,440.1,440.2,440,439.5,440.8,439.8,439.7,441.6,440.9,438,439.1,440.3,440.5,439.1,441.4,438.9,439.3,439.4,439.4,439.7,440.1,439.7,440.2,439.4,439.5,440.7,441.5,440,439.7,441.3,440.4,440.3,441.9,439.5,440.3,440.7,439.6,437.9,439.8,441.9,439.1,439.4,441.7,438.9,441.2,440.2,442.2,439.6,441.5,440.1,440.3,440.1,440.1,440.8,440.4,441.5,440.3,440.3,438,439.6,440.8,438.4,438.9,440.3,439.2,439.6,440.8,439,440.1,440.3,440.6,439,439.4,440.3,438.7,439.8,440.4,438.4,441.1,439.9,440,441.4,439.9,440.8,441.6,439.9,439.3,440.5,438.4,441.6,439.7,441.7,440.6,442.1,439,441.8,439.4,439.4,439.3,440.7,441.2,439.4,441.2,440,439.6,439.2,441.2,439.9,441.6,438.3,438.6,439.2,440.9,439.7,441.4,439.1,438.6,440.7,439.6,438.9,440.9,441.6,438.8,438.8,440.5,441.4,440.6,439.7,438.2,439.7,440.9,440.9,440.1,439,439.4,440.9,440.1,440,440.4,440.2,442.3,439.7,439.8,439.8,439,439,440.8,440.9,440.1,439.3,441.2,440.4,440.1,440.5,439.9,440.3,439.5,440.6,442.5,440.6,441.4,437,439.6,441.9,440.8,440.5,440.4,441,439.5,441.1,439.1,438.8,440.7,438.7,439.1,440.3,439.9,438.7,440.2,439.6,439.5,441.1,439.4,439.8,437.8,439.9,439,439.8,439.6,440,439,438.9,441.6,441.2,440.4,440.7,441.7,440.2,438.7,441.1,437.8,439.3,441.1,439.5,441.4,440.8,440.2,440.3,440.5,440.4,438.4,440.7,440.1,439,441.1,439.7,440.3,440.4,441.1,440.1,440.1,439.2,440.1,440.4,440.9,441
440.3,439.7,439.7,440.4,439.1,440.3,439.8,440.7,440.3,439.5,440.2,440.4,440.2,439.2,440.2,439.7,439.6,440.1,440.5,440.2,438.7,439.8,440,440.1,440,439.2,439.6,439.9,440.6,441.2,441.9,438.9,441.5,440.3,440.4,440.3,439.4,440.2,440.1,440.1,440.9,440.5,439.6,439.2,439.7,440.1,439.7,440.4,440.4,441.1,439.9,441.2,440.3,440,440,440.4,440,440.6,440,439.4,439.8,439.8,440.2,439.7,439.8,439.6,440,440.5,439.7,439.5,439.8,440.3,439.6,439.2,440.7,440.2,440,440.3,439.6,440,440.2,440.7,440.4,440,439.8,439.2,440,439.5,440,440.7,440.3,439.7,439.6,440,440.6,439.9,440.7,440.5,439.8,440.1,439.2,439.2,440.1,440.9,440.3,439.2,439.2,440.4,440.3,440.7,439.7,439.7,440.6,439.6,439.5,439.8,440.8,440.1,439.8,439.5,439.3,439.4,439.8,440,440.4,440.4,440.8,440.1,440.1,440.3,439.8,439.8,440.5,439.8,440,440.8,439.2,439.5,440.6,439.5,441,440.3,440.5,439.5,440.4,440.1,439.2,439.7,440.2,440.7,437.8,440.6,440.6,441.2,441.1,439.7,441.5,441.4,437.9,439.7,438.8,440.8,442.8,440.3,437.3,440.2,438.8,439.3,440.4,441.9,439.5,439.9,438.4,438.8,440.3,440.7,440.5,441.4,439.4,440.1,440,439.9,439.2,442.2,440.2,441.8,440.9,440.2,440,440.5,440.8,441.2,439.5,440.4,438.4,438.3,439.6,439.5,439.3,441.5,438.7,437.6,440.1,440.6,439.9,439.4,441.1,442.7,440.1,438.4,438.8,440.7,440.6,439.7,439.3,441.2,441.4,440.7,440.6,440.6,439.5,440.9,439.7,440,439.6,438.7,440.8,439.1,440.8,441.8,439.7,440.5,440.4,439.7,439.8,439.4,442.8,438.8,439.1,440.8,439.8,438.4,439.1,440.9,440.3,440,440.6,439.5,441.2,440.4,438.8,439.9,440.2,439.2,439.5,439.7,439.2,439.7,440,440.5,438.6,439.3,440.4,439.9,441.3,441,441.1,441,438.5,440.4,438.4,440.4,441.3,439.7,441.1,438.1,440.4,440.7,440.8,439.4,440,439.8,439.8,440.9,439.6,440.2,439,439.4,439.6,440.4,438.2,440.9,439.5,439.9,440.8,439.2,438.6,440.2,438.1,441.3,439.5,441.1,439.9,440.9,438.4,440.3,440,438.2,442.6,441.9,439.8,437.7,438.5,440.2,440.2,440.4,439.5,438.2,438.9,437.6,441.2,438.5,440.6,441.8,440.2,440.4,441.5,439.7,438.6,440.4,440,439.1,439,439.9,440.5,439.6,441.7,439.6,439.9,440.1,438,439.1,438.8,440,439.8,440.1,438.9,440.5,439.1,442.6,441.4,439.8,441,441.4,442.2,438.2,442.2,440.4,440,440.4,440.2,440,439.4,439.1,438.9
439.7,440.1,440,439.3,440,440.3,440.9,440.4,440,440.5,440.4,440.3,440.2,439.7,440.1,440.8,439.2,439.7,439.8,440.3,440.2,440.6,439.8,439.1,440,439.6,439.4,440,439.8,439.8,440.6,440.3,439.7,439.3,440.1,440.4,439.6,440.5,439.6,441.2,440.1,440.4,440.3,440.3,440.4,440.4,441.2,440.1,439.9,439.5,440.1,439.6,439.6,439.9,440.2,440.4,439.9,439.9,440,439.8,439.8,440.8,440,440.6,439.9,440.5,439.8,440,440.3,440.4,440,440.3,439.7,439.9,440.6,440.1,439.6,440.6,440.2,439.6,439.1,440.3,439.5,440.8,440.5,439.7,439.6,440,440.7,439.7,440.3,440.1,440.4,439.4,440.6,439.2,439.8,439.8,440.1,441,439.9,440.2,440.3,439,440.5,440.2,440.1,440.4,439.9,439.2,440.7,439.8,440.4,440.3,439.7,441.1,439.1,439.8,440.2,440.3,439.8,440.7,440,440.6,439.5,439.9,440.7,439.1,440.2,439.5,440,439.9,440.1,439.8,439.7,440.2,440.3,440.2,439.8,439.5,440.7,440.8,440.5,439.2,440.9,441,439.8,440.3,439.7,440.7,439.8,439.9,439.2,439.5,439.8,439.2,438.3,439.2,440.1,439.2,440.4,440.2,441.6,440.9,440.8,439.2,441,442.6,439.1,438.5,440.1,440.4,438.4,440.1,441.3,440.6,439.9,441,439.1,441.2,439.5,440.2,441.9,439.1,440.9,439.4,438.7,439.7,439,441,440.2,439.8,440.4,439.5,440.8,441.2,438.8,441.6,442.8,438.4,440.3,440.8,440.8,441.5,442,441.6,439.8,440.9,440.7,441,441.4,439.1,441.3,440.1,439.3,441.6,440.9,439.5,438.9,439,440.9,440,439.1,440.4,440.2,441.3,441,438.7,440.9,440.4,437.9,440.9,443.3,440.1,440.8,439.4,439.1,440.1,441.5,439.7,440.9,438.9,437.4,440.3,441.3,440.4,442.2,439.9,440.6,440,439.3,437.8,441,441.2,438.2,438.8,442.4,440.1,439.9,440.6,440.3,440.4,440.5,438.7,439.3,439.2,439.3,438.4,442.3,439.2,439.8,439.8,438.2,438.2,439.6,439.4,440.4,441.1,440,440.2,441.5,439.8,438.9,440.4,440.7,439.6,441.6,439.2,440.4,439.7,442.2,439.7,439.6,440.8,440.3,439.3,440.6,438.3,440.4,439.6,440.3,439.7,439.8,439.9,441.1,441,441.2,438.6,440,439.4,439.8,440.9,439.2,439.4,439.3,442,439.4,440.4,440.5,440.6,438.9,439,440.6,441.4,439.4,438.9,441.6,440.3,440.7,440.9,439.2,440.8,438.4,438.9,440.1,440.1,440.9,440.3,439.5,439.3,441.5,440.7,441.7,439.9,440.9,439,440.7,440.7,439,440.1,439.9,438.8,439.8,440.3,439.8,438.2,440.8,437.7,441.4,439.2,438.8,441.8,440,439.2,441.2
439.4,440,440.3,439.8,439.4,439.9,440,439.6,439.8,440,439.3,440,439.7,439.2,439.9,440.2,439.7,440.2,439.5,440.8,440.2,440.5,440.7,439.6,439.9,439.7,439.9,440.7,439.9,439.9,440.3,440.9,440.2,440.1,439.9,440.6,439.5,439.8,440.5,440.1,439.7,441.4,440,440,440.1,439.9,440.4,440.4,439.1,440.6,440.2,439.9,440.7,439.6,439,439.9,440.1,440.7,440.3,440.3,439.4,439.3,440.6,439.5,440.6,439.4,440.7,439.6,439.7,440.4,439.6,439.9,440.5,440,439.8,440.1,439.9,439.4,440.8,440.2,440.3,438.7,439.2,440.2,439.2,439.9,440.3,440,439.9,440.4,440,440.6,440,439.2,440.3,439.4,440,440.4,440,440.6,440.2,440.2,440.8,439.7,440.4,439.5,440.2,439.3,441.5,440.1,440.4,439.7,439.7,440.2,439.6,441.1,439.8,439.7,439.5,440.2,440.5,440.1,440,440,441.1,440.2,439.6,440.1,440.4,439.3,439.9,441,440.3,438.9,439.5,440.7,440.3,440,440.7,440.3,440.2,440.1,439.8,439.3,440.6,442.5,440.1,440.5,439.3,441,437.9,439.2,442,440.6,440.3,439.3,438.9,439.5,440.2,439.1,438,439.3,439.2,438.3,440.5,440.5,442,439.7,441,439.9,438.1,441.1,440.9,439.6,441,441,441.3,439.9,439.6,440.7,439.6,439.9,438.8,439.7,441.9,439.4,441.1,439.9,439.4,439,441.1,438.9,440.3,441.5,439.5,439.7,440.1,440.7,437.7,440.4,441.1,441.2,441.2,439.3,439.3,438.3,439.1,441.6,440.1,440.3,440.7,441.8,442.1,439.4,442,439.4,439.3,441,440.4,440.4,438.8,440.2,439.2,438.8,440.1,440.6,439.1,439.5,440.8,440,439.8,440.1,439.9,439.3,440.1,439.1,439,439.7,437.5,438.8,440.8,439.6,440.5,440.2,440.6,439,441.8,439.8,439.3,439.9,439.9,438.8,440.8,439.5,441.1,440.4,439.7,439.8,440.2,438.5,438.7,439.3,439.6,439.9,439.3,440.4,440.2,439.7,438.7,442.6,439.6,439.5,439.7,440.1,439,440.6,440,438.9,439.2,437.4,438.9,440.1,441.8,439.5,440,441.4,438.2,439.6,439.7,439.5,440.1,441,438.7,438.7,439.4,439.8,440.3,440,441.7,439.2,440.8,441.2,439.6,440,440.3,438.9,438,440,440.2,438.6,440.3,440.3,440.7,439,439.4,440.6,442,439.4,438.1,438,439.8,440,441.4,439.4,439.2,441.6,442,439.5,440.2,440.1,439.6,440.4,442,438.4,441.5,439.9,439.1,441.1,439.1,439.6,440.1,438.7,440.9,441.2,440.4,439.8,439.9,441,438.1,439.4,440.5,440.4,440.5,440.6,440.1,439.2,440.7,441.9,441.9,440.4,441.7,438.1,438.8,441,441.5
441.1,439.5,440.4,440,439.5,439.9,439.9,440.7,440.3,439.9,439.8,440.4,440.3,440.5,440.2,439.6,439.6,439.8,439.1,439.8,439.8,440.6,439.9,439.7,440.4,439.3,440.4,440.9,440,439.6,440,440.5,440.1,439.4,440.5,440.2,439.6,440.1,440.1,440.1,440.3,439.2,438.8,440,439.6,439.5,440.6,439.9,440.7,439.5,439.6,441,439.9,439,440.6,440.4,439.9,439.7,439.9,439.7,440,440.9,440.3,440,440.2,439.9,439.9,440.6,439.6,439.8,441.2,440.2,441.4,438.9,440.9,439.6,440.2,440.5,440,439.8,441.5,440.6,440.7,439.5,440.3,439.6,441,440,441,440.3,440.1,440.3,440.9,439.6,439.9,439.4,440.8,440.3,439.5,439.5,440.2,440.4,440.4,439.7,440,441.1,439.2,440.5,440.4,440.6,440.8,439.8,440.5,440,440.3,440.1,440.5,439.4,439.8,439.2,439.9,440.6,439.7,439.3,439.5,439.8,440.8,439.8,440.2,439.6,439.6,440.8,440.8,440.2,440.1,439.7,440.2,440.3,439.5,439.4,440.5,440.1,439.9,438.9,439.8,439.4,438.8,439.7,442,439.2,439.5,438.7,439.7,439.8,439,440.9,438.6,440.4,440.7,439.5,440.1,439.3,438.7,439.9,438.6,441.2,439.5,441.8,441,440.3,440.3,438.6,441.2,440.3,440.6,440.7,440,440,441,439.9,441,440.7,440.5,439.6,437.1,439.6,438.5,441.9,439.2,440.4,439.9,440.7,439.9,440.7,439.8,441.1,439,440.7,440.6,441.9,440.1,440,439.6,440.8,439.7,440.6,437.9,439.3,441.1,440.8,440.2,441,441.5,439,439.7,440.2,441.5,438.1,441,439.4,439.7,439.8,439.5,440.3,439.8,439.5,439.4,440.7,440.8,438.6,440.7,439.1,440.1,440.5,441.5,438.9,440.1,440.3,438.7,440.6,438.8,440.6,440.9,440.7,440.3,438,440.2,439,438,440.3,439.9,441.1,440.7,439.8,440.5,440.5,439.7,439.7,441.5,439.2,441.5,439.6,440.3,439.1,439.6,441.6,438.1,439.4,440.6,440.5,441.1,440,440.1,438.3,439.9,441,440.4,440.1,439.5,440.8,440.8,440.6,440,440.6,439.9,442.3,441.3,439.7,441.1,439.1,440.7,438.9,439,439.3,440.6,439.4,440.3,442.4,440,438.1,438.6,439.9,439.6,438.4,439.1,441.2,439.2,440.3,439.1,439.9,439.7,438.9,440.2,440.6,440.5,441.1,439.2,439.7,441.8,440.1,440.1,440.6,440.2,439.7,440.8,441.3,440.4,441.1,439.7,438.3,440.5,437.4,439.3,440.8,439.7,440.5,439.7,439.1,441.8,439.3,439,439.9,439.4,439.6,439.4,439.9,440.9,438,440,439.6,441,439.1,440.1,440.8,439.7,438.9,438.6,440.1,441.7,439.2,438.8,439.8,439.6,440.4,440
440.1,439.5,440.6,439.1,440.4,439.2,439.4,440.1,440.2,439.9,440.7,439.6,440.8,439.7,440,440,439.7,439.5,439.5,439.9,440.2,440.1,439.7,439.8,440.5,440.7,440.3,440,440.3,440.4,439.9,440.1,440.2,439.8,439.4,440.1,439.5,440.7,439.4,440.4,439.5,439.9,440.8,439.3,439.5,440,440.1,440.1,440.2,440.7,440.6,439.6,439,439.5,440.5,439.4,440,440.2,439.8,439.3,440,440.9,439.9,439.3,440,439.7,439.5,440,440.1,440.6,439.5,440.7,439.2,440.1,440,440.6,439.8,440.1,439.8,440,439.8,439.9,441,438.8,440,440.3,440.5,439.9,440,439.6,439.1,439.6,439.7,439.6,441.2,440.6,439.6,440,439.3,440,439.4,440.2,439.8,439.3,440.4,440.3,439.7,439.8,440.1,440.5,440.3,440.3,439.5,440.7,439.6,440,440.1,440.1,440.9,439.7,440.2,440.5,440.3,440.1,439.9,440.4,439.6,440.1,440.9,439.2,439.8,440.2,440.6,439.9,440.2,439.2,440.2,439.5,439.5,440.2,439.9,440,440.1,440.3,439.7,440.2,439,439.3,440.2,439,441.2,441.4,440.5,438.2,439.7,438.5,440.7,438.4,438.1,439.3,438,440.2,440.7,440.3,439.7,438.3,440.7,440.4,440.8,440.3,438.9,441.4,439.2,439.5,441.4,441.4,439.3,440.5,440.4,439.6,441.2,440.1,439.6,439.4,442.5,441.8,440.7,440.7,440.6,441,440.4,440.9,439.8,438.3,440.3,439.8,440.4,440.2,440.2,439.6,440.1,439.5,439.9,440.5,441,441.9,440.3,437.6,439.5,440.4,439.4,440,440.1,438.4,440,440,441.1,440.4,440.7,441.9,439.3,441.3,439.1,439.3,440.4,439.8,440.4,441.4,441,441.8,439.2,438.6,438.2,441.4,440.1,439.8,440.8,439.7,441.6,439.6,440.7,439.5,440.5,440.7,440.5,440.7,440.4,439.5,440.8,440.2,438.5,440.2,438.1,438.6,440.6,440.1,439.1,438.5,438.7,439.5,438.6,439.3,440.4,440.7,442,440,439.6,440.5,439.8,441.1,440.4,440.2,439,439.7,439.1,440.9,440.4,438.1,440,440.2,438.8,440.6,440.2,440.7,440.4,441.2,440.7,440.2,439.9,439.3,439.9,439.1,439,439.3,440.5,439.2,439.9,437.9,441.6,440.1,438.2,436.9,440.8,440.3,440.4,439.6,439.9,439.3,440.3,440.6,440.4,439.6,440.6,440.7,440.4,441.4,440.4,440.2,439.6,440.8,441.3,438.9,439.6,440,440.7,439.3,441.1,441,439.7,439.7,441,439.3,439.2,442,439.1,437.5,441.2,440.9,440.1,439.4,438.2,439.4,440.1,440,439.5,440,439.4,439.9,439.5,439.8,438.7,439.1,440.2,440.3,441.3,440.1,441.8,441,439.6,441,441.3,438.7,440.9,439.7,440.2
439.9,439.6,440.7,440,439.4,439.8,439.3,440.1,439.5,439,440.5,440.6,440.3,439.3,439.4,440.6,441.2,439,439.3,439.8,440,440.2,439.7,439.6,440.5,440,439.8,439.7,439.7,439.8,439.8,440,439.9,440.1,439.4,439.2,441.1,440.5,439.8,440.7,440.3,439.8,440.3,440.4,440.2,440.7,440.8,440.1,440.4,440,440.3,440.8,441.2,439.8,439.9,440.3,440.8,440.1,440.1,439.4,439.5,440.5,439.8,440.1,439.4,440.3,439.9,440,439.4,440.2,439.7,439.8,440,440.2,440.1,440,440.6,438.9,440.6,440,439.9,438.8,441.2,439.3,440.4,439.7,439.4,440.2,439.6,439.8,440.9,440.9,438.9,439.9,440.4,440.3,440.6,439.8,440.6,440.1,440.2,440.1,439.2,438.9,440.4,440.6,440,440.4,440.8,439.9,440.4,439.5,440.4,439.5,439.4,439.3,440.7,440.6,440.2,440.4,440.8,440.2,440.2,440.3,439.5,440.7,439.8,439,440.4,440.3,439.7,439.7,440.3,440.3,439.6,440.7,440.8,440,439.6,440.7,440.8,440.8,440,440,440.2,439.2,440,438,442.9,439.1,440.1,439.6,440.6,438.1,439.2,440,440.1,437.8,440,440.1,440.7,439.7,440.6,441,440.1,438.9,438.5,440.5,438.1,438,441.9,441.8,439.9,440.8,440.8,441,440.1,438.2,440.7,441.3,440.5,440,441.5,438,438.9,441.1,439.9,441.7,439.5,441.5,439.9,439.6,441.7,440.4,440,441,439.7,439.9,438.9,439.1,442.6,441.1,438.4,438.7,439,441,439.9,440,437.7,440.2,440.8,440.5,439,440.3,439.4,440.5,441.4,438.9,438.8,440.3,441.4,439.7,440.6,439.5,439.8,439.9,441.1,440,440.6,439,439.9,440.2,439.3,441.7,440.4,441.8,439.3,441.4,439.4,439,442.1,440.6,439,442.3,440,442.8,439.1,439.7,439.2,438.5,438.4,439.6,439.3,441.1,440.2,439,440.3,440.6,438.6,437.9,440.7,439.9,440.4,439.6,439.2,440.4,440.6,441.1,439.9,440.4,439.5,438.9,441.5,441.7,439.7,439.7,440.1,441,439,440.3,441.5,439.4,439.8,438.8,440.6,441.2,440.7,438.8,441.2,439.5,439.5,439.9,438.8,440.7,440.6,438.1,440.5,439.4,439.8,440.3,439.8,438.3,440.6,440.5,442.2,439.3,439.7,440.6,439.9,440,442.4,439.6,440.5,439.4,438.5,437.6,439.4,439.9,439.8,441.2,440.5,439.7,440.9,441.5,440.3,439.9,440.1,440,439.1,440.8,439.5,438.7,441.2,440.2,438.8,439.7,439.5,439.7,440.2,439.3,440.7,439.2,440.1,439.7,439.6,439.8,439.6,440,439.5,440.3,442.4,440.2,439.4,441.1,439.8,437.7,440.7,441.4,440.1,441.5,440.8,440.9,441.2,438.9,440.3
440.4,439.7,440.7,440,440.4,439.5,439.9,440.1,440.5,439,440.2,439.7,440.7,439.5,440.5,440.5,438.9,440,439.7,439.6,439.6,439.5,439.9,440.3,440.7,440.2,440.4,440,440.1,439.7,440.4,440.2,439.9,440,439.4,439.8,439.2,439.6,440.4,439.4,440,440.3,440.6,440.5,440.4,440.3,439.8,440,439.1,439.8,439.9,439.9,439.7,439.9,440.4,440,439.2,439.7,439.9,440.1,440.1,440.4,439.5,439.8,439.5,439.8,439.5,440.2,439.8,440.1,439.9,440.5,440.1,441,439.9,440.8,439.3,439.9,439.8,439.9,440.1,439.9,441,439.6,439.6,439.1,440.1,439.6,440.3,440.6,440.3,440.2,440,440.1,440.4,440.4,440.8,439.5,440.2,440.1,439.2,440,440.2,439.9,440,439.8,440.8,440.1,440.7,440.3,439.5,439.2,439.9,440.4,440.6,438.9,439,440.3,439.4,439.9,440,440.3,439.8,439.7,440.5,439.4,439.3,439.5,439.9,439.8,440.2,439.5,440.1,440.4,440.9,439.8,439.3,439.3,439.9,439.2,439.5,439.3,440.4,439.9,440.3,439.7,439.2,438.5,439.7,439,438.7,439,440.7,439.7,439.6,439.2,438.9,441.6,439.9,439.8,441.3,441.6,440.1,439.4,440.2,441.6,439.7,442.7,441.2,439.9,439.2,440.1,439.9,440.5,441.7,438.7,439.2,439.6,440.1,441.4,440.8,439.1,438.6,439.7,439.5,439.1,438.7,439.6,441.7,439.6,438.1,440.2,441.5,438.3,440.5,440.1,441.1,439.8,439.8,438.1,439,439.5,438.1,440.3,440,440.8,438.9,440.3,440.2,438.2,439.8,443.4,440.2,438.5,440.1,437.7,440.5,440.4,438.8,440.4,440.2,441.9,440.3,439.9,440.7,440.3,438.1,439,440.1,439.1,438.2,440.8,439.4,440.2,438.6,439.3,439,440.8,440.8,439.3,439,441.3,438.4,439.2,440.6,439.8,438.6,440.2,439.7,439.5,441.1,439.5,439.8,439.5,439.4,442,440.7,440.6,442.2,439.9,438.4,441.8,438.9,440.2,438.5,438.1,439.3,441.1,440.8,439.8,438.7,439.6,439.6,439.1,441.1,440.1,440.6,438.6,439.8,441,440.5,439.8,441.7,440.7,438.8,438.4,441.4,439.1,439.4,438,440.2,439.7,438.4,440.3,439.3,439.3,438.8,441.1,438.9,436.8,439.5,440.7,438.1,440.5,440.5,438.3,438.7,438,441,439,439.9,441.6,440.1,439.7,441,439.5,441.3,439.4,439.9,439.9,440.2,439.2,439.1,439.4,440.1,439.5,443.4,438.9,439.2,440.5,439.6,439,441.1,440.1,439.3,440,440.2,440.3,440.7,441,440,439.4,437.9,439.5,439.7,439.7,440.2,439.8,440.9,440.5,440.7,438.1,439.6,439.4,439.5,440.3,440.1,441,440.3,440.2,440.5,440.6,441.4,438.7,440.1
440.3,439.2,440.3,439.5,439.9,439.2,439.9,439.9,439.7,439.8,440,440.2,439.5,440.6,440.4,440.5,440,439.2,440.6,439.6,440,439.6,439.9,440.2,440.9,440.2,440.3,439.3,440.1,439.8,439.9,439.8,439.6,440,440.2,439.5,440.7,439.3,440.2,439.3,440.5,439.8,439.8,440.1,439.3,440.3,440.1,440.6,440.7,439.8,440.1,440.7,440.3,440,440.1,439.8,440.5,439.9,439.9,441.1,440.2,440.3,440.3,440.4,440.1,440.1,440.8,439.1,440.4,440.1,440.5,439.9,439.8,439.9,439.5,440,440.1,440.4,439.5,440.1,440.5,440.1,439.3,439.8,440.4,440.1,439.9,439.6,439,439.8,441.4,439.7,439.9,440,439.4,439.9,440.5,439.7,439.7,441,441,439.7,439.3,440.4,439.5,438.9,440.1,439.8,440.1,439.9,439.7,439.9,439.8,440.5,439.9,439.6,440.6,439.6,439.8,440,439.7,440.7,439.1,440.2,440.6,439.8,440.3,439.7,440.5,438.9,439.6,440.4,440,440.2,440.2,440,441.2,440.3,439.9,440.3,439.2,439.5,440.2,439.9,440.3,438.3,439.3,441.5,438.8,439.6,440,440.7,440.7,441.9,440.3,439.6,440.7,438.6,442.6,439.3,440.7,437.7,439.3,439.5,439.9,439.5,439.8,438.4,438.3,440,441.6,441,439.9,440.6,440,440.7,441,440.6,441.2,440.4,442,440.2,440.1,439,439.3,441.2,438.9,438.5,440.8,439.9,441.4,440.9,439.3,441.6,438.6,438.4,440.2,440.5,441.1,440.5,438.6,439.3,441.3,440.7,438.9,439.9,440.6,440.5,440.1,438.4,439.9,441.7,439.5,439.7,439.4,440,440.4,439.4,440.6,441.9,439,439.6,440.2,442.6,441.1,440.2,440.3,439.8,439,440.9,438.7,439.4,440.7,441.6,438,439.9,440.4,439.1,439.4,440.2,440.6,440,439.5,439.1,436.7,441,440,440.9,440.4,438.2,440.7,440.6,439.5,439.1,438.6,440.2,441.3,439.4,439.4,441,440,441.8,441.1,440.7,439.9,440.1,441.7,439.5,441.1,440.7,441.4,441.5,441.5,439.4,438.6,440.4,440.5,439.4,441.4,441,441.5,440.7,442.3,439.2,441,439.2,437.6,438.9,440,440.5,439.4,439,441.8,440.4,440,439.8,440.3,438.7,441,438.7,440,441.4,440.5,441.1,437.7,439.1,439.5,440.6,441.4,440.8,440.3,438.8,440.6,440.9,440.3,441.4,439.3,440.2,441.6,439.7,439.2,439.8,439.3,440.1,440.2,440.3,440.4,440.8,438.9,441.4,440.5,439.7,440.3,438.6,438.8,439.5,440.3,441.2,439,440.4,440.3,440.8,439.5,439.6,440.6,438.3,440.7,438.7,440.5,441.3,439.3,438.2,441.8,440.9,440.8,440.3,439.1,440.5,440.3,440.2,442.1,439.5,437.8,442,440.4
439.7,440.2,440.2,440,439.5,440,440.5,439.8,440.3,439.3,440.2,439.3,440.4,439.6,440.1,440.5,440.1,439.7,440.1,439.2,439.5,440.1,440.4,439.4,438.6,440,440.2,439.8,440.4,439.7,440,440.4,440,440.7,440.8,439.9,439.5,440.2,440.3,440.1,440.5,440.3,440.4,440.6,440.4,440.2,440.3,440,440.2,441.2,439.3,440.4,439.3,440.4,440.7,441.5,439.9,439.8,439.7,439.5,439.6,440,439.4,440,440.3,440.3,440.2,439.8,440.6,439.9,440.2,439.6,439.1,440.8,440.5,440.6,440,440.2,439.3,440,439.8,440.3,439.9,440.1,439.8,440.7,439.8,439.4,440.4,440.4,441,439.9,440.3,440.5,440.3,439.7,439.7,439.7,440.1,440.7,440.4,440.1,440.2,440.4,441.4,439.4,440.7,439.6,440.9,440.2,439.6,440.6,439.7,439.6,441.1,439.5,440.2,439.7,439.5,440.1,440.3,439.9,440,440.1,439.9,440.3,440.1,440.4,440.2,440.4,439.3,440,439.6,440.3,440.5,439.6,439.9,440.4,439.4,439.4,438.4,440.6,439.5,440.1,439.8,439.4,440.2,440.4,440,440.6,440.8,439.4,439.3,440.2,439.5,439.3,438,438.9,438.7,438.2,440.1,441.4,439.8,440.8,441.4,439.8,439.5,439.7,439.5,440.5,440.8,441.4,440.7,438.1,439.3,440.8,437.9,440.5,440.4,438.4,440.5,441.1,439.5,439.8,439.8,439.3,439.9,437.9,440,439.7,439.7,439.2,440.3,439.9,437.6,438.2,440.1,439.9,438.8,439.5,439.5,441.7,439.4,439.9,440.2,440.8,438.9,440,439.1,440.3,440.1,438.9,439.1,439.5,439.9,439.7,439.8,442.1,441,440.3,440.3,440.1,440.7,439.7,440.1,440.3,438.6,440.7,441,440.6,441.1,439.3,438.8,439.6,440.8,440.7,440,439.9,438.7,438,440.6,441.1,441.2,440.4,439,438.9,438.7,440.3,439.4,441.4,437.6,439.9,441.5,439.4,441.8,440.4,439.4,440.4,440.6,438.5,440,438.8,440.4,440.8,440.3,440.4,439.7,440.3,439.5,441.6,440.3,442.2,441,440.6,439.7,440.1,440.1,439.6,440.1,439.7,436.6,439,440.3,438.1,442,440,438.4,440.9,441,441.6,440.6,439.7,439.6,440.4,439.1,439.7,438.5,440.8,438.3,439.7,438.3,439.9,442.2,440.4,440.4,440.3,440,439.1,441.4,440.3,440.8,441.1,441.5,437.9,438.9,440.1,441.4,440.9,440.2,438.1,440.3,439.7,440.8,441.9,440.3,439.2,439.7,441.3,441.6,439.3,438.5,440.9,440,439.3,441.3,438.9,440.1,439.8,439.4,440.8,440.1,441.6,439.3,439.9,439.6,440,440.6,438.8,442.4,441.2,439.5,440.3,441.3,438.9,441.7,438.9,441.7,440,439.8,439.8,439.7,439.9,441.5,440.2,441.4
440.5,439.6,439.1,439.9,439.3,439.7,440.9,439.8,439.8,438.9,440.7,440.2,440.2,440.1,439.8,439.6,440.1,440.4,439.8,439.8,440.7,440.5,439.6,440.3,439.5,439.6,440.5,440.7,440.6,438.7,440.8,439.4,439.2,440.3,440.6,439.8,439.7,440.3,439.5,439.7,440.7,441.1,440,440.2,439.8,439.9,440.7,439.8,440.1,440.6,440.2,440.3,439.9,439.3,440,439.1,440.1,439.2,440.4,439.6,439.9,440.8,439.6,440.8,439.6,439.7,440.9,439.9,440.2,440.8,440.1,440.2,439.9,438.7,440.6,439.3,439.4,439.7,439.7,439.4,439.9,439.8,439.9,440.4,440.2,439.6,440.8,439.4,441.2,440,440,439.6,440.2,440.1,439.6,439.9,440.2,440.6,439.8,440.1,439.7,439,439.5,440.2,439.6,439.4,439.1,439.5,440.5,439.5,439.4,439.9,440.6,440.1,440.7,439.5,440.9,439.2,439.9,439.6,439.9,440.6,440.1,440.1,440,440.1,441.2,440.5,440,440.4,439.8,440.1,439.8,440.3,440.2,440.4,439.4,439.5,440.4,440,440.3,439.1,439.8,440.1,440.1,440.7,440.9,439.6,440.5,441.6,439.3,441.5,440.9,440.6,440.4,439.9,439,439.3,439.2,440.1,439.8,438.9,439.4,439.5,439.1,440.1,441.3,440.3,441.2,439.4,440.5,440.6,441.6,439.1,439.6,441,439.5,438.2,438.9,440.2,440.4,440.4,440.2,440.9,441.8,440.7,441,439.4,440.2,439.2,439.2,440.3,437.9,440.1,439.5,439.4,439.8,440.5,438.8,440.3,439.4,440.5,438.9,440.3,440.5,439.1,440.8,440.6,441.3,439.8,439.2,437.9,440.7,440.5,439.9,440.5,439.6,440,438.8,440.6,441.8,438.6,440.3,439.2,441.9,439.5,440.3,441.5,439.7,436.8,439.3,441.5,438.7,439.6,441.6,441.5,440,440.2,439.7,439.5,438.9,441,439.4,439.9,440.4,438.9,439.4,439.5,439.6,440.5,441.4,439.2,439.6,439.2,441.1,441,441.8,441.1,438.7,439.5,438.2,439.5,439.5,440.1,440.9,439.6,440.2,440.5,439.1,439.8,439.1,440.1,440.9,439.4,438.3,440.4,440.8,440.5,439.6,440.3,440.7,440.8,438.7,442.2,439.1,439.3,440.4,439,440.3,438.7,440.4,440.4,440.7,440.9,438.2,439.6,440.6,438.9,440.2,440.6,440.6,439.3,441.5,438.5,439.5,440,440.1,441.3,439.1,439.1,439.3,440.1,438.8,439.6,438.3,439.7,437.2,437.9,441.5,439.8,441.2,439.4,439.6,440.9,439.9,439.9,438.7,440,442.1,439.9,441.6,440.8,439.4,440.3,439.7,439.9,438.7,438.4,441.9,438.8,440.3,439.4,439.7,441.5,439.3,440.7,440.7,439.3,439.6,440.9,441.1,440,440.7,442,440.3,440.8,439.9,441,440.7,440,442.2,441,438.4,440.3,439.8
440,440.1,440.7,439.4,440.1,439.4,440.9,439.9,441,440.2,439.7,439.7,440.6,439.2,439.9,439.6,440.7,439.7,440,439.9,439.9,440.4,440.1,439.6,440.3,440,440.3,439.6,440,440.4,439.9,440.5,440.1,439.9,440.2,440.4,439.9,439.9,440,439.9,440.1,440.1,440,439.8,439.7,439.5,439.9,440.7,440.5,440.7,439.1,439.5,440.2,440.3,440.2,440.5,439.3,439.1,440.2,439.8,439.9,439.8,440.1,439.5,439.4,440.3,440.9,439.5,439.1,439.3,439.8,439.7,439.5,440.4,440,439.4,439.1,440.2,439.3,439.6,439.4,440,441.9,439.5,439.8,440.5,440,440.7,439.4,440.4,440.5,440.1,440.9,439.6,438.7,440,440.5,441.3,439.6,439.9,440,439.5,440.9,439.5,439.8,439.7,439.9,440.3,440.4,440.5,440.7,440.7,439.6,440.3,440.3,440,440,440.8,440,440.9,439.7,440.6,439.8,439.9,439.8,440,439.4,440.3,441,440.2,439.9,440.5,439.9,440.1,439.2,440,439.5,440.2,440.6,439.8,439.7,440.2,440.2,440.6,439.9,442.1,439.8,440.2,440.5,440.1,437.7,440.1,439.6,441.4,438.8,440.7,440.5,439.3,440.4,439,439.2,440.7,441.5,441.8,440.3,439,440.6,439.5,441,441.3,437.5,439.4,441,438.9,440.8,441.8,439.5,439.2,439.8,439.2,443,439.7,439.5,440.6,439.4,438.2,439.7,438.4,441.3,440.8,440,440.8,439.3,440.9,440.9,440.1,440.7,440.6,440.2,441,440.3,440.9,441.5,440.1,439.2,439.5,439.1,439.9,439.8,440.9,440.4,438.9,439.8,438.1,440.3,440.6,441.1,439,440.2,441.1,440.1,440.3,441.1,439.4,438.6,439.7,440.5,439.5,441.5,440.4,439.5,439.5,439.2,439.3,439.6,440.7,440.4,440.4,439.2,440.6,439.1,438.9,441.9,440.3,441.5,439.8,439.1,438.6,438.9,441.5,440,439.2,439.7,440.9,440.2,439.8,439.8,439.2,439.8,438.9,439.9,440.7,440,441.2,440.1,439.5,440.3,439.1,439.4,440.6,438.9,438.8,439.7,440.9,440.8,440.8,441,438.9,439.1,438.6,439.1,439.4,439.6,438,439.1,440.7,440.3,440.1,438.8,441.7,439.7,439.8,440.2,439.6,441.1,439.1,442.5,440.5,439,439.7,439,437.8,439.4,440.7,441.4,439.2,439.9,439.8,438.2,441.6,440.2,439.1,439.5,440,439.5,439.3,441.4,441.5,438.2,439.6,442.5,439.2,439.8,440.5,440.1,439.7,438.7,440,439.4,439.1,439.7,440.2,440.6,439.1,439.5,439,440.3,440.9,440.7,439.6,440.1,441.4,441.5,438.9,440.3,439.9,441.3,440.1,440.9,440.8,440.9,439.5,439.5,440.6,440.7,440.5,440.9,440,440.6,440.4,440,441.2,439,440.3,440.2
440.6,439.7,439.9,440.4,440.1,441,439.9,439.7,440.4,440.4,440.1,440,440.4,439.5,439.2,439.5,440,440.7,440.1,440.6,439.8,439.3,439.8,440.2,439.4,438.6,439.4,439.9,439.6,440.1,439.6,440,439.5,440.1,440.1,440,440.4,439.9,440.5,440,440.2,439.6,440.2,440.2,438.9,439.9,439.6,439.7,440.4,440.2,439.6,440.2,440.4,439.7,440,441,440.2,440.3,439,439.2,439.3,440.9,439.9,439.9,440.2,440.5,441.2,439.9,440,440.5,440.1,440.3,441.2,439.3,440,439.7,440.3,441.2,440,439.6,440.7,440.5,440.8,440.6,439.5,439.6,439.5,440.2,439.3,440.1,439.3,439.7,440.6,439.7,440.3,439.9,439.9,439,439.4,440.8,440.3,440.1,439.4,440.5,440.2,440.6,440.6,440,439.9,439.7,440.2,440.2,440.1,440.2,440.3,440.8,439.5,439.8,439.8,440.7,438.8,440.2,439.6,439.6,440.4,439.9,440,439.1,440.1,441.3,440.5,441.4,440.3,439.6,440.3,440.8,439.9,440.6,440.1,440.5,439.2,440.6,440,440,440.6,439.8,440.4,440.2,440,440.5,439.3,439.4,439.2,440.6,439.3,440.9,439.4,437.9,440.3,441.1,441.2,438.3,440.8,440.2,439.4,438.7,440,440.6,440.2,440.7,440.9,441.2,438,440.6,441.1,441.2,441.5,440.8,441.3,439.5,440.3,440.1,440.9,440.7,442,439.3,440.8,438.8,439.5,438.1,439.3,438.9,438.9,440.4,439.7,439.3,440,439.5,438.2,440.5,441,439.8,439.1,439.1,441.2,440.6,437.7,440.9,439.3,439.9,440.6,439.8,440.6,439.3,440.5,440.7,438.4,440,440.6,440.4,440.9,439,440.5,437.6,439.1,439.7,439.5,439.7,441.2,439.5,440.8,439.5,440.6,440,439.8,438.6,438.5,439.6,439.3,439.7,438.7,438.6,441.5,438.7,441.5,438.3,441,439.6,441.9,442,440.2,440.3,440.4,440.9,439.9,439.6,440.4,440.5,438.9,438.2,441.6,439.9,440.1,441.8,441,442.2,441.1,438.8,441.2,438.3,440.6,441.2,441,438.7,439.1,440,439.5,440.3,441.2,441.5,439.6,440.6,439.4,439.5,440.4,439.2,440.4,440.2,440.9,439.4,439.1,440.3,440.4,440.6,441.1,440.5,439.7,439.3,439.7,440.6,438.7,439.7,437.6,441.8,441.3,438.9,439.9,440.9,440.3,440.3,438.9,440.3,441.1,439.6,439.3,438.7,440.5,438.7,438.7,441.5,438.6,440.8,441.6,441.4,439.1,438.8,439.5,440.6,439.8,440.7,438.7,440.6,440.6,439.4,439.6,439.7,439.7,439.1,439,440.4,439.2,438.9,439.1,440.9,439.6,440.2,438.9,439.6,440.4,441.2,441.6,440.7,437.7,439.6,440.9,439.7,440,441.7,439.9,439.9,441.6,440.2,439.2,440.3,440
440.2,439.4,440.6,440.1,439.6,439.9,439.7,440,440.2,439.7,439.3,440.5,440,440,440.6,439.1,439.7,440,441.2,440.4,440,440.4,439.7,438.7,439.2,439.6,441.1,440.1,439,439.6,440.3,439.6,440.5,440.8,439.3,440.4,441,439.6,440,440.1,440.6,439.3,439.6,440.2,440.7,439.7,440,439.4,439.9,439.8,439.8,439.9,440.5,440.1,440,439.1,440.7,441,440.8,439.6,440,440.3,439.5,439.7,440,440.3,440.4,439.9,440.4,439.6,440.6,439.5,439.7,439.9,439.6,440.5,440.4,439.9,440.2,439.9,439,440.5,440.6,441,440.3,439.7,440,439.8,439.9,439.6,440.6,440.4,439,439.5,439.8,440.7,439.7,440.3,439.8,439.9,438.7,440.3,439.5,440,440.5,440,440.5,440.4,439.8,440,440.8,439.8,440.2,440.2,440,441.1,440.9,439.4,439.6,439.5,440.2,440,439.4,440.3,439.3,440.2,438.5,440.7,439.3,439.5,439.7,439.9,441.1,440.3,439.8,440.4,439.5,440,440.1,440.6,440.2,440,439.5,440.6,439.6,439,440.4,439.9,440.1,439.3,439.9,438.8,441.1,437.2,441.7,440,439.7,439.8,439.2,440.7,440.2,440.2,439.2,440.3,439.2,441.2,439.7,439.7,439.8,441.4,439.2,440.8,440,440.1,440.7,440,440.4,441.2,440.2,441.9,439.2,440.5,440,440.1,438.3,441.8,440.1,439.4,440.6,440.7,440.7,437.8,439,439.8,440.1,439.7,441.2,439,440.1,439.4,438.7,439.7,440.8,441.5,438.4,440.3,440.6,440.7,441.7,438.4,440.6,439.1,439.3,440.9,440.9,440.9,440.2,441.3,439.7,439.6,441,442.2,441.1,440.8,440.8,439.6,439.8,440.2,441.1,439.3,438,439.3,440.9,439.3,439.2,441.2,439.9,440.6,438.6,440.6,439.6,440.3,439.4,441.1,441.4,440.2,441.9,437.2,440.1,438.3,440.2,438.8,439.8,438.8,437.7,440.6,438.4,440.2,439.9,440.6,440.5,438.9,441,438.8,439.8,438.2,440.1,440.9,440.2,439.1,441,442,438.9,438.5,440.5,440.8,439.1,439.7,441.3,439.3,439.7,440.7,441.1,438.5,440.6,438.1,440.9,441,441.1,439.9,439.4,438.7,439.8,440.6,440.2,439.2,438.7,439.7,440.5,439.7,439.9,440.4,440.1,439.8,440.2,440.1,440.7,441.4,440.9,437,438.8,440.1,439.9,441,439.7,440.2,438.5,440.9,440.7,439.4,440.9,440.9,439,440.9,441.6,440.3,438.7,440.4,441,440.6,440.9,439.4,438.9,439.4,440.3,440.5,438.3,442.6,442,440.7,440.9,440.6,440.2,439.6,438.9,440.4,440.5,441.8,441,440.7,442.6,439.3,441.5,440,440.3,438.5,440.4,440.2,441.6,440.1,440.8,439.1,440.2,439.1,441.2
439.9,440.4,439.8,439.2,440.5,439.9,439.4,439.6,439.7,439.7,439.4,440.1,439.6,439.8,440.3,440.5,440.5,440.9,440.4,440,440.2,439.5,439.6,439.8,439.5,441,440.4,439.7,440,441.1,439.9,440.3,440.2,440.2,439.9,438.9,440.4,440.6,440.3,439.5,439.3,440.2,439.5,440.2,440.2,438.8,439.3,440.2,439.4,439.6,439.7,440,440.3,439.8,440.5,440.8,440,438.7,439.8,439.7,439.9,438.9,441.3,439.6,440.5,439.7,439.6,439.3,439.3,440.2,440.8,440.2,438.7,439.4,440.3,439.5,439.8,439.5,439.8,439.2,440.3,440.1,439.7,440,439.6,440.4,440.2,440.3,441.1,439.5,439.6,440.1,439.6,440.1,440,439.9,440.4,440.3,439.7,440.3,439.2,439.3,440.1,439.6,440.5,440.2,440,439.9,439.8,439.9,439.1,439.9,439.2,439.1,440.9,441,440.2,439.5,439.6,439.9,439.2,439.6,440.4,439.3,440,439.2,440,439.2,440,440.5,440.4,440.8,440.5,440.1,439.7,440,440.9,440.3,439.9,439.6,439.8,440.1,440.3,440.4,439.9,439.9,439.1,441.3,439.8,438.6,440,439.7,439.7,439.3,440.1,439.3,441.2,441.8,439.2,440.8,439.4,440.4,440.9,439.5,440.9,440.5,439.3,441,440.2,439.2,440.8,441.3,440.1,440.7,440.8,441.1,438.8,440.7,439.6,439.6,439.2,441.5,439.7,441.2,441.1,438.6,440.2,441.4,440,439.5,438.4,438.6,441.5,440.4,441.2,439.9,438.5,439.2,440,440.6,440,440.9,438.4,439.3,440,439.8,439.9,442,437.4,439.5,439,441.1,438.9,440.2,441.3,438.9,440.9,440,441.4,440.4,439.2,441.5,440.8,438.9,439.2,440.2,440.7,438.6,439.4,439.9,440,439.4,439.7,440.7,439.2,439.4,440.2,438.1,439.8,440.5,441.7,440,438.9,440.3,439.7,439.2,440.5,439.1,439.8,440.1,439.9,440.8,440.4,440.7,440,441.3,438.4,440.4,439.6,442,440.9,439.7,439.4,441.1,439.4,440.2,440.8,439.5,438.9,441.3,440.3,439.7,441.4,440.5,439.6,440.1,437.5,441.1,441.3,439.8,440.9,441.2,439.4,438.6,439.7,439.7,440.9,440.4,439,441.8,440.8,442.9,441.1,440,440.2,439,439.6,440.9,438.9,440.3,440.6,440,439.9,439.1,440.1,440.4,439.1,440.3,439.5,438.9,440.8,440,439.7,439.7,439.6,441.4,439.3,440.2,438.8,440.2,440.7,438.2,439.9,438.9,440.9,439.2,440.4,440.2,441.4,439.1,440.9,440.5,438.7,439.7,440,438.4,440.7,437.3,439.7,438.8,440.2,440.2,439.8,440.6,439.3,440.2,440.5,439.5,438.9,439.1,438.8,440.8,439.9,441.8,440.7,437.1,439.7,438.4,439.6,438.8,440.1,441,440.8,439.3,440.1
439.7,439.3,440.6,439.9,439.8,440.2,440.2,439.5,439.5,441.4,439.5,439.9,440.6,440.5,440.5,439.6,441.2,440.1,439,440.2,441,440.7,440.1,440.1,439.3,440.5,440,440.7,440.2,439.5,439.6,439.9,440.2,440.6,440.2,440.6,440.2,439.2,439.2,439.8,439,440.1,440.1,439.7,439.9,440.2,439,440.8,440.4,439.6,440,441.1,440.3,439.2,439.8,439.9,439.5,440.3,440.5,440.2,439.8,440.6,439.5,440,439.5,439.6,439.8,440,439.5,439.3,440.4,440.4,440.3,440.1,440.5,440.2,440.5,439.9,439.5,440,440.2,439.7,439.4,439.6,440.5,440.6,439.8,440,440.3,439.6,439.5,440.7,440.2,440,440.6,440.8,439.9,439.4,440,438.7,439.9,440.1,439.8,440,440,440.1,440.3,440.4,440,439.2,439.4,440.3,440.7,440.1,439.9,439.7,440.2,439.9,439.3,439.8,440.2,439.8,439.6,438.8,439.7,440.6,441,439.8,440.1,439.5,439.8,440.1,440.3,439.6,439.4,440.5,440.2,440.4,439.6,439,439.8,439.5,440.4,441,440.4,441,439.6,441.3,441.3,440.9,438.8,439.6,439.8,438.9,440.2,439.4,440.1,440.1,438.9,439.9,438.6,438.8,438.9,440.7,440.4,439.2,438.9,441.2,440.6,439.7,440.2,441,439.8,440.2,439.2,440.3,439.1,437.8,441.6,439.2,440.1,440.8,439.3,441.7,438.4,439.5,440.7,440.3,440,440.2,440.3,440.6,439.4,439.4,441.1,440,440.3,440.8,437.3,440.6,441.3,440.1,441.7,437.3,440.1,439.6,440.6,440.6,439.7,440.5,441.2,439.4,438.9,438.8,439.7,441.8,440.1,438.6,441.4,439.4,439.9,440.4,440.4,440.1,441.5,439.8,440.6,441.1,440.9,442,439.7,441.6,441.7,440.9,438.7,439.1,439.2,440.6,441.2,440.8,439.9,440.7,439.6,439.2,438.9,439.4,441.7,439.6,440.4,440.4,439.4,441.2,439,440.8,440.3,439.1,439.3,438.5,440.4,441.2,440,440.6,438.9,440,439,440.6,439.4,438.6,440.1,437.9,439.7,441.4,438.4,439.4,441,440.9,440.2,440.4,441.2,439.1,439.6,440.1,439.8,439.3,440.8,440.8,440.2,439.7,438.8,439.4,439.4,440.5,439.5,438.9,439.4,441,439.6,438.9,439,439.8,440.4,439.1,440.2,441.1,440.4,440.5,441.4,438,440.5,440.8,439.6,439.9,440.3,441.8,440.2,440.1,441.2,438.8,440.1,441,440.9,440.5,438.6,440.9,439.9,439,440.3,437.9,440.1,439.7,439.1,439.6,441.3,440.5,441.2,440.5,439.1,440.4,439.5,439.4,440.2,440.2,441.3,440.9,441.1,439.9,439.4,440.5,440.3,439.1,439,440.9,440.6,440.4,439.2,440.4,438.8,439.3,438.9,441.7,440.2,440.9,440.2,440.1,440.5
438.8,440.4,439.6,439.4,439.8,440.8,440.3,439.6,440.1,439.2,440.1,439.9,440.7,439.3,440.3,440,440.1,440.4,439.2,440.3,440.2,440.4,439.5,439.6,439.1,439.5,440.1,439.4,440.2,439.9,440.5,440.2,440.2,440.1,440.1,439.5,440.9,440.2,439.5,439.4,439,440.2,439.3,439.6,440.3,439.5,440.3,439.9,440.6,439.5,440.3,440.8,439.8,440.5,440.2,439.7,440.2,440.3,439.8,439.5,440.5,440.2,439.6,439.5,440.6,439.4,440.4,439.8,439.1,439.5,440.6,439.1,439.8,440.1,440.4,439.8,440.5,441.4,439.5,439.8,439.9,439.5,439.3,440.1,439.6,439.6,440.6,440.3,439.7,439.9,439.8,440.2,440.7,439.4,440.9,439.4,440.3,440.3,439.7,440.1,440,440,439.4,438.8,440,439.8,440.5,439.1,440,439.3,440,439.7,440.7,439.1,439.7,440.3,440.2,440.6,439.5,439.4,439.8,439.5,439.6,440.4,440.8,439.1,439.9,440,440.8,439.6,440.5,440.1,439.8,439.7,440.4,439.8,440.4,439.8,440.1,440,440,441,439.6,440.3,439.8,438.6,440.9,441.6,438,440,439.4,441.3,439.8,440.7,438.2,439.4,441.5,439.8,440.6,439.1,441.4,441,441,440.6,437.5,440.1,438.1,440.7,441.5,440,439.6,439.5,440,439.8,440.3,439,440.2,440.9,441.4,438.7,440.1,439.9,441.6,438.4,441.2,439.5,439.2,442.1,439.7,441.5,441.3,439.7,439.2,439,440.7,440.1,440.1,439.6,441.3,438.8,439.4,440.1,442.2,437,440,440.7,440.6,439.9,440.3,441.2,439.1,440,439.3,440.2,440.2,439.5,440.2,440.2,440.9,441,440.3,440,440.4,439.8,439.5,438.7,438.6,439.6,439.2,439.7,438.6,438.8,441.8,438.9,439.6,441.3,441.1,440.6,440.9,441.5,440.5,439.8,440.9,440.4,441.4,438.7,438.3,439.5,438.9,442.1,440.4,440.2,438.3,441.2,438.8,439.6,441.4,442.2,439.6,440.4,438.2,439.8,440.8,441.5,439.9,438.8,440.4,439.8,441.4,441,440.2,441.2,439.3,439,439.8,438.8,439.3,439.9,440.1,441.9,439.8,440.8,438.9,439.5,439.4,440.5,438.5,440.8,441.6,439,440.4,439.7,439.1,438.8,440,439.4,440.7,439.5,442,440,439.7,439,439.7,438.4,440.1,440.9,441.2,440.4,438.6,440,440.5,439.5,439.4,439,440.1,441.1,440.1,439.6,440.5,439.6,440.8,439.5,442,440.8,438.4,440.5,439.9,438.9,440.1,438.3,439.4,438.6,440,440.5,441.1,441,439.5,440.9,440.3,440.8,441.7,439.1,441.1,438.4,440.4,440.1,440.2,438.8,439,439.3,439.8,440.1,439.4,438.2,439.3,440.9,440.7,441.2,439.3,438.6,440.1,441.4,441.7,440.3,440.7
439.9,439.5,440.2,439.6,439.6,440.3,440.5,440.7,439.8,440,440.4,439,439.8,439.1,440,440.3,439.7,439.4,439.9,439.9,440.1,439.8,440.3,440.1,440.2,440.9,439.9,439.7,439.2,439.6,440,440.5,439.3,440.4,440,440.6,440.5,439.2,440.4,440.1,440.5,440.4,439.8,439.2,439.6,440.2,439.3,439.6,439.3,440.8,440.1,439.4,440.7,439.2,439.6,440.6,439.4,440.7,440.2,439.9,439.7,440.3,439.6,439.7,440.1,440.2,439.4,440.6,441.1,440.2,440.9,440.2,438.9,439.7,439.3,439.9,439.5,439.7,440.9,440.1,440.1,440.2,439.6,440.6,440.1,440.5,440.4,439.3,440.2,439.9,439.9,440.1,441,440.1,439.8,440.6,439.7,439.8,439.9,440.1,439.8,440.6,440.7,440.1,439.4,440.5,440.1,439.6,439.7,440.3,440,439.7,439.8,441,440.4,440.1,439.6,440.8,440.5,439.9,440.2,439.6,440.4,440.4,440.4,439.6,440.6,439.3,440,440.1,440.3,439.4,439.5,440.1,440,441,440.8,439.8,440.2,440.2,440.4,440.2,440.9,440.1,439.2,439.9,440.8,437.6,440,439.4,440.3,439.1,441.1,441.4,438.9,439.5,440.2,439.9,441.3,439.2,440.1,439.9,439.3,439.7,439.1,440,439.5,441.1,441,438.9,438.8,438.8,438.5,439,440.3,442.4,439.9,440.3,438.5,438.9,441,440.6,437.5,441.6,440.5,440.3,441.1,440.2,440.7,438,442.7,440.3,438.2,441.1,438.5,440.2,440.9,439.7,438.9,440.5,439.4,441.1,438.9,439.7,438.8,440.2,440.6,440.3,439.9,439.3,441,442.3,441.1,439.5,440.6,439.8,439.1,440.7,441,440.1,440.2,439.9,439.4,439.9,441,440.8,439,439.4,440.6,440.3,440.6,440.9,440.1,440.5,439,439.8,440.6,440.5,439.1,440.1,439.7,440.7,440,441.7,440.3,440.3,442,439.6,440,441.2,439.5,440.5,440,438.9,441,439.7,440.3,439.2,438.6,440,440.1,439,438.8,439.8,440.1,440,440.5,440.9,439.5,439.3,439.5,438.9,439.8,439.7,437.9,441,438.5,440.5,440.5,439.6,440.2,441,440,442.1,441.3,440,440.5,440.6,440.8,438.1,439.8,439,441.4,437.8,440.4,440.3,440,441,441.7,439.9,441.4,439.2,438.3,440.2,440.3,437.5,439.2,438.3,439.4,439.7,438,439,441.1,439.4,441.7,439.4,440.4,439.4,439.1,439.7,441.2,440.5,438.7,442,440.5,438.9,439.9,440.4,440,440.2,440.7,440.2,438.3,438.6,441.2,440.7,440.5,439.3,439.3,439.1,440.4,439.3,441.8,440,440.8,438.5,438,440.1,438.9,440.7,440.4,440.5,441.1,438.1,439.7,440.8,440.4,439.3,440.3,439.6,439.5,437.5,440.4,437.7,437.3
439.6,439.1,440.2,440.2,440.4,440.1,440.5,440.2,440.4,441,439.9,440.2,440.5,440.2,439.4,440.1,439.2,439.4,439.4,439.8,440.4,439.6,439.4,439.5,440.3,439.3,440.2,440.4,440,440,439.4,441.1,439.3,440.8,440.2,439.9,439.7,439.8,440.3,439.4,440.1,440.1,439.9,440.2,441.1,440.7,440.1,440,440.5,440.7,440.5,439.7,439.4,440.3,439.6,440.9,439.4,440.5,440.2,440.5,439.3,440,440,440.4,441.1,438.7,440.4,439.8,439.8,439.1,440.4,440.4,440.4,439.9,439.3,440.4,440.2,439.4,441,439.1,440.2,440.2,439.6,441.7,439.3,440.6,439.4,440.6,440.5,440,439.2,439.9,439.3,439.1,439.5,440.3,440.5,440.1,440.5,439.7,440.1,440,439.7,440.4,440.6,440.1,439.7,440.4,439.9,440,440.2,438.8,440.5,439.6,440.7,440.5,440.2,439.7,439.3,440,440,440.1,439.7,440.1,440.4,440,440.2,439.7,440.9,439.9,440.6,439.8,441.9,440.2,440.2,440.3,440.6,439.7,440.2,440.3,440.1,440.2,439.7,440.7,440.8,439.5,440.2,440.8,441.4,439.9,439.3,440.2,440.1,441.6,440.1,440.1,441.4,440.8,438.8,440.5,440.6,441,440.1,440.2,440.8,440,441.3,441.3,439.9,440.3,441.1,440,439,440.6,440.6,439.8,438.8,438.5,441.2,439.6,438.7,440.8,439.8,440.4,439.6,440.3,440.1,438.5,441.5,440.1,440.6,440.7,439.2,438.3,442.1,441.2,440.4,439.3,441.2,438,441.8,440,438.2,440.8,438.7,439.4,439.4,438.6,439.8,440.7,438.9,441.5,439.3,442,439.8,437.6,439.1,440.2,440.1,440,440.7,439,439.9,439.5,440.3,440.2,440.2,440.7,440,440.9,439.1,440.3,439.7,439.9,440.3,438.4,439.6,438.5,439.2,438.5,439.4,440.5,440.3,440.3,440.2,440.6,438.8,440.5,441.3,440.5,439.4,438.9,439.5,439.1,439.8,438.7,442.2,439.3,441.8,441.3,438.6,440.5,438.9,439.5,438.1,441.2,440.6,440.2,441.1,440.2,440.4,441.6,438.7,441.7,437.7,440.7,440.2,440,440,439.2,441.1,439.9,439.4,440.3,440.3,440,439.9,440.6,440.9,441.5,439,439.9,439.5,439.4,440.4,442.4,439.2,441.6,438.9,441.2,440.3,439.7,439.1,441.2,440.3,440.4,440.8,438.9,439,440.6,439.4,439.3,439.5,440.2,442.2,439.8,439.3,438.9,438.8,440.8,440,440.1,440.7,440.5,440.1,441.2,439.1,440.6,439.8,440.6,438.9,439.1,439.2,438.8,439.4,440.9,440.1,439.8,439.5,442.1,439.4,437.8,439.9,439.8,439.1,439.8,441.3,440.8,437,438.5,438.8,440.4,439.6,439.5,440.6,437.5,441,439.4,438.7,437.9,440.1,439.9,439.7,440.9,440
440.2,439.4,440,440.1,439.6,439.5,439.8,439.5,440,440.5,440,439.5,440.5,438.8,439.8,439.8,440.1,439.8,440.3,440,440.2,439.8,438.9,440,439.7,440.2,439.6,438.9,441.3,440.3,439.8,439.8,439.4,440,439.9,440.2,439.5,440.1,440.8,439.9,440.6,439.5,440,440.2,439.5,439.4,439.7,440.1,440.6,439.8,440.7,439.5,439.9,439.8,439.6,439.1,440.1,440.5,440.3,439.3,441.1,440.2,440,440.8,439.1,440.6,440,439,439.7,439.7,439.4,440.5,439.6,440.4,440.2,440.5,439.9,439.8,439.7,440.6,440,439.6,440.1,438.9,440.2,440.1,439.8,439.7,439.8,439.6,439.5,441,439.7,440,439.2,439.6,440.1,439.4,439.9,440,440.2,440.7,440.2,439.9,440.3,440.4,440.6,439.6,440.7,441,440.5,440.6,439.9,440.3,439.6,439.3,439.1,440.1,440.3,440.2,440,439.9,439.6,440,439.8,440.2,440.7,440,440.3,439.4,440.4,439.1,440,439.3,440.4,440.1,440.2,439.7,440.9,439.7,438.5,439.6,439.6,439.5,439.8,439.6,441.8,440.9,440.9,440.2,440,441.3,440.4,440.6,440.4,439.6,440.6,440.9,440.4,439.6,439.4,438.9,438.3,440.1,437.7,439.5,439.8,439.7,438.9,440.6,439.7,439.7,438.7,438.9,440.8,441.2,439.8,439.9,441,439,441.7,440.2,439.7,440.6,440.6,439.9,440.7,440.7,440,440.1,439,439.1,440.3,440.1,439.4,438.6,438.8,440.8,439.5,441.1,441,438.4,440.6,439.6,440.5,439.6,441,441.5,438.8,439.9,438.9,438.9,440.7,438.7,440.3,439.2,440.5,439.9,439.6,440.7,440.4,440.2,439.4,440.4,440.8,441.2,440.1,438.5,439.8,440,440.8,439.4,438,441.8,439.5,441,440.4,440.2,439.9,440.6,441.5,439,441.1,440.1,439.8,442,440.8,440.1,440,439.7,440.2,439.2,441.5,441.1,438.6,438.9,438.6,440.4,439.8,439.8,439.5,439.8,439.4,438.8,439.9,438.8,441.6,441,438.8,438.7,438.1,439.9,440.5,440.9,438.6,439.6,438.9,440.5,440.1,441.3,439.6,439.9,438.3,439.3,440.5,439.2,441.2,439.7,439.1,439.5,440.2,440.2,440,441.4,439.2,439.9,441.5,440.8,439.5,441,442.1,439.3,439.6,438.9,440.2,440.5,440.3,440.5,441.1,439.3,440.7,439.8,438.7,437.4,439.3,441.1,439.2,439.8,440,440.3,439.3,439.8,439.7,440,438.6,441.2,439.6,438.6,442,439.7,439.8,439.2,439.8,439.6,438.8,440.9,440.2,438.7,441,439.6,439,441.3,440.1,440,440.1,438.9,439.3,438,440.7,440.6,440.8,440.1,442,440.5,439.7,440.6,441.9,440.9,438.7,440.4,440.8,440.9,439.7,440.5,439.5
440,440.1,440.4,440.9,439.4,440.1,439.8,440.1,440.1,438.6,439.9,440.6,440.4,440.2,440.8,440.5,439.7,439.8,440.2,439.6,439.7,440.3,440,440.2,439.4,440.1,440.7,439.7,439.3,439.1,440.2,440.5,441,439.5,439.2,440.5,439.7,440.7,440,441.1,440.2,440.2,440.2,440,441,439.1,440,439.8,439.8,439.6,439.9,440.1,439.9,440,440.3,440.3,440.4,440.3,439.6,440.4,440.5,440.9,440.4,440.1,440.4,439.9,440,440.9,439.6,440.2,440.1,439.3,440.3,439.8,439.5,440.2,439.6,440.7,440.1,440.2,439,440.4,438.9,439.6,440.6,439.5,438.7,440.6,439.5,439.5,440.7,439.1,440.3,440.1,439.8,439.5,440.9,440.1,440.2,439.7,439.2,440.7,440,440.3,439.2,440,439.6,439.8,440.2,441,440.9,440.5,439.9,440.1,439.9,440,440,440.7,440,440,439.8,438.9,439.7,439.5,440.9,439,440.2,439.6,439.3,440,440.2,440.2,439.5,439.9,439.1,439.7,439.8,440.3,441.1,438.9,441.1,439.4,440.2,439.7,439.3,438.3,441,438.9,439.3,439.4,439.2,439.7,439.7,439.6,441.5,439,441.3,439.3,440.6,440.3,441.8,438.3,439,439.6,438.7,440,439.9,438.6,439.5,438,439.3,440.2,441,440.2,441.2,440.7,439.4,440.6,439.1,439.8,441.1,440.5,440.2,439.8,440,438.5,439.3,439.8,438.3,440.9,439.7,439.7,440.2,438,442.1,438.8,439.4,440,440.6,439.6,440.2,439.8,441.2,440,440.6,440.9,438.4,438.4,438.5,438,439.5,439.8,439.7,441.3,441.3,440.7,439.8,438.3,440.7,439.5,440,442.2,440.7,440,438.8,438.2,439.4,438.6,440.3,438.3,439.7,438.7,441,440.4,438,441.1,439,438.1,438.7,440.7,439.8,441.1,440.3,440.4,439.8,440.8,441.4,441.6,439.2,440,441.7,441.5,440,440.1,442.1,442.2,441.6,439.6,439.9,438.7,441.4,440.8,438.6,439,440.1,438.2,439,440,441,439.8,441.4,440.1,439.2,438.9,440.1,440.2,439.2,439.9,437.9,437.7,440.2,439.6,441,440.5,439.6,441.9,439.7,440.1,439.9,442,440.5,440.8,439.2,439,439.8,439.3,440.5,440.5,439.8,439,438.4,438.6,441.3,439.4,440.3,440.7,440.4,438.8,440.7,440,440.9,441.1,441.3,439.8,441,440.2,439.5,440.6,441.5,441.7,438.4,439.3,439.1,439.2,441,440,442,440.2,440.2,440,440.9,439.5,440.3,440.1,438.5,438.6,439.2,440.4,441,439.6,439.4,440.7,441.1,440.1,439.6,440.5,441.1,440.4,438.7,439.7,440,441.7,440.6,439.8,440.3,441.2,440.5,439.9,439.7,438.5,439.3,440.4,440.3,438.8,440.2
439.5,440.3,440.1,440.5,440.3,439.4,440.3,440.2,440.7,439.7,440.5,439.7,440,440.1,440.2,440.1,440.7,440.5,439.9,439.5,440.1,440.2,439.7,440.4,439.9,440,441.2,440.1,439.2,440,439.9,439.5,440,440.1,439.9,439.4,439.8,440.6,440.3,439.7,440,440,440.3,439.9,439.8,439.8,439.1,440.4,439.2,440.5,440.2,441,439.8,440.7,439.3,439.5,440.4,438.1,440.2,439.2,440,440,439.9,440.4,440.4,439.9,439.8,439.3,439.5,440,439.9,440.4,439.8,439.8,439.6,439.1,439.6,440.3,439.9,439.7,439.4,439.9,439.9,438.9,439.7,439.9,439,440.5,440.3,440.6,439.8,439.9,440.4,440,441.1,439.4,440,440,440,441,439.3,439.6,439.8,439.7,439.7,440.7,440.1,440.4,439.1,438.6,440.9,440.7,439.4,439.3,440.5,439.4,439.2,440.2,440.3,439.6,440.4,440.1,440.4,440.3,440,439.5,441.3,439.7,439.6,440.1,440.9,440,439.3,439.9,440.3,439.5,440.8,439.7,439.4,440.8,440.5,440.1,439.8,439.5,439.7,440.7,440.8,439,440.9,439.5,440.3,440.1,440.3,439,441.5,439.5,440,439.1,439.6,439.2,439.5,440.4,439.3,439.9,439.4,439.6,440.9,439.2,440.3,438.9,439.1,439.5,440.5,440.4,442.1,440.4,440.8,440.1,438.3,438.6,439.1,439.9,439.9,440.9,440.2,439.2,439.9,439.8,438.5,440.9,441.2,439.6,440.9,440.4,440.5,440.5,440.9,438.8,440,440.5,439.6,439.6,439,438.3,442.5,441.9,439.6,438,439.4,438.2,440.1,439.6,438.6,438.2,441.1,439.7,439.9,438.7,440.8,439,439.3,439.8,438.2,440.4,439.5,440.4,439.9,440.9,441,440.7,439.7,441.7,439.1,439.7,442,439.7,440.7,439.8,440.2,440.7,441,441.2,441,441.7,440.9,438.6,440,442.6,439.5,438.3,439.9,442.6,439.4,437.8,439.4,439.7,439.7,439.1,440,438.7,439.6,439.9,440.8,441,439,438.7,441.8,441.8,440.3,438.8,440.8,440.3,439.3,440.3,441.5,440.7,440.4,439.7,440.1,440,439.7,441.3,438,441.4,440.7,439,439.7,439.3,439.7,440.6,442.8,439.6,439.8,439.2,440.9,439.7,440.1,439.4,440.1,440.4,439.1,439.9,439.3,439.7,439,441.6,439.5,438.4,440.3,439.7,440.7,441.1,439.9,440.9,440.3,441.5,440.3,439.1,439.7,441,438.8,439.8,438.3,440.4,440.9,440.4,439.4,439.9,440.1,439.4,440.5,442.6,440.2,437.6,439.9,440.8,439.3,440.8,439.2,439.8,438.2,440.3,441.2,440,440.7,440.8,439.6,441.3,438.1,439.7,440.2,439.5,439.4,439.6,439.9,439.4,440.2,439.6,437.8,441.4,439.2,439.2,441.2,439.2,440.4
440.7,440.3,441,440.6,440.7,439.5,440.1,439.9,440.3,439.2,440.2,440.2,439.7,439.1,440.3,440,440.4,440.7,440,440.6,440.6,439.8,440.2,441,440,440.2,439.6,440.9,439.9,440.2,441.4,440,440.6,440.6,439.3,439.8,440.4,440.1,438.9,438.8,440.1,439.9,440.3,439.7,440.1,440.6,440.3,440.8,440.3,439.5,440.6,439.8,440.1,439.6,439.5,439.3,440.1,440.8,440.5,439.5,440.3,440,440.3,439.7,439.3,439.4,440.2,440.1,440.1,440,439.9,440.5,439.9,440.5,440.2,440.6,440.9,440,440.8,440.4,439.3,440.5,439.7,439.8,439.8,440.2,440.1,439.5,441.2,439.9,440.3,440.5,440.3,440.5,440.2,440.4,439.5,440.3,441,439.5,440.4,439.2,439.4,439.6,439.7,439.7,440.3,438.8,440.1,439.9,439.7,440.3,439.8,440.2,440.7,441.2,440.1,440.3,440.4,439.6,439.9,441.2,440.2,440.5,439.7,439.7,440.3,440.2,440,439.8,440.3,439.3,439.8,439.3,439.6,440.2,440.1,440.8,439.5,440,440.4,441.1,439.7,440.5,440.3,440.3,439.5,439.3,438.6,439.1,441.2,439.7,440,439.7,441.1,440.8,440.2,439.4,440.4,439.5,439.3,441,441.3,439.6,440.3,439.4,440.9,439,439.4,440,439.2,439.1,440.4,441.1,441.5,439.9,441.2,440.7,440,440,440.4,439.8,439.1,439.6,440.4,440.2,439,438.9,439.2,439,439.9,439.6,439.8,441.2,439.7,438.5,441.2,440.8,440.5,439,440.3,439.2,439.5,439.1,442.4,440.5,439.1,440.2,439.8,439.8,439.7,439.1,438.9,438.7,438.7,439.2,438.1,438,438.9,440.8,439.3,439.5,439.9,441.3,440.5,441.8,439.3,440,438.7,440.9,440.1,439,441.7,439.7,440.1,439.1,440.6,439.5,439.4,442.7,442.1,440.7,438.8,437.2,438.8,439.4,439.5,439.6,439.9,441.4,441.3,439.1,440.3,440,440.9,440.4,441.5,439.9,440.3,438.6,440.8,440,440.2,439.8,438.5,440.5,440.1,439.5,440.3,441.2,441.3,440.4,438.5,439.8,439.5,439.8,439.2,440.7,438.3,441.8,439.6,440.4,439.8,440.7,441.3,441.4,439.1,440.9,440.3,440.4,439.8,441.2,439.3,440.5,439.9,440.7,440.8,440.2,438.9,439.6,440.6,439.8,440.6,438.4,439.7,439.1,439.9,439.7,440.5,440.1,439.5,441.3,439.8,438,440.4,439.3,440.1,440.7,441.7,441,441.2,440.1,439.6,440.6,440.5,441.4,439,441.3,441.2,439.6,440.5,441.4,440.7,440.4,441.3,439.5,440.8,439.9,440.2,439.3,439.3,438.7,439.7,440.6,441,439.9,441,440.6,439,440.1,440.5,442.4,440.8,440.2,440.3,440.8,441.6,438.2,439.2,438.4,439,440.2,441.2,440.2,441.4
439.8,439.6,440.7,440.2,440.2,440.3,439.8,439.4,440.4,440.6,440,440.8,439.5,440.6,439.8,440.5,440.4,440,440.1,440,440.4,440.8,439.5,439.7,440,439.7,439,440.6,440.3,440.2,439.8,440,440.7,440.1,440.1,439.9,440.4,439.2,440,439.7,439.7,439.1,439.8,439.8,440.4,440.5,440.2,440.5,439.7,439.7,439.6,439.3,439.7,441.4,439.2,439.9,439.5,440.6,439.8,439.6,439.6,439.6,440.4,440.2,440.4,440.3,440,440.3,440,440,440.3,440.8,439.1,440.2,440.1,439.2,439.8,439.8,440.2,440.1,440.6,439.9,440,441.5,440.1,440.5,439.8,440.2,439.5,440.4,439.4,440.4,439.5,441.2,441.2,439.1,440.6,439.7,439.7,439.8,440.5,439,440.7,439.9,440.2,440,440.3,441.1,440,439.6,439.3,440.1,440.5,441.1,440.2,440,439.5,440.4,440.1,439.8,439.5,440.4,440.1,440.3,439.8,439.7,439.2,439.4,439.9,439.2,440.5,439.3,439.9,440.9,439.7,440.1,439.6,440.2,439.7,440,439.7,440,440.1,439.9,439.7,439.8,438.7,438.4,439.4,439.7,437.6,438.4,440.5,439.5,439.6,439,439.6,440.2,439.6,440.9,441.2,440,439.7,441.7,438.9,440,441.5,438.7,440.3,440.7,440.9,439.8,440.6,441,439.3,440.6,442.1,439.3,440.7,437.7,442.3,439.5,439.2,439.9,439,439.4,440,439,440.1,440.8,438.8,440,438.6,439.6,439.7,440,440.2,441.9,438.8,439.1,442.3,440.5,439.6,440.8,439.8,440.9,440.5,439.8,440.7,437.8,439.9,441.6,440.3,440.7,438.5,440.7,439.8,441.4,440.9,440.5,441.2,441.4,441.5,439.2,440.7,438.9,439.2,440.2,439.2,442.3,440.3,438.8,441.4,438.8,439.6,441.8,441.1,438.4,441.3,441.3,439.1,441.2,440.1,440.6,439.3,439.2,438.5,441.1,441.3,440.8,438.8,440.7,440.5,440,440.3,440.1,439.4,439.1,439.2,439.5,439,440,440.1,440.7,442,439.8,441.8,441.4,439.1,441.3,440.7,439.3,438.7,438.8,440.1,439.9,439.9,440.6,439.8,440.1,439.9,439.2,438.4,438.2,440.4,438.4,440.1,440,439.2,441.2,440.1,441,439.8,440.9,438.6,439.8,440.3,440.1,439.5,440.8,439.2,439.2,439.1,441,440.1,439.1,441.3,440.1,437.6,439,439.7,439.2,440.1,442.5,439,439.5,440.7,440.2,440.8,438.6,439.7,439.7,439.3,437.5,440.1,442.6,438.9,440.9,439.6,440.6,441,442.5,440.5,439.3,439.3,440.1,439,440.7,439.6,438.3,438.3,439.4,440.8,439.5,441.5,441.1,441.4,437.2,440.3,440.7,439.8,440.1,441.8,439.2,440.4,440.2,440.2,441,439.5,439.5,439.2,440.2,440,440.6,439.8
439.7,440.7,439.8,440.3,440.1,439.8,439.8,439.7,439.8,439.2,439.6,440.7,440.6,439.9,440.5,439.9,440.5,440,439.6,439.6,439.8,440.7,440.3,440.4,440.2,440.3,439.4,439.9,438.4,440.1,439.3,439.2,440.3,440.3,440.2,439.1,439.5,440,439.7,441.1,439.9,440.3,439.8,439.6,440,441.1,441,439.7,440.5,440.1,440.1,439.5,441.1,439.4,438.8,440.8,440,440.3,440,441,440.3,439.7,439.1,440,439.7,440.1,439.8,439.9,439.5,440.6,440.1,440.5,440.6,440.5,440.2,439.5,439.8,439.8,439.9,439.1,440.2,438.6,439.2,440.4,440.4,440.5,439.7,439.9,441,440.3,441,439.3,439.3,439.3,439.8,440.2,440.1,439.7,440.4,440,439.9,439.6,440.1,440.7,441.2,440.1,439.6,440.4,440.3,441,440.8,440.2,440,440.6,440,440.2,441,440.4,439.9,440.7,440.1,440.3,439.6,440,439.5,438.8,439.8,440.2,440.2,439.6,439.5,440,439.5,439.6,440.5,439.6,440.6,440.1,439.7,439.7,439.8,439.6,440.5,439.3,440.1,441,439,440,438.4,438.8,439.5,438.4,438.5,439.9,440.2,438.9,439,441.6,441.1,440.4,439.3,440.9,440.2,439.8,439.3,440.1,440.4,439.8,439.9,440.6,439.7,440.2,440.1,441.3,440.4,439.7,440.4,439.7,439.3,441.1,439.2,441.4,441.4,440.2,441,439.5,440.2,439.6,439.9,440.1,440.8,441.1,439,440.1,440,440.2,440,441.1,440.7,442,439.4,440.7,439.9,438.5,439.5,439.9,440.9,441.1,438.9,438.8,441.1,441.5,439.6,441.9,437,439.6,440.8,438.4,438.9,439.1,440.9,439.5,441.6,440.3,438.9,439.1,439.8,440.3,440.5,439.6,440.6,440.2,439.4,439,439.4,440,440.6,441,441.2,440.8,440.4,439.9,439.9,439.4,440.2,440.5,439.8,438.6,440.5,439.3,439.9,440.6,442.5,438.6,439.9,440.6,439.5,440.6,441.4,441.1,439.5,440.5,438.6,441.3,440.5,441.8,439,440.1,439.6,440.3,439.4,439.3,440.8,440.2,438.4,440.3,440.5,440.5,438.7,440.8,440.5,441,439.3,439.3,440.2,440.5,440.2,438.4,440.8,441.9,441.3,438.2,440.6,439.1,438.2,438.5,438.7,439.6,438.9,440.2,439.8,440.6,440.2,440.3,440.4,440.4,438.3,440.6,439.4,441.2,439.6,439.8,439.1,439.7,440,441.1,440.6,440.5,440.5,439.9,439.3,440.6,441,438.9,438.1,440.8,438.9,438.7,440.5,439.4,440.6,439.8,439.8,440,439.1,440.7,439.5,438.7,441.8,438.4,440.8,440.5,441.2,437,439.1,438.8,439.8,440.2,440.1,440.2,439.9,440.5,438.5,438.8,440.9,440.4,440.5,439.7,439.9,439.8,440,439.6,438.3,440.8,441.5
440.3,439.7,440.1,440.3,439.2,440.3,440.3,439.9,439.4,439.9,441,440.3,440.6,440.1,439.8,440.2,439.3,439.6,440.1,439.6,440.1,439.7,439.7,440.3,439.6,440.3,440.8,440.5,439.7,440.4,440.1,439.5,439.3,439.7,439.4,439.6,439.9,439.8,440.1,439.3,440.3,439.3,440,440.2,439.4,439.9,440.8,439.6,439.7,439.7,440.2,439.5,440.1,439.9,439.8,440,440.4,440.6,439.8,439.9,440.3,439.9,439.8,440.5,439.5,440.1,440.4,439.7,440.4,439.7,439.4,439.9,439.5,439.9,440.7,439.9,439.3,440.3,440.4,439.8,440.7,439.3,440.1,439.7,440.8,440,439,440.4,439.2,439.4,439.8,439.1,439.9,440.5,440.6,440.6,439.6,439.4,439.6,439.8,439.7,440.5,440.6,440,439.2,439.9,440.7,440.3,439.4,440.5,440.6,439.5,440.2,440.3,440.3,440.6,439.5,440.8,440.4,439.8,439.6,440.1,439.6,440,439,439.6,440.2,439.5,440.6,440,440.4,439.3,440.2,440.9,439,440.5,440.3,439.4,439.9,440.1,439.7,439.9,439.4,440.5,440.1,441.7,438.8,439.9,439.2,439.7,439.2,437.9,439.2,439.6,440.5,440.1,441.4,439.7,441.1,442.2,438.9,441,436.6,440.1,442.5,440.2,439.8,438.9,440.8,440.4,439.6,439.4,439.6,439,440.8,441,441.8,440.1,441.1,439.7,440.4,439.1,438.9,439,441.5,438.9,440,439,440.5,441.9,439.5,439.9,441.4,441.5,439.6,439.6,440.4,438.6,440.3,441.8,439.2,439.6,440,439.6,437.8,441.1,441.2,438.9,440.6,439,440.8,438.4,440.2,440,440.4,440.3,438.7,440.4,439.1,440,440.8,441,440.2,440.5,441,439.7,441.3,440.2,440.5,440,440,440.3,440,440.4,439,438.7,439.2,437.1,440,440.4,440.5,439.7,441.2,440.1,441,440.3,441.7,440.5,440.8,440.4,439.3,440.1,439.9,439.6,439.4,440.1,439.7,437.7,440.5,439.8,440.8,439.9,440.6,439.9,439.7,441.5,437.9,440.5,441,438.5,442.4,439.8,439.2,439.4,441.2,440.8,439.8,440.6,440.8,440.2,439.3,440.7,439.2,440,442,440.7,438.9,439.3,441.1,438.5,440.2,439.1,437.7,439.2,440.2,440.9,438,439.5,440.6,441,437.9,438.2,439.2,439.2,439.7,440.2,438.8,442.5,440.4,440.5,440.3,439.1,438.9,439.1,438.7,440.4,440.7,440.5,439.6,440.9,441.5,441,440.2,439.6,438.9,439.8,439.8,440.2,440.1,440.2,440.3,441.3,442,439.8,437.7,440.3,440.8,439.8,440.2,440.9,440,439.8,439.2,440,442,439.1,440,439.8,441.9,440.1,441.3,439.6,439.3,439.2,439.4,440.7,440,439.9,439.5,440.8,440.9,439.8,440.4,442.1,440.5
439.8,440.5,440.1,440.3,440.8,439.9,439.7,440.1,440.4,439.7,439.3,440.1,439.8,440.4,440.2,440,440.4,439.3,440.4,440.2,439.5,439.8,440.1,440.3,440.5,439.9,440.8,439.5,440.5,439.5,440.6,440.1,440.1,440.1,439.8,440.2,440.1,439.9,439.2,440,440.4,440.3,439.4,440.8,440.2,440.4,439.4,439.7,440.6,439.7,440.3,439.7,440.8,439.9,439.5,441.3,441,440.2,439.6,439.6,440.3,440,439.1,439.9,440.6,440.2,439.5,440.1,440.3,440.4,439.2,440.6,440.1,440.1,439.5,439.8,439.4,439.6,439.9,440.3,440.4,440,440.5,439.8,440.1,439.8,439.4,439.9,440.3,438.9,439.9,440.8,439.7,440.4,440.1,440.5,440.7,439.3,440.7,440.2,440.5,440,440,439,439.7,441.2,439.9,439.4,440.9,439.9,440.6,440.7,440.4,440.2,440.6,440.3,439.3,440.7,440.3,439.4,439.9,438.8,439.9,439.6,439.8,440.3,440.5,439.7,439.9,440.1,439.9,440,439.5,440.3,440.3,440.2,440,441.3,440.3,440.9,439.8,439.8,440.3,439.3,439,440.3,440.3,438.7,440.5,439.8,439.8,440.2,439.9,439.8,439.4,439.6,440.2,441.2,441.6,438.8,439.8,440.3,440,440.1,438.6,439,440.4,439.9,438.9,441.2,440.2,441.4,441.2,439.2,438.8,442.1,439.3,440.3,439.7,439.2,438.6,439.8,439.8,439,440.8,440.7,440,439.8,438.6,440.1,438.5,443.1,438.2,440.9,440.4,440.6,439.5,440.5,439,439.4,438.5,438.2,441,441,438.1,438,440.8,440.8,439.8,439.1,439.3,439.4,439.9,439.8,440.4,440.8,440.1,440.4,439.4,440.6,440,440.1,441.1,441,439.8,441.9,439.6,440,441.9,439.5,440.8,441.3,439.6,438.6,440.1,441.1,440.6,439.6,440.8,439.4,439.2,438.2,440.8,438.7,439.8,441.4,440.6,439.1,439.3,438.9,439.4,440.7,439.3,439.2,438.6,440,439.8,440.8,438.9,439.7,437.7,441.3,439.4,440.4,440.9,439.9,440.1,440.7,439.8,443.2,440.5,440.5,440.2,439.1,439,439.3,439.1,439.3,439.7,440.8,439.8,440.7,441.9,439.8,439.6,439.1,440,440.4,440,441,440.1,439.7,438.4,440.4,439.7,440.4,440.7,440.9,440.8,440.1,441.9,440.4,440.8,440.1,441.2,440.2,439.9,440.3,438.4,438.8,439.1,439.5,440.4,440.5,439.4,439.7,439.2,439.4,440.4,438.2,439.8,440,440.7,438.9,440.5,440.3,439,438.6,439.3,440.4,440.4,440.9,440.7,440.5,439.1,442.3,441,440.3,439.9,439.5,440.3,439.8,439.8,441.2,440.9,441,440.3,439.9,440.4,439.6,439.5,439.9,442.2,438.9,440.3,440.2,440.5,439,439.3,440.2,441.8,438.2,438.8,439.1,440
438.9,439.8,439.5,439,440.4,439.9,441,440,439.4,440.8,439.6,439.9,440.6,439,440.8,438.9,439.3,439.2,439.1,440.1,440.4,440,440,439.6,439.4,440.3,440.7,441.4,440.9,440.4,439.9,439.2,438.7,439.8,440.1,439.8,439.5,439.5,439.6,439.8,439.4,439.3,440.1,440.4,439.5,440.6,438.8,440.4,440.3,440.4,439.3,440,439.7,440.9,440.8,440.5,440,440.5,439.8,440.9,439.5,439.6,439.5,440.1,439.9,440,438.9,440.4,439.7,439,440.3,439.9,440.3,440.1,439.7,439.8,439.5,440.7,439.9,439.9,440,439.9,440.3,440,440.3,439.4,438.8,439.9,440.7,440.7,440.4,440,440.3,440.4,439.9,440.3,440.8,439.3,440.3,440.3,440.2,439.4,439.5,440.2,440.1,439.8,439.8,439.8,440.3,439.4,439.4,439.6,439.4,440.1,439.9,439.2,440,439.5,439.5,439.7,439.5,439.4,439.4,439.7,440.5,439.9,440.3,441,440.1,440.6,440,439.5,440.4,440.1,438.8,440.3,439.8,440.7,440.4,440.1,440,440.6,440.6,440.1,440.9,440.9,440.6,440.3,439.8,440.3,438.5,441.3,439.2,438.9,440.6,440.5,437.6,440.5,439,441.2,440.5,441,440.2,441.3,439.9,441.5,440.6,439.9,441.8,439.8,439.3,440.8,440.3,441.3,440.3,438.8,438.1,439.5,440,439.4,439.1,440.5,440.1,439,440.3,438.4,439.3,441.7,438.8,440.1,439,440.4,439.5,440.7,438.8,440.1,440.2,441.9,441.6,439.5,439.2,440.4,439.8,440.6,441.3,439.3,440.3,439.8,440.5,439,441.7,439.9,438.7,440.3,439.8,440.6,438.7,439.7,439,441.5,441.7,440.8,439.7,439.6,438.7,439.4,440.1,439.3,440.4,441.7,441.2,440.1,439,439.1,441.1,441.2,440.6,440.3,440,442,439.9,441.1,440.9,440.6,440.2,438.5,439,439.9,440.4,441.2,440.6,441.2,439.9,441.2,441,439.9,439.2,442.8,437.6,439.9,439.2,438.8,441,441.9,439.5,438.7,440.4,441.2,440.3,440.9,440.6,439.5,440.7,439.3,441,441.4,440.3,439.8,439.6,439.6,440.2,437.9,438.8,439.1,440.3,440.1,439.6,439.4,436.4,439.3,439.4,440.1,439.4,439.3,439.7,437.4,439.2,439.7,439.9,439.6,441.2,442.5,439.8,440.6,441,440.2,440.5,438,439.6,439.1,439.2,440.8,440.2,440.2,437.9,438.9,442.4,439.5,439,439.9,441.6,438.5,440.7,439.3,439.3,440.4,442,438.8,441.3,441.2,440.5,439.7,439.1,441.5,439.7,439.8,441.6,440.8,440.2,439.2,439.9,441.7,440.3,439.3,440.8,440,440.2,440.7,439.9,440.8,442,439.5,440.6,440.7,441.5,440,438.8,440.3,440,441,439.3,440,438.8,442.2,439.7
439.5,439.5,440.2,439.8,439.7,440.3,439.6,439.8,439.4,439.8,439.8,439.9,440.3,439,440.4,439.8,440,440,440.5,440.7,440.1,439.5,439.6,439.2,440.4,439.5,441.2,440.2,439.5,440.1,439.5,440.4,440.4,439.5,440.5,440.2,440.4,440.3,439.2,439.8,440.9,440.1,440.2,439.7,439.6,439.6,440.4,440,440.7,439.6,438.6,440.5,440.3,440.4,440,440.3,439.7,441.1,441.3,439.6,439.3,440.3,440,440.1,439.4,439.9,440.5,439.8,439.5,439.3,440.2,440.7,439.8,439.2,440.4,440,440.1,440.3,441.1,441.1,439,440,439.8,440.6,440.6,438.9,439.8,439.9,439.9,440.3,439,440,440,440.5,439.6,440.4,440.2,439.4,439.4,440.6,439.9,440,440,440,440.1,439.4,439.8,440.6,440.2,440.2,440,439.1,439.6,440.6,439.6,440.3,441.1,440.4,440.7,440.1,439.4,439.4,439.7,439.6,439.9,439.6,439,439.5,440.5,440.5,439.5,439.8,440.1,440.1,440.9,440,439.7,440,439.5,439.9,439.9,440,440.5,441.4,439.3,439.2,438.6,440.5,438.1,440.3,440,440.3,439.9,440.2,440,442,438.7,440,441.9,440.2,440.2,439.5,440.2,439.7,439.2,440.6,440.5,441,441,439.8,439.2,441.5,438.7,440.9,441.5,440.2,441.4,440.3,439.6,440.6,441.2,440.8,440.6,439.2,439.4,439.2,439.2,440.2,440.5,442.1,441.9,440.8,440.3,441,439,441.2,440.8,441.3,439.2,439.7,439.6,440.6,439.2,440.5,440.8,438.9,441.9,440.3,439.1,440.9,439.5,440.3,441.3,440,439.4,440.1,439.3,439.6,438.6,438.6,440,439.8,439.5,443.2,440.1,441.6,439.4,439.3,440.8,439.3,439.2,440.8,443.2,439.2,438.8,439.5,439.4,439.9,437.9,441,440.2,441,441.6,440.3,441.1,438.4,439.5,439.3,438.3,440.3,439.7,438.5,440.8,440.6,440.3,438.8,439.1,439.2,439.9,442.2,439.1,439.2,438.9,440.9,441,439.7,439.7,440,439,439.4,440.1,439.4,438.3,438.9,440.7,439.7,439.4,439.3,439.9,439.9,440.5,440.4,439.7,439,439.2,440,439.9,440.6,439.6,438.7,439.3,440.6,439.9,440.5,439.6,438.9,438.8,441.5,439.2,439,440.6,438.6,442.6,441.1,439.2,441,439.5,438.8,441.5,438.9,440,439.3,438.5,439.4,437.9,439.4,440.4,439.1,441.3,440.7,438.3,438.3,441.4,439.4,441.9,439.2,439,441.8,440,439.3,442,439.9,440.5,439.7,438.4,439.4,439.4,442.8,439.2,438.4,440.3,440.5,439.5,438.9,438.5,442,439.3,440.9,440.4,441,438,439,440.7,437.8,439.8,441.4,441.4,438.9,440.6,439.6,441.1,438.9,441.5,440.1,438.5
440.3,440.4,439.7,438.8,440.6,440.1,439.7,440.6,440.7,440.5,440.3,441,440.4,440.1,440,439.7,439.9,439.4,439.4,439.7,440.2,439.8,439.8,440.5,439.9,439.1,439.9,439.1,440.9,440.4,439.9,439.7,439.9,439.7,440.4,440.6,440.1,439.5,439.5,439.3,439.2,440,440.1,440.3,440.5,439.6,439.7,439.9,440.6,439.6,439.2,440,440.5,440.5,439.4,440.2,440.2,440.1,440.2,440,440.1,439.3,439.4,440.7,440,440,440.3,440.6,439.9,440.1,439.8,440.4,439.5,439.8,440.7,440.2,439.3,439.9,440.5,439.6,440.1,439.9,439.8,439,440.9,440,440.6,440.1,439.7,438.7,440,440,440.2,439.5,440.7,440,440.1,439.9,439.7,440.4,440.3,441,439.9,440,439.7,440.4,440,439.3,440.3,439.4,440.2,439.4,440.1,440.3,440.2,439.7,440.5,439.9,440.1,439.4,439.8,439.8,439.5,441.1,439,440.9,440.8,440,440.3,440.2,439.8,440.2,440,440.7,440.3,439.2,440.3,440.2,440.1,440.9,440.6,439.7,440.2,440.2,440.4,440.1,440.2,440.5,441.5,440.9,440.7,439.7,439.6,440.6,440,441.3,440.7,438,442,440.7,440.7,441.9,439.1,440.8,438.2,439.5,440,440.6,441.7,440.2,438.8,439.3,439.7,440.5,439.5,439.3,438.5,440.3,438.4,439.1,439.6,438.8,441.9,439.6,440,439.4,440.8,439,439.6,437.6,439,441,438.6,441.2,441.4,440.1,440.1,439.8,438.6,438.5,438.7,439.3,440.3,438,441.1,438.9,440.6,442.2,440.4,439.3,439.9,439.3,439.5,439.8,441.3,438.5,439.7,439.6,440.1,439.3,438.4,440.2,439.3,438.1,438.7,441.3,441,439.6,440.4,441.4,440.9,438.2,441.9,441.7,439.9,440.2,439.9,440,439,441.1,442.1,439.4,441.2,438.9,440,440.5,440.2,439.6,439.6,439.7,439.5,440.9,438.9,438.7,441,440,439.1,439,441.4,440.3,440.3,438.1,438.4,439.5,440.2,440.2,440.1,440.8,441.3,438.7,439.1,441.3,440.5,440.4,438.9,438.9,438.6,439.3,441,440.5,440.8,440.3,440.1,438.7,439.8,440.8,439.3,439.9,439.5,437.9,438.5,440,439.1,439.8,439.8,439,438.9,438.9,439.1,441.2,439.5,439.5,438.8,441.1,439,440.2,438.9,440.6,440.9,440.5,440.4,440.1,440.6,442.3,440.1,440.3,438.6,439.3,439.4,439.6,441.9,438.6,439.9,439.7,440.7,440,439.8,440.2,440.6,440.5,440,440.2,441.3,440.6,441.6,440.6,438.8,439.5,440,438.9,440.1,439.3,439.7,438.8,439.9,440.4,441,441.6,440.4,441.2,440.6,439,441,440,439.5,440.1,439.7,440.9,440.5,440.3,440.3,439.1,439.8,441.9,440
440.6,439.7,440.6,439.1,439.8,440,439.7,439.9,439.9,439.8,439.7,439.4,440.4,440.1,439.5,440,439.6,440,439.8,439.6,440,440.3,439.4,440.4,440.5,440.7,439,439.5,439.7,440.2,439.9,439.5,440.1,440.2,439.8,440.5,439.4,440.1,440.1,439.9,440.7,440.1,439.8,440,439.9,440.1,439.1,438.9,440.1,439.3,439.8,440.4,439.3,440.1,440.3,439.6,439.5,439.9,440.5,439.4,440,440.3,439.5,439.7,440.1,440.6,440.6,440.1,440.5,440,440.5,440.1,440.9,440.2,439.8,440.3,440.8,440,439.8,439.5,440,440.6,439.7,440.5,440.2,440.3,439.9,440.1,439.4,440.1,440.2,439.3,440.3,440.6,440.1,439.8,440,440.1,440,439.4,440.3,440.5,440.4,439.7,439.7,440.2,439.6,440.3,440.2,440.6,440.4,439.6,439.8,439.7,440.8,439.8,440,439.4,438.2,440.6,439.5,440.5,439.7,440.4,440.4,440.7,439.4,440,440.3,440.4,439.2,439.9,439.9,440.7,439.8,439.6,440.1,439.8,440.1,440.5,439.6,440.1,439.1,439.5,439.4,438.5,439.2,440.9,439.8,438.3,439.3,439.4,440.4,441,440.9,440,438.8,439.6,440.7,439.8,440.5,438.2,439.2,439.3,442.6,439.1,440.7,438.1,439.8,439.3,440.7,440.5,441.1,440.3,440.4,440.9,441.4,440.9,440.1,439.6,440.3,439.8,439.6,441.6,439,439.7,440.7,440.4,438.7,439.9,437.6,438.5,438.8,440.8,439.4,439.8,440,441.5,439,439.7,439.2,438.1,439.3,440.5,440.7,438.7,440.4,437.8,438.8,440.6,440.8,438.4,440.2,440.5,440,440.6,441.7,438.1,440.6,440.6,440.1,439.4,438.6,439.4,440.8,440,440.3,441.6,438.9,441.5,441.3,437.4,441.4,439.4,440,439.3,438.2,441.1,440.6,439,441.5,442,438,439.4,440.8,440.4,442.6,440.8,440,441.5,439.3,440.3,439.3,439,440.3,439.3,439.3,439.7,439.4,440.4,439.6,437.7,439.7,440,438.6,439.1,440.1,439.6,439.9,438.5,438.2,440.2,440.3,440.3,439.2,440.4,439.6,439.4,439.2,439.9,439.8,439.7,439.4,439.8,441.9,439.1,439.4,439.4,439.6,440.7,440.5,440,440.3,439.8,441.6,441.3,439.3,441.4,440.1,439.8,439.1,442,440.8,440,438.9,439,441.8,440.7,440.7,439.6,439.3,439.6,439.8,441.8,440,438.8,438.7,439.3,439,439.6,440.4,441.1,440.2,440,440.3,439.4,441.3,438.6,440.1,441.7,440.3,439.7,438.9,439.5,440.1,439.8,439.8,438,439.9,439.6,440.4,438.5,440.4,440.6,439.2,440.4,441,440.2,439.1,439.6,440.9,440.6,440.1,439.7,438.9,439.5,441.6,439.9,440,438.9,441.8,441.5,441,440.4,439.7
440,440.1,440.1,439.6,439.7,439.5,439.6,440.8,440.7,440.4,440.3,439.5,439.1,439.4,440.2,439.1,439.8,439.6,440.3,439.8,440.9,440.1,439.7,439.8,440.4,439.5,440.4,440.1,440.4,439.7,439.9,439.7,440.2,440.1,438.5,439.1,440.3,439.6,439.7,439.4,440.1,439.9,440.4,440.3,441.1,439.4,439.9,440,440.1,439.8,440.4,439.9,439.6,439.9,439.7,439.6,439.1,440.6,439.9,439.8,440.3,440,440.6,440.1,439.3,440.3,440.3,440,440.2,439.6,439.8,440.4,439.8,440.3,440.5,439.6,440.2,439.9,439.9,439.8,440.2,439.9,440.1,439.2,440.8,439.6,439.8,440.4,439.6,439.7,440.4,440.7,440.3,438.9,441,440.3,439.5,440.6,439.4,439.4,440.6,440.7,439.1,439.6,440,440.1,440,439.7,440.5,441.3,439.7,439.9,440.5,440.1,439.6,439.6,439.4,439.4,440,440.8,439.7,439.7,439.4,439.9,440.7,440.1,439.2,439.7,440,439,440,440.5,439.9,440,440.2,439.1,438.7,439.7,440,440.4,441,439.4,440.5,440.1,440.2,437.6,440.5,439.5,443.6,440.4,439.7,440.7,440.6,440.9,438.7,440.2,439,439.4,442.1,440.1,439.9,440.1,440,437.9,440,441.2,439.7,439.4,440.7,439.4,439.1,442.1,439.6,440.8,438.4,439.9,440.4,440.5,440,439.6,439.7,439.7,439.3,441.6,440.5,439.5,439.8,440.4,438.7,441.3,438.8,439.3,442.6,439.7,441.2,441.4,441.7,440.7,439.2,440.4,439.3,438.7,440.6,440.6,440.8,440.2,440.8,441.2,439.2,440.5,440.7,438.8,440.7,439.8,439.8,440.4,439.5,440.9,438.9,440.4,441.3,441.6,440.9,439.9,438,439.1,440.1,439.5,440.5,440.1,437.5,440.1,439.8,439.8,437.9,441.6,439.2,440.1,440.4,438.7,439.3,440.7,440.4,439.6,442.2,440,439.8,440.2,437.8,440.2,439.5,441.1,440.4,438.8,440.2,440.5,439.7,440.5,439.6,442,439.5,439.3,441.5,439.6,440.2,440.7,439.7,442.6,441.2,439,441.7,440.3,439.3,440.1,441,439.9,439.7,441.1,440,440.3,440.7,439.6,441.1,439.6,440.5,439.9,440.2,438.5,440,440,439.4,440.2,439.8,440.7,440,438.9,439.4,440.3,440.9,440.3,441.9,440.2,440,439.5,440.3,440.2,439.1,440.9,439.2,438.5,438.2,441.4,442.1,442.6,438.5,440,441.7,441,440.9,439.5,440.1,439.2,441.1,438.4,438.3,440,440.1,439.1,440.6,439.6,439.6,439.9,440.4,441.8,440.9,439.7,439.7,440.8,440,439.9,441.3,439.3,439.7,440.7,439.5,441,440.5,441.1,439.3,439.4,439,439,441.8,441.6,438.3,439,440.2,437.3,440.9,441.9,441.4,440.6,438.8,438.1,440.2
440,439.9,439.2,439.8,439,440.6,440,440.2,440,440.1,439,441.2,440,439.8,439.3,440.3,439.5,439.9,439.9,439.9,439.8,440.5,439.6,439.7,440.6,439.9,440.6,440.3,439.8,440.2,440.4,440.1,440.3,440.3,439.5,440.7,440,440.3,440.6,440.2,439.6,440.1,440.3,441.5,439.5,440.2,439.2,440,439.8,439.5,439.7,439.7,439.7,439.6,440.6,439.4,439.8,440.5,439.4,440.8,439.9,440,439.9,440.4,440,440,440.5,440.4,439.4,439.3,439.9,440.4,439.7,439.7,439.5,440.5,439.7,439.9,439.7,439.9,440.6,440.4,440,439.7,440.2,440.3,440.4,440.2,439.8,439.9,439.9,439.8,441.5,440.3,440.1,439.5,439.8,440.3,439.4,439.7,439.3,439.8,440.6,439.3,440.4,439.5,439.9,439.9,439.9,439.5,439.1,441.3,440.7,440.3,440.1,440.3,439.7,440.4,440.2,440.3,440.2,441.5,439.4,440.9,440,439.4,440.3,440.1,440.1,439.5,440.8,439.7,439.3,440.5,439.2,440.2,439.6,439.9,440.2,440.6,439.8,440.8,440.3,440.4,439.3,441,440.7,438.6,440.1,439,439.8,441.1,439.7,440.6,438,441.4,439.2,440.1,440.7,439.3,440.1,440.7,440.3,439.7,440.8,440.6,439.2,439.5,441,439.6,440.4,438.8,441.2,438.8,441.1,441.3,439.7,439.1,438.5,440.2,442.4,440.7,441.3,439.1,441.1,440.8,438.3,440.3,439.4,440.2,440.1,441.4,441,439.9,440.9,439.9,440.2,438.7,441.1,440.1,440.6,439.2,439.6,439.4,441.2,439.4,440.4,441.4,438.7,440.4,440.7,441.2,439.3,440.6,441,438.2,440.8,440.3,437,440.2,441,439.1,441.6,438.3,439.8,440.9,439,440.5,440.1,439.3,439.6,439.2,441.1,440.3,440.7,438.1,437.8,439.7,438.2,439.2,441.2,442.7,438.9,440.6,439.9,439.3,440.9,441.4,440.8,438.4,438.2,439.2,439.5,440.5,440,439.8,441.3,440.6,440.2,438.4,438.5,440.1,440.2,439.4,440.4,439.9,440.6,438,439.5,440.6,438.9,439.2,442.1,439.8,440.4,440,441.5,440.1,438.8,439.6,440.5,439.1,441,441.2,441,440.4,441.1,438.8,440,439.2,440.9,439.2,438.3,441.2,438.6,440.2,438.7,441.2,439.7,440.5,439.2,439.3,439.3,439.7,440.3,440.1,440.6,440.1,439.9,440.5,438.8,440,439.9,440.2,441.8,439.6,440.8,440.7,440.2,441.5,439.8,440,440.3,441.4,439.7,441.1,441.1,438.9,440.4,437.3,441.1,441.8,438.4,441.2,438,441,440.3,439.1,440,440.5,439.4,441.6,437.7,439.3,438.5,441.2,440.1,439.9,438.6,440.6,440.3,439.3,439.9,439.5,439,439.2,440.6,439.1,439,441.2,440.3,441.7,441.2,439.2,440.2
439.5,440,439.6,439.1,440.4,440.1,440.1,439.7,440.4,439.6,439.3,440.7,439.5,440.2,439.6,439.1,440.1,440.2,440.1,440.7,440.9,439.8,440.1,439.8,440.1,440.2,439.3,440.5,439,439.6,440.4,439.7,439.3,440.5,439.9,440.2,440.9,440.5,439.8,439.4,440.2,440.4,440,440.2,440.2,439.6,440.6,439.7,440.2,441.1,440.1,440.4,439.5,440.8,439.5,440.1,440.9,440,439.7,439.8,440.3,440.5,439.5,439.3,439.8,439.5,441.1,439.8,441,440.2,440.6,440,438.9,439.6,439.8,438.5,440.1,439.8,438.8,440.4,441.2,439.5,439.9,440,440.5,440.3,440.4,440.2,440.1,439.6,439.4,440,439.9,439.8,439.7,439.8,439.8,440.1,439.2,440.2,440.3,440.1,440.4,440.1,440,438.8,439.5,440.3,440.1,440.7,439.5,440.1,440.2,440.4,440.3,440.4,440.3,440.2,440,440,440.3,440.2,441,439.4,440.3,439.9,440.6,440.6,439.9,440.7,439.7,439.8,440.7,439.3,440.6,439.7,440.6,440.3,440.2,440,440.5,439.7,439.5,439.8,439.8,438.8,440.5,440.7,438.5,441.2,441.3,440.6,439.7,440,439.7,439.4,439.4,439.9,440.8,439.3,440.2,440.2,440.9,441.3,439.5,438.2,440.6,441.7,441.5,440.5,440.2,438.4,439.5,440.5,439.8,440.3,439.7,440.6,440.1,440,439.5,440.2,441,441.2,441.3,439.1,440.7,440.8,441.5,439.3,441.4,439.8,440.5,440.5,437.5,438.4,440.2,440.8,441.7,439.9,439.4,439.6,440.4,439.1,438.8,442.1,440,440.2,438.3,440.9,438.5,440.3,438.8,440.6,441.1,437.6,440.6,440.6,440.3,439.2,440.6,440.7,440.8,440.8,439.8,439.8,440.3,441.1,439.6,440.3,441.3,440.9,439.5,439.4,439.9,438.8,439.5,439.3,439.7,440.2,439.6,441.2,438.1,441.8,440.3,441.1,440.6,440.9,439.5,439.2,439.2,440.2,441.2,439.2,441.7,442.4,441.4,438.7,440.7,440.9,440,441.8,439.8,440.4,438.4,439.7,439.4,439.7,439.3,440.2,441.2,440.2,440.5,439.2,440.7,439.1,438.5,441.5,439.5,441.1,439.2,439.6,438.4,440.1,441.2,440.6,440.3,439.1,439.2,440.2,439.4,438.8,440,439.3,440,440.3,439.3,440.6,440.8,439.8,440.4,438.3,440.9,440.3,439.3,442,439.9,440.8,442.3,440.1,439.1,440.4,439.9,441.3,438.3,439.2,440.6,438.3,441.1,440.7,440.3,441.4,439.9,438.6,440.5,437.6,440,438.7,440.4,439.2,439.3,439.3,437.6,439.8,440,439.4,440,440.2,439.1,438.3,440.9,438.6,440.6,439.3,441.4,440.7,440.1,438.4,440.5,440.4,439.4,442.4,440.6,440.3,439.7,440.4,441.9,439.9,439.3,438.6,439.7,439.2,440.2,440.8,440.4
