Date,Adj Close,daily_return,Volume
2012-01-04,12.678087,0.005374330458834731,260022000
2012-01-05,12.818838,0.011101911510782436,271269600
2012-01-06,12.952846,0.010453989667394081,318292800
2012-01-09,12.932298,-0.001586369512924013,394024400
2012-01-10,12.978598,0.0035801835064426246,258196400
2012-01-11,12.957443,-0.0016299911592916327,215084800
2012-01-12,12.921871,-0.002745294731375636,212587200
2012-01-13,12.873422,-0.00374937963705102,226021600
2012-01-17,13.023368,0.011647718842744403,242897200
2012-01-18,13.158606,0.010384256975614958,276791200
2012-01-19,13.1169,-0.0031694846703367308,261738400
2012-01-20,12.888442,-0.017417072631490615,413974400
2012-01-23,13.106471,0.01691662964383145,306062400
2012-01-24,12.89182,-0.016377482542783817,547638000
2012-01-25,13.696773,0.062439050498688475,958314000
2012-01-26,13.634521,-0.00454501217184522,323985200
2012-01-27,13.715782,0.005959945347548512,299709200
2012-01-30,13.891494,0.012810935606879736,379341200
2012-01-31,13.997902,0.007659939240516556,391683600
2012-02-01,13.989006,-0.0006355238092108362,270046000
2012-02-02,13.956198,-0.002345270278674483,186796400
2012-02-03,14.096025,0.010018989412445833,286599600
2012-02-06,14.227581,0.009332843833633975,249412800
2012-02-07,14.376616,0.010475076543229545,316223600
2012-02-08,14.617332,0.016743578600137754,407890000
2012-02-09,15.122993,0.03459324861746316,884214800
2012-02-10,15.130663,0.0005071747371701019,631302000
2012-02-13,15.412172,0.018605199256635396,517216000
2012-02-14,15.622525,0.013648498083203231,460398400
2012-02-15,15.260985,-0.0231422257285554,1506120000
2012-02-16,15.400207,0.009122740111467298,944552000
2012-02-17,15.397449,-0.0001790885018623234,535805200
2012-02-21,15.787808,0.025352186586232506,605595200
2012-02-22,15.732299,-0.0035159409083262982,483302400
2012-02-23,15.835034,0.006530196254215692,568027600
2012-02-24,16.019634,0.011657695209242869,415072000
2012-02-27,16.122358,0.006412381206711615,547582000
2012-02-28,16.41828,0.018354759272806165,600387200
2012-02-29,16.633854,0.013130120816553292,952011200
2012-03-01,16.6961,0.003742127350643054,683270000
2012-03-02,16.717876,0.0013042566826984014,431712400
2012-03-05,16.349289,-0.022047477801605986,809124400
2012-03-06,16.260355,-0.005439624928031961,810238800
2012-03-07,16.273544,0.0008111139024948866,798520800
2012-03-08,16.620056,0.021292964826838068,516457200
2012-03-09,16.717567,0.0058670680772674455,418919200
2012-03-12,16.927011,0.012528378082767855,407282400
2012-03-13,16.420712,0.029166460635017044,690855200
2012-03-14,18.079393,0.037810222682057804,1418844000
2012-03-15,16.956123,-0.006818259882950595,1159718000
2012-03-16,16.956423,1.6707392793025022e-05,825487600
2012-03-19,18.432653,0.0265214291287299,901236000
2012-03-20,18.581686,0.008085271284605788,816662000
2012-03-21,18.475584,-0.0057100308335852334,644042000
2012-03-22,18.378685,-0.005244705661266225,623870800
2012-03-23,18.277798,-0.005489348122566962,430488800
2012-03-26,18.612963,0.018337274544778293,595742000
2012-03-27,18.842957,0.012356657024461759,607129600
2012-03-28,18.939234,0.005109442217588356,655460400
2012-03-29,18.701273,-0.012564446904241189,608238400
2012-03-30,18.385124,-0.016905212816261228,731038000
2012-04-02,18.970211,0.03182393548175133,598351600
2012-04-03,19.298018,0.017280092456536167,834559600
2012-04-04,19.144384,-0.007961128443345844,572980800
2012-04-05,19.431715,0.015008631251859583,641298000
2012-04-09,19.509912,0.004024194467652453,597536800
2012-04-10,19.27103,-0.01224413518625811,889725200
2012-04-11,19.202341,-0.0035643657863642098,696614800
2012-04-12,19.09716,-0.0054775092266095005,614336800
2012-04-13,18.559299,-0.0281644495830794,859644800
2012-04-16,16.789612,-0.04147177110514777,1050786800
2012-04-17,18.696373,0.050971375879361513,1025528000
2012-04-18,18.654667,-0.0022307000400559884,954531200
2012-04-19,18.013769,-0.034355906755130006,834719200
2012-04-20,16.570358,-0.02461511524878557,1030985200
2012-04-23,16.531107,-0.00223393285441309,966529200
2012-04-24,16.180918,-0.019975293060500943,1076149200
2012-04-25,18.705572,0.08874112547420343,905777600
2012-04-26,18.635042,-0.003770534255782221,536068400
2012-04-27,18.490911,-0.007734407038095137,406722400
2012-04-30,16.907673,-0.03154187481622739,506144800
2012-05-01,16.850941,-0.003168027470682566,610999200
2012-05-02,16.969002,0.0066137129689689544,427389200
2012-05-03,16.841434,-0.007099336958168334,390549600
2012-05-04,16.333323,-0.02847926909910936,529992400
2012-05-07,16.463026,0.007482869845556905,460118400
2012-05-08,16.423168,-0.002282422301839282,497252000
2012-05-09,16.453831,0.001759898085124334,480704000
2012-05-10,16.494923,0.0023543255346061276,333200000
2012-05-11,16.378096,-0.006677765886708986,399546000
2012-05-14,16.117746,-0.014981503152013853,352626400
2012-05-15,16.962885,-0.009046810251770343,476336000
2012-05-16,16.745472,-0.012816982488533135,560896000
2012-05-17,16.256065,-0.02922622903672112,717220000
2012-05-18,16.264042,0.0004907091599350988,732292400
2012-05-21,16.211576,0.058259441287719316,631106000
2012-05-22,16.079412,-0.007678785487162831,694870400
2012-05-23,16.496155,0.024400313078693836,584897600
2012-05-24,16.335464,-0.009184360792414137,496230000
2012-05-25,16.242552,-0.005359648867777733,328507200
2012-05-29,16.548584,0.017748648807902834,380508800
2012-05-30,16.760172,0.01205726912211258,529429600
2012-05-31,16.716015,-0.0024862934885991894,491674400
2012-06-01,16.202684,-0.02897553428352806,520987600
2012-06-04,16.303873,0.0058821635042529685,556995600
2012-06-05,16.259104,-0.0025872242589851657,388214400
2012-06-06,16.523746,0.01533347269939389,401455600
2012-06-07,16.531723,0.00045521088926991915,379766800
2012-06-08,16.795439,0.015042218040976385,347516400
2012-06-11,16.514858,-0.015767017604904177,591264800
2012-06-12,16.667871,0.008736182731255981,435380400
2012-06-13,16.54521,-0.0069426021958164386,293580000
2012-06-14,16.525888,-0.0011012692353070674,345573200
2012-06-15,16.605618,0.004549270199604161,335255200
2012-06-18,16.962866,0.020291704613834227,440412000
2012-06-19,18.012861,0.0027832418278908033,361404400
2012-06-20,16.961645,-0.002843301794201336,358943200
2012-06-21,16.71417,-0.013777969668145706,326351200
2012-06-22,16.850023,0.007669171064746516,284471600
2012-06-25,16.50259,-0.019464008533770394,304382400
2012-06-26,16.541231,0.00220773039875799,276536400
2012-06-27,16.616968,0.004317655927340569,202997200
2012-06-28,16.449846,-0.009486422408214623,282836400
2012-06-29,16.908291,0.026272151628157436,421500800
2012-07-02,18.169552,0.014588829274663873,400092000
2012-07-03,18.380831,0.011628189841994985,241712800
2012-07-05,18.703726,0.017566942430404797,484383200
2012-07-06,18.579237,-0.006655839590464563,418930400
2012-07-09,18.824858,0.013220187675091255,379405600
2012-07-10,18.650682,-0.009252446950728577,511957600
2012-07-11,18.534765,-0.006215161461655905,469322000
2012-07-12,18.365192,-0.009148915564885729,428041600
2012-07-13,18.551332,0.010135478028217682,311427200
2012-07-16,18.610813,0.0032062926802238767,301260400
2012-07-17,18.61174,4.9809753072116436e-05,293624800
2012-07-18,18.590885,-0.0011205293003233585,252700000
2012-07-19,18.838039,0.013294364415679993,436861600
2012-07-20,18.530783,-0.016310402584897465,397471200
2012-07-23,18.516369,-0.0007778408500060952,487975600
2012-07-24,18.427135,-0.004819195383285013,565132400
2012-07-25,16.631386,-0.04318354426773352,877312800
2012-07-26,16.62862,-0.00015687932871510935,406632800
2012-07-27,16.943853,0.01788188752154163,403936400
2012-07-30,18.246511,0.01686694602324268,379142400
2012-07-31,18.728872,0.026435793670362306,462327600
2012-08-01,18.607748,-0.006467234118530896,384501600
2012-08-02,18.637794,0.001614703724491573,332158400
2012-08-03,18.880362,0.013014844997213837,344920800
2012-08-06,19.09041,0.011125210417045839,302103200
2012-08-07,19.040127,-0.0026339402872961326,290446800
2012-08-08,19.007929,-0.001691060148915846,244706000
2012-08-09,19.116333,0.0057030936931634635,221642400
2012-08-10,19.146202,0.001562485859604834,194938800
2012-08-13,19.401812,0.013350428455732422,278832400
2012-08-14,19.453857,0.0026824814094683624,340169200
2012-08-15,19.427374,-0.001361323875260223,257342400
2012-08-16,19.597065,0.008734633924276203,254534000
2012-08-17,19.959536,0.01849618807714304,442761200
2012-08-20,20.484312,0.02629199396218418,613384800
2012-08-21,20.204376,-0.01366587269321029,812719600
2012-08-22,20.598877,0.019525522589759925,565322800
2012-08-23,20.406708,-0.009329100804864376,420128800
2012-08-24,20.424873,0.0008901484747076971,437340400
2012-08-27,20.808598,0.018787142519808953,427008400
2012-08-28,20.781494,-0.0013025384987495059,267416800
2012-08-29,20.740538,-0.0019707918978297823,202806800
2012-08-30,20.444897,-0.014254258978238621,302699600
2012-08-31,20.487089,0.002063693448785875,338321200
2012-09-04,20.786736,0.014626138442606518,367892000
2012-09-05,20.64076,-0.007022555152478072,336375200
2012-09-06,20.826769,0.00901173212614248,391196400
2012-09-07,20.955191,0.006166198895277475,329666400
2012-09-10,20.410093,-0.02601255221200316,487998000
2012-09-11,20.343882,-0.0032440322540421285,503983200
2012-09-12,20.627203,0.01392659473742519,712233200
2012-09-13,21.033413,0.019692926859739446,598360000
2012-09-14,21.289021,0.012152473780646211,600474000
2012-09-17,21.550797,0.012296291125834191,398031200
2012-09-18,21.616388,0.0030435533312296315,373503200
2012-09-19,21.62224,0.0002707205292578063,326874800
2012-09-20,21.517538,-0.0048423290093905225,336568400
2012-09-21,21.560337,0.0019890286704735693,571589200
2012-09-24,21.273937,-0.01328365136407661,639766400
2012-09-25,20.742699,-0.024971306439423913,518789600
2012-09-26,20.485233,-0.012412367358751175,576503200
2012-09-27,20.982292,0.024264259039670222,594090000
2012-09-28,20.544371,-0.020870980157935093,535110800
2012-10-01,20.306925,-0.011557715736344565,543594800
2012-10-02,20.366053,0.0029117160771510164,627992400
2012-10-03,20.678329,0.015333162493488484,424281200
2012-10-04,20.535124,-0.006925366164741931,370725600
2012-10-05,20.097509,-0.021310560384247057,594006000
2012-10-08,19.653427,-0.02209637025165645,637994000
2012-10-09,19.58198,-0.00363534563208745,838597200
2012-10-10,19.737801,0.00795736692612281,510356000
2012-10-11,19.3433,-0.019987079614390724,546081200
2012-10-12,19.392881,0.0025632131022110816,460014800
2012-10-15,19.548409,0.008019850170791987,432502000
2012-10-16,20.011276,0.02367798832119794,549771600
2012-10-17,19.851749,-0.007971855467887035,389037600
2012-10-18,19.483116,-0.018569295833833266,476624400
2012-10-19,18.780962,-0.03603910175353886,744086000
2012-10-22,19.525927,0.03966596599258332,546730800
2012-10-23,18.88936,-0.03260111542975652,707145600
2012-10-24,18.996223,0.0056573118411635814,558527200
2012-10-25,18.771723,-0.011818138795275157,656325600
2012-10-26,18.601101,-0.009089309489597852,1018432800
2012-10-31,18.333792,-0.014370600966039593,510003200
2012-11-01,18.371365,0.0020493850917475687,361298000
2012-11-02,16.763439,-0.03309095431939868,599373600
2012-11-05,18.004265,0.013557397303528784,529135600
2012-11-06,16.94976,-0.003027338244577016,374917200
2012-11-07,16.262951,-0.038262851425311495,793648800
2012-11-08,16.636477,-0.03629008736687034,1056146000
2012-11-09,16.924501,0.017312800059772204,929913600
2012-11-12,16.793631,-0.0077325765764082455,515802000
2012-11-13,16.795803,0.00012933474601162231,532949200
2012-11-14,16.609558,-0.011088782120152296,477170400
2012-11-15,16.261211,-0.02097268331884572,789910800
2012-11-16,16.324942,0.003919203803456117,1266893600
2012-11-19,16.502096,0.07210769875935874,823317600
2012-11-20,16.352976,-0.008520122389912621,642754000
2012-11-21,16.377422,0.0014087497153225659,373002000
2012-11-23,16.680607,0.017447064357417386,272826400
2012-11-26,18.238405,0.0315485774894495,630579600
2012-11-27,18.09145,-0.008057448006007162,533330000
2012-11-28,18.034533,-0.0031460717631808244,520864400
2012-11-29,18.233143,0.01101276090708847,514698800
2012-11-30,18.106918,-0.0069228327776510445,391319600
2012-12-03,18.135075,0.0015550410069786746,364280000
2012-12-04,16.815178,-0.017639684423692792,557068400
2012-12-05,16.668652,-0.06435669629570906,1044638000
2012-12-06,16.930067,0.01568303183724762,1177212400
2012-12-07,16.497257,-0.02556457691514158,787040800
2012-12-10,16.391146,-0.0064320389747217765,630484400
2012-12-11,16.749088,0.021837521305709817,592345600
2012-12-12,16.675148,-0.0044145687215925156,487144000
2012-12-13,16.387117,-0.017273070080097597,625259600
2012-12-14,15.771469,-0.03756902449649935,1009579200
2012-12-17,16.051138,0.0177325904137402,757607200
2012-12-18,16.51737,0.029046663233472714,625685200
2012-12-19,16.282557,-0.014216125206373609,449369200
2012-12-20,16.140862,-0.008702257268314972,481689600
2012-12-21,16.06661,-0.004600249974257786,596268400
2012-12-24,16.092596,0.001617391596609341,175753200
2012-12-26,15.870777,-0.013783916529067186,302436400
2012-12-27,15.934513,0.004015934443537317,455120400
2012-12-28,15.765286,-0.0106201551311923,354278400
2012-12-31,16.463842,0.044309757526758364,659492400
2013-01-02,16.985447,0.03168185166014115,560518000
2013-01-03,16.771049,-0.012622452620764113,352965200
2013-01-04,16.303898,-0.027854608259745728,594333600
2013-01-07,16.207994,-0.005882274288026124,484156400
2013-01-08,16.251616,0.0026913879657162187,458707200
2013-01-09,15.997625,-0.015628661174371783,407604400
2013-01-10,16.19593,0.01239590251677991,601146000
2013-01-11,16.096617,-0.006131972662267726,350506800
2013-01-14,15.522738,-0.035652149765382224,734207600
2013-01-15,15.033,-0.03154971758204006,876772400
2013-01-16,15.657004,0.04150894698330343,690804800
2013-01-17,15.551506,-0.006738070706247545,453678400
2013-01-18,15.468602,-0.005330930650703447,472922800
2013-01-22,15.616171,0.009539905416145578,461546400
2013-01-23,15.902027,0.01830512742208068,861509600
2013-01-24,13.937205,-0.12355795899478728,1460852400
2013-01-25,13.608651,-0.02357388012876327,1208026400
2013-01-28,13.916477,0.022619876136143136,785517600
2013-01-29,14.177587,0.01876265092091911,571158000
2013-01-30,14.133039,-0.0031421425945050707,417155200
2013-01-31,14.09158,-0.0029334809024442743,319334400
2013-02-01,14.033728,-0.004105430334994442,539484400
2013-02-04,13.684139,-0.024910629591794797,477117200
2013-02-05,14.164286,0.03508784878610194,573347600
2013-02-06,14.149126,-0.0010702975074069476,593706400
2013-02-07,14.569833,0.029733780022878964,704580800
2013-02-08,14.780188,0.014437708380048209,633158400
2013-02-11,14.934216,0.010421247686429824,517490400
2013-02-12,14.559875,-0.02506599609915905,609053200
2013-02-13,14.532183,-0.0019019394053864103,475207600
2013-02-14,14.519114,-0.0008993143012305804,355275200
2013-02-15,14.319025,-0.013781075071109705,391745200
2013-02-19,14.313733,-0.000369578235948409,435783600
2013-02-20,13.967087,-0.02421772154056523,476302400
2013-02-21,13.88027,-0.006215827251595085,447182400
2013-02-22,14.028079,0.01064885625423706,330654800
2013-02-25,13.77883,-0.01776786401046082,372579200
2013-02-26,13.97082,0.013933693934826241,501499600
2013-02-27,13.833903,-0.009800212156480415,587350400
2013-02-28,13.735266,-0.007130091919829162,322515200
2013-03-01,13.395147,-0.02476246182636721,552448400
2013-03-04,13.070903,-0.02420608000793123,582755600
2013-03-05,13.415996,0.026401618924109638,638433600
2013-03-06,13.245476,-0.012710200569529095,460250000
2013-03-07,13.398571,0.011558286014032193,468473600
2013-03-08,13.434046,0.002647670412016412,391482000
2013-03-11,13.625416,0.01424514997194426,474236000
2013-03-12,13.331673,-0.0215584610407491,465911600
2013-03-13,13.329179,-0.00018707329530209815,405549200
2013-03-14,13.458316,0.009688293630087719,303875600
2013-03-15,13.805587,0.02580345118958416,643960800
2013-03-18,14.180866,0.02718312520865651,606197200
2013-03-19,14.14259,-0.0026991299403011926,526775200
2013-03-20,14.0676,-0.0053024233892094985,308660800
2013-03-21,14.087824,0.0014376297307285846,383255600
2013-03-22,14.373482,0.02027694269888669,395105200
2013-03-25,14.425451,0.003615616591720938,501135600
2013-03-26,14.349522,-0.005263544273243159,294294000
2013-03-27,14.0676,-0.019646786840704533,331237200
2013-03-28,13.77447,-0.020837243026529007,442839600
2013-04-01,13.346606,-0.031062102570915684,389732000
2013-04-02,13.373991,0.0020518325033345164,529519200
2013-04-03,13.442449,0.0051187412942030885,363216000
2013-04-04,13.309576,-0.009884582786960916,358447600
2013-04-05,13.168923,-0.010567804714440188,383695200
2013-04-08,13.262584,0.0071122748610499276,300829200
2013-04-09,13.286549,0.0018069631076418347,306614000
2013-04-10,13.557582,0.020399051702590265,375928000
2013-04-11,13.515263,-0.003121426814899686,328364400
2013-04-12,13.3743,-0.010429911722768526,238613200
2013-04-15,13.06468,-0.023150370486679672,317520000
2013-04-16,13.263519,0.015219584406200637,305771200
2013-04-17,12.534128,-0.05499226864303508,945056000
2013-04-18,12.199615,-0.02668817487742281,666299200
2013-04-19,12.152316,-0.003877089563891878,609274400
2013-04-22,12.405611,0.020843351999733972,429920400
2013-04-23,12.637748,0.01871225850947611,664238400
2013-04-24,12.6169,-0.0016496609997288525,969651200
2013-04-25,12.707764,0.007201769055790175,384837600
2013-04-26,12.982218,0.02159734788905432,764097600
2013-04-29,13.384258,0.030968514008931303,640326400
2013-04-30,13.778206,0.029433682464877764,691538400
2013-05-01,13.669601,-0.007882375978411127,506909200
2013-05-02,13.863463,0.014181979415492707,421828400
2013-05-03,14.002252,0.010011135024488471,361300800
2013-05-06,14.336145,0.02384566425457857,496641600
2013-05-07,14.272348,-0.00445008054815299,483753200
2013-05-08,14.433538,0.011293866993714152,472598000
2013-05-09,14.307621,-0.00872391786407467,398487600
2013-05-10,14.18859,-0.008319412430619955,334852000
2013-05-13,14.24403,0.003907365002442154,316948800
2013-05-14,13.903234,-0.02392553231072958,447118000
2013-05-15,13.433066,-0.03381716800565959,741613600
2013-05-16,13.612551,0.013361432155548192,603204000
2013-05-17,13.571204,-0.003037417453936486,427904400
2013-05-20,13.874103,0.022319243008947387,451578400
2013-05-21,13.771675,-0.00738267547819127,456022000
2013-05-22,13.82461,0.003843759019872328,443038400
2013-05-23,13.849358,0.0017901409153675552,353021200
2013-05-24,13.94364,0.006807680182720377,276166800
2013-05-28,13.827429,-0.008334337375319523,386145200
2013-05-29,13.937375,0.007951297381458167,330576400
2013-05-30,14.145051,0.014900653817523146,353519600
2013-05-31,14.087102,-0.0040967685447016455,384302800
2013-06-03,14.118114,0.002201446401112195,372352400
2013-06-04,14.073946,-0.003128463192746622,292728800
2013-06-05,13.942389,-0.009347556115392175,290589600
2013-06-06,13.734091,-0.014939907357340299,416934000
2013-06-07,13.839022,0.007640185287836054,404535600
2013-06-10,13.747556,-0.006609282072100209,450153200
2013-06-11,13.707148,-0.0029392860811041643,286112400
2013-06-12,13.537686,-0.012363038613138144,265227200
2013-06-13,13.655778,0.008723204246279481,285832400
2013-06-14,13.470654,-0.013556459397626397,271866000
2013-06-17,13.531734,0.0045343010072116385,259414400
2013-06-18,13.524532,-0.0005322303852558496,195025600
2013-06-19,13.249825,-0.020311756443772033,310940000
2013-06-20,13.056871,-0.01456275837605403,357310800
2013-06-21,12.952252,-0.008012562887387054,481118400
2013-06-24,12.608947,-0.02650542932611244,480746000
2013-06-25,12.611765,0.00022349209652472446,314162800
2013-06-26,12.46893,-0.011325536116475354,367724000
2013-06-27,12.334557,-0.010776626382536403,337246000
2013-06-28,12.420692,0.006983226069651405,578516400
2013-07-01,12.818187,0.032002645263242924,391053600
2013-07-02,13.108556,0.022652891551667942,469865200
2013-07-03,13.180916,0.005520058807392703,240928800
2013-07-05,13.075041,-0.008032446303428364,274024800
2013-07-08,13.000803,-0.005677840704285453,298138400
2013-07-09,13.229466,0.017588375118060107,352584400
2013-07-10,13.17872,-0.003835831317756888,281405600
2013-07-11,13.384205,0.015592181941797012,326292400
2013-07-12,13.359769,-0.0018257341396070714,279563200
2013-07-15,13.388901,0.0021805766252396275,241917200
2013-07-16,13.475356,0.0064572140760470464,216538000
2013-07-17,13.478799,0.000255503453860495,198990400
2013-07-18,13.524224,0.003370107381228893,218878800
2013-07-19,13.310907,-0.015772956733044352,268721600
2013-07-22,13.353503,0.0032000824586935206,207796400
2013-07-23,13.124218,-0.01717040090529043,369395600
2013-07-24,13.798299,0.05136161255474425,591936800
2013-07-25,13.735343,-0.004562591374487557,229493600
2013-07-26,13.813337,0.00567834381711485,200152400
2013-07-29,14.026337,0.01541988007676931,248057600
2013-07-30,14.199554,0.012349410968808039,309422400
2013-07-31,14.174806,-0.001742871642306465,322957600
2013-08-01,14.3048,0.009170778069202523,206250800
2013-08-02,14.488358,0.012831916559476575,274783600
2013-08-05,14.704803,0.014939236040412585,318855600
2013-08-06,14.573243,-0.008946736654683485,334857600
2013-08-07,14.564784,-0.0005804473307691183,298858000
2013-08-08,14.535775,-0.001991721950699743,255777200
2013-08-09,14.328938,-0.014229513046259856,266865200
2013-08-12,14.735996,0.02840810672779792,364434000
2013-08-13,15.436286,0.04752240703648414,881941200
2013-08-14,15.717849,0.018240333199319947,756372400
2013-08-15,15.699245,-0.001183622517304972,490294000
2013-08-16,15.838607,0.008876987396527758,362306000
2013-08-19,16.009186,0.010769823381563848,510518400
2013-08-20,15.798878,-0.013136707887584032,358688400
2013-08-21,15.839549,0.0025742967317046173,335879600
2013-08-22,15.858472,0.0011946678532324118,244207600
2013-08-23,15.797303,-0.003857181196271653,222731600
2013-08-26,15.858792,0.0038923732740963057,330965600
2013-08-27,15.40538,-0.028590576129632117,424188800
2013-08-28,15.478218,0.00472808849895312,307608000
2013-08-29,15.503446,0.0016299033906874705,239657600
2013-08-30,15.362186,-0.00911152268985882,272297200
2013-09-03,15.405063,0.002791074134891991,331928800
2013-09-04,15.723835,0.02069267746584358,345032800
2013-09-05,15.616001,-0.006857996156789947,236367600
2013-09-06,15.709017,0.005956454536599987,359525600
2013-09-09,15.959684,0.015956886417527016,340687200
2013-09-10,15.596138,-0.022779022441797636,743195600
2013-09-11,14.74703,-0.05444347825083362,898696400
2013-09-12,14.904055,0.010647906731050094,404051200
2013-09-13,14.65843,-0.016480414222840745,298835600
2013-09-16,14.192411,-0.031791876756241955,543706800
2013-09-17,14.356371,0.01155265303407571,399380800
2013-09-18,14.651492,0.0205567967002247,456862000
2013-09-19,14.891753,0.016398398197262187,404541200
2013-09-20,14.737572,-0.010353448650403996,699302800
2013-09-23,15.470016,0.04969909561764996,762106800
2013-09-24,15.421463,-0.003138522933654353,364344400
2013-09-25,15.182777,-0.01547751986954804,316957200
2013-09-26,15.330658,0.009740049531123285,237221600
2013-09-27,15.221249,-0.0071366147493473475,228040400
2013-09-30,15.032065,-0.012428940621101559,260156400
2013-10-01,15.385519,0.023513336324716638,353883600
2013-10-02,15.43597,0.003279122400745793,289184000
2013-10-03,15.242055,-0.012562540611312345,322753200
2013-10-04,15.230075,-0.0007859832548826606,258868400
2013-10-07,15.3789,0.009771783789639832,312292400
2013-10-08,15.164178,-0.013962116926438228,290917200
2013-10-09,15.342323,0.011747751839895404,301725200
2013-10-10,15.438495,0.006268411895643089,278602800
2013-10-11,15.538438,0.006473623238534509,267738800
2013-10-14,15.640285,0.006554519830114236,261898000
2013-10-15,15.723517,0.0053216421567765515,320073600
2013-10-16,15.80014,0.0048731463832170085,251101200
2013-10-17,15.90703,0.006765129929228397,253593200
2013-10-18,16.045452,0.008701938702573742,290542000
2013-10-21,16.438629,0.024503952895811087,398106800
2013-10-22,16.391651,-0.0028577809013148325,534063600
2013-10-23,16.552135,0.009790594004228215,313723200
2013-10-24,16.771276,0.013239440108481437,384764800
2013-10-25,16.583675,-0.011185851332957686,337792000
2013-10-28,16.707275,0.007453112775063442,550440800
2013-10-29,16.291069,-0.024911662733749118,635807200
2013-10-30,16.550249,0.015909330443570013,354163600
2013-10-31,16.480877,-0.0041915985674899625,275696400
2013-11-01,16.396698,-0.005107677218876061,274890000
2013-11-04,16.608578,0.012922113952455572,244627600
2013-11-05,16.567587,-0.002468061985800407,265213200
2013-11-06,16.520655,-0.0028327601358000276,223375600
2013-11-07,16.253304,-0.016182832944577674,262620400
2013-11-08,16.509235,0.015746398393828187,279316800
2013-11-11,16.461348,-0.002900618956602097,227452400
2013-11-12,16.491791,0.001849362518792308,204276800
2013-11-13,16.511457,0.0011924720607967565,197220800
2013-11-14,16.750265,0.014463169422298527,282419200
2013-11-15,16.649729,-0.0060020542958573175,317920400
2013-11-18,16.448029,-0.012114311289991742,244944000
2013-11-19,16.477205,0.0017738295573288543,208938800
2013-11-20,16.332899,-0.00875791737737075,193916800
2013-11-21,16.527628,0.011922500714661721,262026800
2013-11-22,16.485132,-0.0025712098554009355,223725600
2013-11-25,16.610088,0.007579921107092158,229311600
2013-11-26,16.916451,0.018444393551677596,401382800
2013-11-27,16.314779,0.023546782951104905,363448400
2013-11-29,16.635416,0.018518111031044615,318127600
2013-12-02,16.481918,-0.008703962526316333,472544800
2013-12-03,16.960485,0.02737497109870879,450968000
2013-12-04,16.918623,-0.0023307833836334613,377809600
2013-12-05,18.010593,0.005132648864815126,447580000
2013-12-06,16.760683,-0.013875723025888131,344352400
2013-12-09,16.963976,0.011446237737591458,320493600
2013-12-10,16.936066,-0.0015536649570228045,278269600
2013-12-11,16.803179,-0.007408926795876014,359718800
2013-12-12,16.77718,-0.0014603571643019286,262290000
2013-12-13,16.583403,-0.010900322773353288,332822000
2013-12-16,16.680763,0.005537039673150668,282592800
2013-12-17,16.601166,-0.004501898475761434,229902400
2013-12-18,16.467325,-0.007604098501201584,565863200
2013-12-19,16.267206,-0.011456762841476675,320308800
2013-12-20,16.411827,0.008375471978500526,436413600
2013-12-23,18.080042,0.03837707553607106,501306400
2013-12-24,18.0033,-0.004244569785844532,167554800
2013-12-26,16.883738,-0.006641115795437469,204008000
2013-12-27,16.762905,-0.006756585228434919,225884400
2013-12-30,16.586256,-0.009944826029301024,253629600
2013-12-31,16.792404,0.01172210844650512,223084400
2014-01-02,16.542171,-0.014064035416462062,234684800
2014-01-03,16.156847,-0.021965582253188676,392467600
2014-01-06,16.250404,0.005453041575762763,412610800
2014-01-07,16.127029,-0.007152006410980238,317209200
2014-01-08,16.235493,0.006332913898843939,258529600
2014-01-09,16.0154,-0.0127697536705218,279148800
2014-01-10,16.901861,-0.006672720006582256,304976000
2014-01-13,16.990337,0.005234689836817408,378492800
2014-01-14,16.328421,0.01989860471867022,332561600
2014-01-15,16.676327,0.02007718995285268,391638800
2014-01-16,16.577698,-0.0055797225294598185,229278000
2014-01-17,16.147011,-0.024501900078156003,426739600
2014-01-21,16.41341,0.01553617712148192,328526800
2014-01-22,16.490793,0.004443874002851844,379985200
2014-01-23,16.638897,0.008467540608364743,403239200
2014-01-24,16.31827,-0.018177270381475763,429354800
2014-01-27,16.458765,0.008112530870577839,554878800
2014-01-28,16.063337,-0.0799270738795097,1065523200
2014-01-29,15.880972,-0.011352871448815471,502810000
2014-01-30,15.850207,-0.0019372239935944169,678501600
2014-01-31,15.876215,0.0016408618512049333,464797200
2014-02-03,15.905708,0.0018576845929587638,401464000
2014-02-04,16.135956,0.014475809564717279,376681200
2014-02-05,16.256474,0.007468909806149782,328344800
2014-02-06,16.351231,0.005828877775094332,257765200
2014-02-07,16.579985,0.013990017020736989,370280400
2014-02-10,16.877008,0.017914551792417077,345559200
2014-02-11,16.099382,0.013176150654191643,282256800
2014-02-12,16.098108,-6.450561663568944e-05,308100800
2014-02-13,16.369614,0.01587930079749178,307398000
2014-02-14,16.355572,-0.0008084232614495868,272924400
2014-02-18,16.419382,0.003676629038789292,260251600
2014-02-19,16.144369,-0.015787758716124256,313768000
2014-02-20,16.945919,-0.011575229161248313,305858000
2014-02-21,16.757692,-0.011107512080047233,278784800
2014-02-24,16.831066,0.00437852658946114,288909600
2014-02-25,16.65591,-0.010406708642221596,231952000
2014-02-26,16.505646,-0.009021662581029766,276217200
2014-02-27,16.834898,0.019947840878206113,301882000
2014-02-28,16.789274,-0.0027100847299460495,371968800
2014-03-03,16.837765,0.0028882130341074674,238781200
2014-03-04,16.948793,0.006593986791002093,259140000
2014-03-05,16.984529,0.0021084687269470326,200062800
2014-03-06,16.933161,-0.003024399440220038,185488800
2014-03-07,16.923269,-0.0005841791736342916,220729600
2014-03-10,16.938591,0.0009053806330205916,178584000
2014-03-11,16.103533,0.009737645828983066,279224400
2014-03-12,16.120115,0.0009695072941946492,199326400
2014-03-13,16.929974,-0.011106292218247216,257742800
2014-03-14,16.739826,-0.011231440757085709,237199200
2014-03-17,16.805225,0.003906790906906599,199544800
2014-03-18,16.953896,0.008846712852699001,209647200
2014-03-19,16.949436,-0.00026306637719153425,224756000
2014-03-20,16.867758,-0.004818921408358379,208398400
2014-03-21,16.000797,0.007887177418599345,374046400
2014-03-24,16.202435,0.011860502775252302,355700800
2014-03-25,16.387478,0.010756791117071618,282293200
2014-03-26,16.221258,-0.009559753289120065,299768000
2014-03-27,16.14724,-0.004298059990739289,222031600
2014-03-28,16.128092,-0.0011166811685147104,200564000
2014-03-31,16.124266,-0.0002233757268468306,168669200
2014-04-01,16.280922,0.009148187723783341,200760000
2014-04-02,16.309629,0.0016611960866439457,180420800
2014-04-03,16.189674,-0.006929957886445792,162344000
2014-04-04,16.967291,-0.01293701090550059,275251200
2014-04-07,16.700895,-0.015700561745537356,289850400
2014-04-08,16.699944,-5.6943056045866136e-05,243888400
2014-04-09,16.919441,0.013143577008402074,206169600
2014-04-10,16.70122,-0.012897648332471534,239652000
2014-04-11,16.577749,-0.007392932971363675,271717600
2014-04-14,16.643793,0.003983894315205072,205674000
2014-04-15,16.525105,-0.007131066818723331,266490000
2014-04-16,16.558607,0.0020273396144834255,214765600
2014-04-17,16.747797,0.01142547800065552,284334400
2014-04-21,16.946562,0.01186812808872717,182548800
2014-04-22,16.963472,0.0009978425122452173,202563200
2014-04-23,16.741737,-0.013071321719987483,394940000
2014-04-24,18.114258,0.08198199505821879,759911600
2014-04-25,18.247293,0.007344214706448415,390275200
2014-04-28,18.953974,0.03872799105050806,669485600
2014-04-29,18.897823,-0.0029624921929300996,337377600
2014-04-30,18.826359,-0.0037815996054147982,456640800
2014-05-01,18.870705,0.002355527162740234,244048000
2014-05-02,18.905798,0.0018596549519480643,191514400
2014-05-05,19.173159,0.014141746357387186,287067200
2014-05-06,18.964182,-0.010899455848668249,374564400
2014-05-07,18.897823,-0.003499175445584868,282864400
2014-05-08,18.864134,-0.0017826921122078287,230297200
2014-05-09,18.785534,-0.004166637069053958,291597600
2014-05-12,19.019419,0.012450271575990435,213208800
2014-05-13,19.04925,0.0015684495935444076,159737200
2014-05-14,19.05278,0.00018530913290537576,166404000
2014-05-15,18.890762,-0.008503640938487655,230846000
2014-05-16,19.169561,0.014758483538144462,276256400
2014-05-19,19.3967,0.011848941141635816,317755200
2014-05-20,19.400555,0.00019874514737061588,234836000
2014-05-21,19.451885,0.0026458005969416387,196859600
2014-05-22,19.482683,0.001583291285137678,200760000
2014-05-23,19.702768,0.011296442076278668,232209600
2014-05-27,20.071716,0.01872569377054023,348866000
2014-05-28,20.019743,-0.0025893650547865743,315481600
2014-05-29,20.384521,0.01822091322550956,376474000
2014-05-30,20.308168,-0.003745636210926939,564020800
2014-06-02,20.168608,-0.006872111753261079,369350800
2014-06-03,20.453815,0.014141134579044756,292709200
2014-06-04,20.687378,0.011419043342281165,335482000
2014-06-05,20.768545,0.003923503500540271,303805600
2014-06-06,20.711437,-0.002749735236628248,349938400
2014-06-09,21.04285,0.016001448861322487,301660000
2014-06-10,21.166368,0.005869832270818609,251108000
2014-06-11,21.078787,-0.00413774342390727,182724000
2014-06-12,20.726194,-0.01672738568874954,218996000
2014-06-13,20.499371,-0.010943784469063633,218100000
2014-06-16,20.705986,0.010079089743777914,142244000
2014-06-17,20.679039,-0.001301411099186467,118904000
2014-06-18,20.701498,0.001086075615022608,134056000
2014-06-19,20.629633,-0.0034714879087495154,142112000
2014-06-20,20.416286,-0.010341773893893236,403592000
2014-06-23,20.398314,-0.0008802776371765741,174776000
2014-06-24,20.274796,-0.006055304374665504,156144000
2014-06-25,20.292767,0.0008863714337743467,147476000
2014-06-26,20.414032,0.005975774521039812,130516000
2014-06-27,20.656576,0.011881239335766791,256116000
2014-06-30,20.869925,0.010328381625299254,197929200
2014-07-01,21.002422,0.0063487051343020795,152892000
2014-07-02,20.993444,-0.000427474507463943,113860000
2014-07-03,21.116959,0.005883503440407445,91567200
2014-07-07,21.552641,0.020631853289102775,225872000
2014-07-08,21.413403,-0.006460368360425184,260888000
2014-07-09,21.422386,0.0004195036164966748,145744000
2014-07-10,21.343788,-0.0036689657258532904,158744000
2014-07-11,21.384207,0.0018937125874751715,136072000
2014-07-14,21.660435,0.012917383375497637,171240000
2014-07-15,21.406668,-0.011715692690382196,181911600
2014-07-16,21.285395,-0.005665197404845945,213585200
2014-07-17,20.905857,-0.01783091175897844,229192000
2014-07-18,21.206797,0.014395009015894411,199952000
2014-07-21,21.096752,-0.005189138180556108,156316000
2014-07-22,21.271921,0.008303126471790545,220788000
2014-07-23,21.82663,0.026077052467428974,371672000
2014-07-24,21.790693,-0.0016464749711705418,182916000
2014-07-25,21.934418,0.006595705790541029,173876000
2014-07-28,22.237598,0.013822112809193099,221272000
2014-07-29,22.093874,-0.006463108110866922,172572000
2014-07-30,22.042221,-0.002337887868827271,132040000
2014-07-31,21.469547,-0.02598077571221169,227372000
2014-08-01,21.588572,0.005543898993304319,194044000
2014-08-04,21.467297,-0.005617555436274402,159832000
2014-08-05,21.361755,-0.004916408432789621,223732000
2014-08-06,21.325813,-0.0016825396602478948,154232000
2014-08-07,21.323561,-0.00010559972555324038,186844000
2014-08-08,21.38224,0.0027518386821037133,167460000
2014-08-11,21.66436,0.013194127462791583,146340000
2014-08-12,21.659845,-0.00020840680269340606,135180000
2014-08-13,21.946478,0.013233381863997584,127664000
2014-08-14,22.005156,0.002673686411095222,112464000
2014-08-15,22.113485,0.004922891707743515,195804000
2014-08-18,22.379812,0.012043646670798491,190288000
2014-08-19,22.689013,0.013816067802535414,277596000
2014-08-20,22.698032,0.00039750517133563257,210796000
2014-08-21,22.700291,9.952404684243632e-05,133912000
2014-08-22,22.867306,0.0073573946695220105,176736000
2014-08-25,22.91696,0.002171397015459542,161080000
2014-08-26,22.77025,-0.006401808965936118,132608000
2014-08-27,23.050116,0.012290861979995737,209476000
2014-08-28,23.077208,0.0011753520025670205,273840000
2014-08-29,23.133633,0.0024450531450772583,178380000
2014-09-02,23.314178,0.0078044378070663,214256000
2014-09-03,22.330162,-0.04220676362683673,501684000
2014-09-04,22.145088,-0.00828807242867291,342872000
2014-09-05,22.336927,0.008662824008646819,233828000
2014-09-08,22.199257,-0.006163336612954873,185426800
2014-09-09,22.115747,-0.0037618376146553167,759385200
2014-09-10,22.795084,0.030717343619458104,403478400
2014-09-11,22.892132,0.0042574091852436435,249412400
2014-09-12,22.944044,0.002267678694147124,250504400
2014-09-15,22.937273,-0.00029510926670117676,245266000
2014-09-16,22.763489,-0.00757648914934228,267632400
2014-09-17,22.925987,0.00713853662766728,243706000
2014-09-18,22.973381,0.002067261051836189,149197600
2014-09-19,22.786057,-0.008153958705512276,283609600
2014-09-22,22.808626,0.0009904741307371623,211153600
2014-09-23,23.165224,0.015634348162839817,253608800
2014-09-24,22.964357,-0.008671057961710193,240687200
2014-09-25,22.088669,-0.03813248505063738,400368000
2014-09-26,22.738659,0.029426399571653716,249482000
2014-09-29,22.594217,-0.00635226554037327,199065200
2014-09-30,22.738659,0.006392874778532898,221056400
2014-10-01,22.384327,-0.015582801078990571,205965200
2014-10-02,22.54682,0.007259230978889919,191031200
2014-10-03,22.483629,-0.0028026568713459543,173878400
2014-10-06,22.483629,0.0,148204800
2014-10-07,22.287273,-0.008733287673444612,168376800
2014-10-08,22.749952,0.020759785192203672,229618800
2014-10-09,22.799603,0.002182466143225259,309506000
2014-10-10,22.734146,-0.0028709710427853308,265326400
2014-10-13,22.526506,-0.009133397841291191,214333600
2014-10-14,22.287273,-0.010620066867005562,254754400
2014-10-15,22.014185,-0.012253091708438135,403734400
2014-10-16,21.725294,-0.013122947772084226,288618000
2014-10-17,22.043518,0.014647626862955176,272718800
2014-10-20,22.515226,0.021398943671332216,310069200
2014-10-21,23.12686,0.027165350238989472,378495600
2014-10-22,23.244217,0.005074489143791938,273052400
2014-10-23,23.659491,0.017865691066298428,284298800
2014-10-24,23.747519,0.003720621039565053,188215600
2014-10-27,23.722691,-0.0010454986897788787,136750800
2014-10-28,24.09057,0.01550747341437786,192243600
2014-10-29,24.225986,0.005621120629358156,210751600
2014-10-30,24.144735,-0.0033538779391681928,162619200
2014-10-31,24.374947,0.009534666667494918,178557200
2014-11-03,24.69091,0.012962612800758055,209130400
2014-11-04,24.510359,-0.007312448184372267,166297600
2014-11-05,24.56904,0.002394130579645992,149743600
2014-11-06,24.639309,0.0028600629084407636,139874000
2014-11-07,24.709581,0.002852028033740739,134766000
2014-11-10,24.668777,-0.0016513432583094012,108782000
2014-11-11,24.86598,0.007994032294345255,109769200
2014-11-12,25.217323,0.014129465237243899,187769600
2014-11-13,25.5732,0.014112402018247483,238091600
2014-11-14,25.881468,0.012054338135235376,176254400
2014-11-17,25.838404,-0.0016638932536593432,186986800
2014-11-18,26.173882,0.01298369667104815,176896000
2014-11-19,25.992538,-0.006928433466613759,167476800
2014-11-20,26.36429,0.014302258594370398,173582000
2014-11-21,26.400553,0.0013754590015508938,228717200
2014-11-24,26.890165,0.018545520618450828,189803200
2014-11-25,26.656696,-0.008682319353562895,275361600
2014-11-26,26.974039,0.011904813709846085,163073200
2014-11-28,26.95817,-0.0005883064082469192,99257600
2014-12-01,26.083214,-0.0324560606302281,335256000
2014-12-02,25.983479,-0.0038237235641283007,237395600
2014-12-03,26.278151,0.011340744632387434,172253600
2014-12-04,26.178417,-0.0037953203024063686,168178000
2014-12-05,26.067343,-0.004242960909362825,153275600
2014-12-08,25.477999,-0.02260851825212873,230659600
2014-12-09,25.86787,0.015302261374607884,240832000
2014-12-10,25.375992,-0.019015017471481044,178261200
2014-12-11,25.301197,-0.002947470979656752,165606800
2014-12-12,24.872784,-0.0169325190424785,224112400
2014-12-15,24.532778,-0.013669800694606549,268872400
2014-12-16,24.197294,-0.013674929109129041,243162800
2014-12-17,24.800245,0.024918116877036045,213647200
2014-12-18,25.534668,0.02961353809206324,236024800
2014-12-19,25.337463,-0.007723029725704711,353719200
2014-12-22,25.600395,0.010377203116191946,180670000
2014-12-23,25.509731,-0.0035415078556405577,104113600
2014-12-24,25.389599,-0.004709261732316894,57918400
2014-12-26,25.838404,0.017676726599738846,134884000
2014-12-29,25.820272,-0.0007017461295210081,110395600
2014-12-30,25.505199,-0.012202543799693433,119526000
2014-12-31,25.020121,-0.019018789071200803,165613600
2015-01-02,24.782114,-0.009512623859812663,212818400
2015-01-05,24.083967,-0.028171406200455662,257142000
2015-01-06,24.086231,9.400444702478694e-05,263188400
2015-01-07,24.423969,0.014022036075299615,160423600
2015-01-08,25.362394,0.038422297375172665,237458000
2015-01-09,25.389599,0.0010726511069893974,214798000
2015-01-12,24.763973,-0.02464103509472526,198603200
2015-01-13,24.983852,0.008878987228745583,268367600
2015-01-14,24.888651,-0.003810501278986078,195826400
2015-01-15,24.213161,-0.027140482623987938,240056000
2015-01-16,24.025024,-0.007770030521830673,314053200
2015-01-20,24.643837,0.02575701901484062,199599600
2015-01-21,24.831982,0.00763456599716994,194303600
2015-01-22,25.477999,0.02601552304604615,215185600
2015-01-23,25.609468,0.005160099111394034,185859200
2015-01-26,25.636669,0.0010621462343536336,222460000
2015-01-27,24.739044,-0.035013324078881025,382274800
2015-01-28,26.137611,0.05653278275425677,585908400
2015-01-29,26.951366,0.0311334880605576,337745600
2015-01-30,26.556957,-0.014634100549857032,334982000
2015-02-02,26.890165,0.012546919438096715,250956400
2015-02-03,26.894703,0.00016876058588710663,207662800
2015-02-04,26.100973,0.007669539983393703,280598800
2015-02-05,26.294409,0.007137603509659973,168984800
2015-02-06,26.064562,-0.008421028643631812,174826400
2015-02-09,26.244341,0.006642597800030847,155559200
2015-02-10,26.76775,0.019211659404791748,248034000
2015-02-11,28.418585,0.023438521306191618,294247200
2015-02-12,28.778141,0.01265214295504169,297898000
2015-02-13,28.919233,0.004902748930168732,217088800
2015-02-17,29.089907,0.00590174711756708,252609600
2015-02-18,29.292444,0.006962449209617638,179566800
2015-02-19,29.231001,-0.0020975716468042416,149449600
2015-02-20,29.469946,0.008174369396381609,195793600
2015-02-23,30.266436,0.02702719577429824,283896400
2015-02-24,30.077553,-0.006240675314397648,276912400
2015-02-25,29.308369,-0.025573356981533846,298846800
2015-02-26,29.679312,0.012656555538795189,365150000
2015-02-27,29.23328,-0.015028380711790024,248059200
2015-03-02,29.37664,0.004903999824857008,192386800
2015-03-03,29.438087,0.0020916959870156404,151265200
2015-03-04,29.25148,-0.006338964892657506,126665200
2015-03-05,28.766762,-0.0165707171055961,226068400
2015-03-06,28.810001,0.0015030888773648332,291368400
2015-03-09,28.93289,0.004265497942884444,354114000
2015-03-10,28.334389,-0.020685835393560725,275426400
2015-03-11,26.817812,-0.018231450129381654,275756000
2015-03-12,28.320732,0.018079063874613777,193450800
2015-03-13,28.125021,-0.006910520533155662,207309200
2015-03-16,28.434513,0.011004151783566618,143497200
2015-03-17,28.910131,0.01672678550886375,204092400
2015-03-18,29.235554,0.01125636545887665,261083600
2015-03-19,29.014812,-0.007550464068510565,183238000
2015-03-20,28.650709,-0.012548866420364901,274780400
2015-03-23,28.94882,0.010405013013814246,150838800
2015-03-24,28.830484,-0.004087765926210518,131369200
2015-03-25,28.077236,-0.026126789963012764,206620800
2015-03-26,28.272942,0.0069702729998066815,190291600
2015-03-27,28.047653,-0.007968360703318411,158184800
2015-03-30,28.757664,0.025314453227155864,188398800
2015-03-31,28.316183,-0.015351768488567119,168362400
2015-04-01,28.275223,-0.0014465226474908999,162485600
2015-04-02,28.518715,0.008611497069360041,128880400
2015-04-06,28.980671,0.016198345542567383,148776000
2015-04-07,28.675739,-0.0105219095858754,140049200
2015-04-08,28.582434,-0.003253795830684636,149316800
2015-04-09,28.800898,0.007643295878860368,129936000
2015-04-10,28.923786,0.0042668114028945325,160752000
2015-04-13,28.866888,-0.0019671698580538965,145460400
2015-04-14,28.741737,-0.004335451746651731,102098400
2015-04-15,28.850969,0.003800466200076791,115881600
2015-04-16,28.712141,-0.004811900771859667,113476000
2015-04-17,28.389004,-0.01125436796928514,207828000
2015-04-20,29.037567,0.022845570770992918,188217200
2015-04-21,28.880552,-0.005407305646509486,129740400
2015-04-22,29.26969,0.013474049941981647,150618000
2015-04-23,29.508629,0.008163359434281592,183083600
2015-04-24,29.647448,0.004704352750512397,178103600
2015-04-27,30.186783,0.01819161635767097,387816800
2015-04-28,29.711168,-0.01575573654204876,475696000
2015-04-29,29.274242,-0.01470578336065409,253544400
2015-04-30,28.480034,-0.027129925345291683,332781600
2015-05-01,29.344784,0.030363376672935205,234050400
2015-05-04,29.287893,-0.0019387091075538931,203953200
2015-05-05,28.627949,-0.02253299682568488,197085600
2015-05-06,28.448174,-0.006279702398519715,288564000
2015-05-07,28.624132,0.0061852124498393835,175763600
2015-05-08,29.163425,0.018840501434244317,222201600
2015-05-11,28.866358,-0.01018628641869046,168143200
2015-05-12,28.763523,-0.003562451487645335,192640000
2015-05-13,28.795517,0.0011123115899258629,138776800
2015-05-14,29.467361,0.023331548449017303,180814000
2015-05-15,29.426229,-0.0013958494620539552,152832000
2015-05-18,29.750723,0.01102737289239486,203531600
2015-05-19,29.723303,-0.0009216582736493173,178532800
2015-05-20,29.721014,-6.701028381679187e-05,145819600
2015-05-21,30.024942,0.010226030646195206,158921600
2015-05-22,30.287735,0.008752489846608258,182384000
2015-05-26,29.620462,-0.022031129102258795,282790400
2015-05-27,30.173475,0.01866996537731258,183332800
2015-05-28,30.114069,-0.001968815325380957,122933200
2015-05-29,29.771286,-0.011382819106909858,203538000
2015-06-01,29.830702,0.0019957485209070036,128451200
2015-06-02,29.698166,-0.004442939358249021,134670400
2015-06-03,29.734722,0.0012309177610496658,123934000
2015-06-04,29.561054,-0.005840579239315025,153800400
2015-06-05,29.398804,-0.005488640560651237,142507200
2015-06-08,29.204565,-0.006607037483565614,210699200
2015-06-09,29.117729,-0.0029733707726856684,224301600
2015-06-10,29.451368,0.011458276845697668,156349200
2015-06-11,29.385088,-0.0022504896886283987,141563600
2015-06-12,29.060596,-0.011042743857020199,147544800
2015-06-15,29.003466,-0.0019658922342817853,175955600
2015-06-16,29.158861,0.005357807925439051,125976400
2015-06-17,29.090311,-0.0023509148728410034,131672400
2015-06-18,29.222847,0.004556018668896433,141628800
2015-06-19,28.930346,-0.010009325922282652,218867600
2015-06-22,29.161146,0.007977782222168939,136157200
2015-06-23,29.028606,-0.004545088865849034,121075600
2015-06-24,29.275408,0.00850202727612892,221123600
2015-06-25,29.136007,-0.004761709896579425,127752400
2015-06-26,28.964621,-0.005882274808624244,176267200
2015-06-29,28.457312,-0.017514781222236597,196645600
2015-06-30,28.662981,0.0072272813398537306,177482800
2015-07-01,28.930346,0.009327885330559393,120955200
2015-07-02,28.89378,-0.0012639323428762506,108844000
2015-07-06,28.79323,-0.0034799877343842933,112241600
2015-07-07,28.722391,-0.0024602658333227057,187787200
2015-07-08,28.009417,-0.024822933438932715,243046400
2015-07-09,26.438128,-0.020396318852334616,314380000
2015-07-10,28.171659,0.02673400313607388,245418000
2015-07-13,28.715534,0.019305749796275862,165762000
2015-07-14,28.704111,-0.0003977986270428113,127072400
2015-07-15,28.980618,0.009633010407463782,134596800
2015-07-16,29.366814,0.013326009818010132,144889600
2015-07-17,29.620462,0.008637232489707491,184658800
2015-07-20,30.180338,0.018901663316392536,235600800
2015-07-21,29.878695,-0.009994685944206383,307025600
2015-07-22,28.614986,-0.04229465175771574,461802400
2015-07-23,28.601276,-0.0004791195774129786,203998000
2015-07-24,28.450453,-0.00527329619839334,168649200
2015-07-27,28.055126,-0.01389527962876369,177822000
2015-07-28,28.194517,0.004968468150882588,134472400
2015-07-29,28.105394,-0.0031610046733554498,148046800
2015-07-30,26.963718,-0.005040882899560173,134513200
2015-07-31,26.719204,-0.008743973172666064,171540000
2015-08-03,26.065641,-0.02357798586135451,279904000
2015-08-04,26.197271,-0.03208385125628466,496554400
2015-08-05,26.370943,0.0066293928096556876,397250400
2015-08-06,26.428331,0.0021761830815074656,211612000
2015-08-07,26.517855,0.0033874254110106694,154681600
2015-08-10,26.481974,0.03635735243291727,219806400
2015-08-11,26.051868,-0.0520379649584124,388331200
2015-08-12,26.453585,0.015419892347066977,404870000
2015-08-13,26.43292,-0.0007811795641309294,194143200
2015-08-14,26.618853,0.007034145300632844,171718000
2015-08-17,26.894323,0.010348680313160052,163538800
2015-08-18,26.742819,-0.005633307817415556,138242800
2015-08-19,26.400787,-0.012789676361343982,193146000
2015-08-20,25.859045,-0.020519918591820896,274006400
2015-08-21,24.27743,-0.06116293157771291,513102000
2015-08-24,23.671412,-0.02496219739898331,648825200
2015-08-25,23.813734,0.006012400105240845,414406400
2015-08-26,25.179571,0.05735501202793314,387098400
2015-08-27,25.921021,0.02944649056967652,338464400
2015-08-28,26.005959,0.0032767999377802948,212657600
2015-08-31,25.884293,-0.004678389287624429,224917200
2015-09-01,24.72735,-0.044696720130621204,307383600
2015-09-02,25.78788,0.04288894685439404,247555200
2015-09-03,25.335667,-0.017535873441322014,212935600
2015-09-04,25.083158,-0.009966542424164282,199985200
2015-09-08,25.780996,0.02782097852272014,219374400
2015-09-09,25.285164,-0.019232460995688316,340043200
2015-09-10,25.840677,0.021969918802978494,251571200
2015-09-11,26.217138,0.014568542457304767,199662000
2015-09-14,26.469648,0.009631486091273622,233453600
2015-09-15,26.692316,0.008412201023602739,173364800
2015-09-16,26.72216,0.0011180745799650449,148694000
2015-09-17,26.150572,-0.021390037332311373,256450400
2015-09-18,26.042685,-0.004125607654012375,297141200
2015-09-21,26.446699,0.015513530958885413,200888000
2015-09-22,26.031208,-0.015710505118238016,201384800
2015-09-23,26.242395,0.008112839019994711,143026800
2015-09-24,26.398489,0.005948161362558713,200878000
2015-09-25,26.331923,-0.002521583716401432,224607600
2015-09-28,25.810837,-0.019789135795361457,208436000
2015-09-29,25.03495,-0.030060512954306784,293461600
2015-09-30,25.319597,0.011369984761303797,265892000
2015-10-01,25.154322,-0.0065275525514881805,255716400
2015-10-02,25.337961,0.007300494920912559,232079200
2015-10-05,25.429777,0.0036236538528100493,208258800
2015-10-06,25.551443,0.004784391149005973,192787200
2015-10-07,25.429777,-0.004761609745484785,187062400
2015-10-08,25.135954,-0.01155428928849822,247918400
2015-10-09,25.737379,0.02392688178853275,211064400
2015-10-12,25.618017,-0.004637690574475495,121868800
2015-10-13,25.661627,0.0017023175525257006,132197200
2015-10-14,25.298935,-0.014133632290735054,177849600
2015-10-15,25.6777,0.014971578843141042,150694000
2015-10-16,25.489464,-0.007330718872796238,156930400
2015-10-19,25.647856,0.006214018466610405,119036800
2015-10-20,26.116144,0.01825836826282856,195871200
2015-10-21,26.113848,-8.791496937665677e-05,167180800
2015-10-22,26.513269,0.01529537125283098,166616400
2015-10-23,26.335062,0.030995536612252517,237467600
2015-10-26,26.462765,-0.03191128668374699,265335200
2015-10-27,26.295193,-0.006332369274337002,279537600
2015-10-28,26.378675,0.041204565412393146,342205600
2015-10-29,26.667915,0.010564426510778935,204909200
2015-10-30,26.431475,-0.008545638513057563,197461200
2015-11-02,26.817123,0.014058595099242677,128813200
2015-11-03,28.1362,0.011470524827459583,182076000
2015-11-04,28.005354,-0.004650450309565568,179544400
2015-11-05,26.876251,-0.004609939942198271,158210800
2015-11-06,26.908527,0.001157831445842472,132169200
2015-11-09,26.795565,-0.004047580153549446,135485600
2015-11-10,26.919535,-0.03151689846923422,236511600
2015-11-11,26.767385,-0.0056520292791090165,180872000
2015-11-12,26.677477,-0.00335886378142658,130102400
2015-11-13,25.898266,-0.02920857171013591,183249600
2015-11-16,26.322451,0.01637889579171059,152426800
2015-11-17,26.20949,-0.004291431675568558,110467600
2015-11-18,26.039415,0.03166505719874757,186698800
2015-11-19,26.38291,0.01270349229079093,173183200
2015-11-20,26.50279,0.004377913085205298,137148400
2015-11-23,26.145458,-0.012992572753527942,129930000
2015-11-24,26.405968,0.009596817264972968,171212800
2015-11-25,26.210014,-0.007150048485789706,85553200
2015-11-27,26.159292,-0.0018640931239506386,52185600
2015-11-30,26.272257,0.004159349956545322,156721200
2015-12-01,26.050941,-0.008115059930683288,139409600
2015-12-02,26.806572,-0.009033659864180033,133546400
2015-12-03,26.5576,-0.009287722428664047,166278000
2015-12-04,26.440548,0.03324652830074992,231108000
2015-12-07,26.267645,-0.0063010039012340036,128336800
2015-12-08,26.256117,-0.0004227721169174359,137238000
2015-12-09,26.654427,-0.022075411548901136,185445600
2015-12-10,26.781214,0.004756695763896923,116850800
2015-12-11,26.091923,-0.02573785490082703,187544800
2015-12-14,25.930548,-0.00618486418191555,257274800
2015-12-15,25.471773,-0.017692452932348446,213292400
2015-12-16,25.667734,0.0076932610855160455,224954000
2015-12-17,25.123671,-0.021196378301255536,179091200
2015-12-18,24.443598,-0.027069013919184037,385813200
2015-12-21,24.743288,0.01226047000118391,190362400
2015-12-22,24.720236,-0.0009316465944219088,131157600
2015-12-23,25.03837,0.012869375518906878,130629600
2015-12-24,24.904659,-0.00534024379382525,54281600
2015-12-28,24.625719,-0.011200313965350817,106816800
2015-12-29,25.068344,0.017974094482276826,123724800
2015-12-30,24.740984,-0.013058700646520482,100855200
2015-12-31,24.266083,-0.019194911568594097,163649200
2016-01-04,24.286829,0.0008549381455591476,270597600
2016-01-05,23.678219,-0.02505926154460103,223164000
2016-01-06,23.214846,-0.01956958840527645,273829600
2016-01-07,22.235067,-0.04220484598519414,324377600
2016-01-08,22.352642,0.005287818561554136,283192000
2016-01-11,22.714582,0.016192269352320876,198957600
2016-01-12,23.044247,0.01451336414643234,196616800
2016-01-13,22.451771,-0.025710364934033114,249758400
2016-01-14,22.942814,0.021871014095057317,252680400
2016-01-15,22.391834,-0.02401536271880156,319335600
2016-01-19,22.283487,-0.004838683602245264,212350800
2016-01-20,22.313456,0.0013448972326457476,289337600
2016-01-21,22.200489,-0.005062729861299742,208646000
2016-01-22,23.380827,0.053167207262867056,263202000
2016-01-25,22.924372,-0.019522619965495536,207178000
2016-01-26,23.051167,0.0055310130196803975,300308000
2016-01-27,21.536552,-0.06570665164154155,533478800
2016-01-28,21.691011,0.007171946558576225,222715200
2016-01-29,22.440248,0.03454135909110012,257666000
2016-02-01,22.230457,-0.009348871723699248,163774000
2016-02-02,21.780916,-0.02022185148960276,149428800
2016-02-03,22.212013,0.01979241828029621,183857200
2016-02-04,22.39049,0.008035156471410287,185886800
2016-02-05,21.792484,-0.026708035420394904,185672400
2016-02-08,22.021955,0.010529823034400199,216085600
2016-02-09,22.017317,-0.00021060800460270812,177324800
2016-02-10,21.85043,-0.007579806386036947,169374400
2016-02-11,21.718311,-0.006046517162362486,200298800
2016-02-12,21.78553,0.0030950380994176907,161405600
2016-02-16,22.399765,0.028194631941476533,196231600
2016-02-17,22.742807,0.015314535665887696,179452800
2016-02-18,22.311686,-0.018956367171387267,156084000
2016-02-19,22.260693,-0.002285483938775479,141496800
2016-02-22,22.455397,0.008746538124397185,137123200
2016-02-23,21.947783,-0.02260543423035455,127770400
2016-02-24,22.274601,0.014890706728784453,145022800
2016-02-25,22.42758,0.006867867128124816,110330800
2016-02-26,22.462345,0.001550100367494034,115964400
2016-02-29,22.411354,-0.0022700657478104125,140865200
2016-03-01,23.301413,0.03971464642430811,201628400
2016-03-02,23.3524,0.002188150564088165,132678400
2016-03-03,23.526245,0.007444416847947055,147822800
2016-03-04,23.87624,0.014876789729937778,184220400
2016-03-07,23.612001,-0.011067027304131671,143315600
2016-03-08,23.417299,-0.008245891570138442,126247600
2016-03-09,23.43816,0.0008908371541909155,108806800
2016-03-10,23.449753,0.0004946207381466561,134054400
2016-03-11,23.7024,0.010773972757836647,109632800
2016-03-14,23.762661,0.0025424007695422635,100304400
2016-03-15,24.240143,0.020093793367670365,160270800
2016-03-16,24.562325,0.013291258224013003,153214000
2016-03-17,24.522919,-0.0016043269519477876,137682800
2016-03-18,24.550739,0.0011344489618059228,176820800
2016-03-21,24.548416,-9.462036967611276e-05,142010800
2016-03-22,24.736162,0.007647988367151637,129777600
2016-03-23,24.599407,-0.005528545616737213,102814000
2016-03-24,24.492786,-0.00433429147296116,104532000
2016-03-28,24.381536,-0.004542153759070078,77645600
2016-03-29,24.958679,0.02367131422729063,124760400
2016-03-30,25.394434,0.017459057027817915,182404400
2016-03-31,25.262318,-0.005202557379306083,103553600
2016-04-01,25.494104,0.009175167536090711,103496000
2016-04-04,25.75602,0.01027359110169157,149424800
2016-04-05,25.452387,-0.011788816750413988,106314800
2016-04-06,25.718929,0.010472180860679137,105616400
2016-04-07,25.158014,-0.021809422935146205,127207600
2016-04-08,25.185829,0.001105611913563509,94326800
2016-04-11,25.269272,0.0033130932477942743,117630000
2016-04-12,25.598408,0.013025147697171446,108929200
2016-04-13,25.969257,0.014487189984627058,133029200
2016-04-14,25.98317,0.0005357488664385901,101895600
2016-04-15,25.461649,-0.020071492431447013,187756000
2016-04-18,24.912317,-0.021574879144708903,243286000
2016-04-19,24.780203,-0.0053031598787058876,129539600
2016-04-20,24.831192,0.0020576506173093367,122444000
2016-04-21,24.562325,-0.010827792721348262,126210000
2016-04-22,24.49511,-0.002736508046367825,134732400
2016-04-25,24.356039,-0.005677500529697621,112126400
2016-04-26,24.186831,-0.006947270859600674,224064800
2016-04-27,22.673273,-0.06257777217693394,458408400
2016-04-28,21.98023,-0.030566517679207594,328970800
2016-04-29,21.727585,-0.011494192735926667,274126000
2016-05-02,21.704411,-0.0010665704448976632,192640400
2016-05-03,22.061352,0.01644555109097401,227325200
2016-05-04,21.831892,-0.010400994463077295,164102000
2016-05-05,21.743273,-0.004059153462283582,143562000
2016-05-06,21.622009,-0.005577081242552628,174799600
2016-05-09,21.638334,0.0007550177229138644,131745600
2016-05-10,21.78525,0.006789616982527447,134747200
2016-05-11,21.573038,-0.009741086285445455,114876400
2016-05-12,21.067003,-0.023456826062235647,305258800
2016-05-13,21.108984,0.0019927371729144827,177571200
2016-05-16,21.892521,0.03711865052339802,245039200
2016-05-17,21.801571,-0.0041543867880724505,187667600
2016-05-18,22.051092,0.011445092649515987,168249600
2016-05-19,21.96714,-0.0038071583937884235,121768400
2016-05-20,22.205002,0.010828082308393272,128104000
2016-05-23,22.487173,0.012707542201527255,152074400
2016-05-24,22.829969,0.01524406825170943,140560800
2016-05-25,23.231077,0.017569362446352876,152675200
2016-05-26,23.415297,0.00792989494202101,225324800
2016-05-27,23.4013,-0.0005977716191257754,145364800
2016-05-31,23.287041,-0.0048825919927525385,169228800
2016-06-01,22.96056,-0.014019857653877033,116693200
2016-06-02,22.787998,-0.007515583243614232,160766400
2016-06-03,22.834637,0.00204664753788375,114019600
2016-06-06,23.000204,0.007250695511384686,93170000
2016-06-07,23.093483,0.004055572724485312,89638000
2016-06-08,23.072496,-0.0009087845259200256,83392400
2016-06-09,23.238066,0.007176076658546027,106405600
2016-06-10,23.046843,-0.008228868960093338,126851600
2016-06-13,22.699383,-0.015076251441466293,152082000
2016-06-14,22.727364,0.0012326766767185582,127727600
2016-06-15,22.652742,-0.003283354814047179,117780800
2016-06-16,22.748354,0.004220769388535883,125307200
2016-06-17,22.230654,-0.022757690512465123,244032800
2016-06-20,22.177021,-0.0024125695987172735,137647600
2016-06-21,22.365911,0.008517374808816758,142185600
2016-06-22,22.281961,-0.0037534800169777283,116876400
2016-06-23,22.410217,0.00575604633721416,128960800
2016-06-24,21.78059,-0.028095533389971172,301245600
2016-06-27,21.463438,-0.014561221711624883,181958400
2016-06-28,21.824892,0.016840452121416716,161779600
2016-06-29,22.013781,0.008654750731412753,146124000
2016-06-30,22.293613,0.012711673655697808,143345600
2016-07-01,22.361246,0.0030337388560570666,104106000
2016-07-05,22.151369,-0.009385747109083353,110820800
2016-07-06,22.277292,0.005684659941333603,123796400
2016-07-07,22.372908,0.00429208361590816,100558400
2016-07-08,22.545471,0.007713033996295859,115648400
2016-07-11,22.615435,0.0031032396706194287,95179600
2016-07-12,22.718037,0.004536813021726038,96670000
2016-07-13,22.589781,-0.005645558196775591,103568800
2016-07-14,23.037518,0.019820333804918322,155676000
2016-07-15,23.035181,-0.00010144321970784187,120548000
2016-07-18,23.280041,0.010629827479974985,145975600
2016-07-19,23.289373,0.00040085840055015254,95119600
2016-07-20,23.31036,0.0009011406189423088,105104000
2016-07-21,23.186762,-0.005302277613902007,130808000
2016-07-22,23.007202,-0.007744073967723586,113254800
2016-07-25,22.699383,-0.013379245333700274,161531600
2016-07-26,22.543139,-0.006883182683864231,224959200
2016-07-27,24.007616,0.06496331322802917,369379200
2016-07-28,24.331758,0.013501632148731568,159479200
2016-07-29,24.301449,-0.0012456559858929905,110934800
2016-08-01,24.730522,0.017656272265904827,152671600
2016-08-02,24.364408,-0.014804135553628806,135266400
2016-08-03,24.669891,0.012538084241570768,120810400
2016-08-04,24.822292,0.006177611404930783,109634800
2016-08-05,25.199774,0.015207378915694125,162213600
2016-08-08,25.408442,0.008280550452555602,112148800
2016-08-09,25.511606,0.00406022533770467,105260800
2016-08-10,25.321692,-0.007444219701417509,96034000
2016-08-11,25.305277,-0.0006482584181183304,109938000
2016-08-12,25.363892,0.0023163152887044625,74641600
2016-08-15,25.668694,0.012017162034911655,103472800
2016-08-16,25.64525,-0.0009133304561579347,135177600
2016-08-17,25.607735,-0.0014628439964515794,101424000
2016-08-18,25.574915,-0.001281644003267024,87938800
2016-08-19,25.640558,0.002566694747567988,101472400
2016-08-22,25.441267,-0.007772490754686334,103280800
2016-08-23,25.520983,0.003133334515140307,85030800
2016-08-24,25.32873,-0.007533134597519253,94700400
2016-08-25,25.220871,-0.004258365895171257,100344800
2016-08-26,25.07317,-0.0058563005218970066,111065200
2016-08-29,25.045033,-0.0011221955580407172,99881200
2016-08-30,24.852774,-0.007676532109181067,99455600
2016-08-31,24.876221,0.0009434359319406838,118649600
2016-09-01,25.023928,0.005937678395766088,106806000
2016-09-02,25.258389,0.009369472290681191,107210000
2016-09-06,25.251356,-0.0002784421445088947,107521600
2016-09-07,25.406103,0.006128264953375151,169457200
2016-09-08,24.740234,-0.02620901757345473,212008000
2016-09-09,24.179871,-0.022649866609992575,186228000
2016-09-12,24.721478,0.022399085586519485,181171200
2016-09-13,25.309973,0.02380500874583613,248704800
2016-09-14,26.205606,0.03538656481379898,443554800
2016-09-15,26.09656,0.03399860319963599,359934400
2016-09-16,26.944159,-0.00562436707833025,319547600
2016-09-19,26.62998,-0.011660375074241447,188092000
2016-09-20,26.627638,-8.794599169803519e-05,138057200
2016-09-21,26.622948,-0.0001761327835386739,144012800
2016-09-22,26.873819,0.009423111219689195,124296000
2016-09-23,26.425999,-0.016663802044659115,209924800
2016-09-26,26.46586,0.0015084008744570276,119477600
2016-09-27,26.515097,0.0018603967526467091,98429600
2016-09-28,26.716734,0.007604611063651623,118564400
2016-09-29,26.301735,-0.015533298344026614,143548000
2016-09-30,26.505714,0.007755343896514777,145516400
2016-10-03,26.381453,-0.004688083482678462,86807200
2016-10-04,26.493996,0.00426598944341694,118947200
2016-10-05,26.505714,0.00044228888688602197,85812400
2016-10-06,26.702663,0.007430435565704885,115117200
2016-10-07,26.742519,0.0014925852151899122,97433600
2016-10-10,26.209101,0.017447197102112844,144944000
2016-10-11,26.267717,0.0021542791876880685,256164000
2016-10-12,26.511553,0.008942296122554039,150347200
2016-10-13,26.427145,-0.003068092884469298,140769600
2016-10-14,26.579544,0.005556502508737182,142608800
2016-10-17,26.560787,-0.0006801055158851543,94499600
2016-10-18,26.542028,-0.0006806409410589076,98214000
2016-10-19,26.459972,-0.0029793013063524887,80138400
2016-10-20,26.4459,-0.0005124550017748808,96503200
2016-10-21,26.338049,-0.003929585111073108,92770800
2016-10-24,26.584232,0.009005141515402215,94154800
2016-10-25,26.724907,0.005099833847105106,192516000
2016-10-26,26.101242,-0.02249475534760148,264536800
2016-10-27,26.840998,-0.009602659538629266,138248000
2016-10-28,26.662806,-0.006638799347177704,151446800
2016-10-31,26.620607,-0.0015826916341813435,105677600
2016-11-01,26.139954,-0.018055673937111938,175303200
2016-11-02,26.163404,0.0008970941570900504,113326800
2016-11-03,25.882969,-0.010718597625905324,107730400
2016-11-04,25.649658,-0.009014074080914036,123348000
2016-11-07,26.01965,0.014424831707307684,130240000
2016-11-08,26.172831,0.005887127613169341,97016800
2016-11-09,26.130411,-0.0016207646776918994,236705600
2016-11-10,25.40221,-0.027867950488800086,228538000
2016-11-11,25.553038,0.005937593618822845,136575600
2016-11-14,24.912033,-0.02508527557466944,204702000
2016-11-15,25.241959,0.013243640131658463,129058000
2016-11-16,25.920671,0.026888245876637296,235362000
2016-11-17,25.911249,-0.00036349367653321085,110528000
2016-11-18,25.937168,0.0010002991364870262,113715600
2016-11-21,26.330727,0.01517355325762626,117058400
2016-11-22,26.347225,0.0006265683435175973,103862000
2016-11-23,26.212894,-0.00509848760163556,109705600
2016-11-25,26.344868,0.005034697809406463,45903600
2016-11-28,26.293022,-0.0019679734208575272,108776000
2016-11-29,26.267099,-0.0009859269885370558,114115200
2016-11-30,26.04557,-0.008433706363995541,144649200
2016-12-01,25.802841,-0.009319396734262297,148347600
2016-12-02,25.899464,0.0037446651707848666,106112000
2016-12-05,25.713289,-0.007188372701458223,137298000
2016-12-06,25.911249,0.007698742856271812,104782000
2016-12-07,26.165764,0.009822567796712534,119994800
2016-12-08,26.422636,0.009817102989998716,108273200
2016-12-09,26.853903,0.016321876439580052,137610400
2016-12-12,26.70072,-0.005704310468388818,105497600
2016-12-13,26.146124,0.01668134791870779,174935200
2016-12-14,26.146124,0.0,136127200
2016-12-15,26.29459,0.005469141745613415,186098000
2016-12-16,26.329941,0.001295165085828387,177404400
2016-12-19,26.487833,0.005777253598900911,111117600
2016-12-20,26.560894,0.002657939605497539,85700000
2016-12-21,26.586813,0.0009404266784669435,95132800
2016-12-22,26.405361,-0.006577490484312221,104343600
2016-12-23,26.459553,0.001977423322393035,56998000
2016-12-27,26.633947,0.006350940963969709,73187600
2016-12-28,26.516117,-0.004263958384229327,83623600
2016-12-29,26.509048,-0.00025690398103772605,60158000
2016-12-30,26.29459,-0.00779590773188521,122345200
2017-01-03,26.372362,0.0028493558613629233,115127600
2017-01-04,26.341724,-0.0011193042091143246,84472400
2017-01-05,26.480768,0.0050854145115355465,88774400
2017-01-06,26.78713,0.011148232829591986,127007600
2017-01-09,28.041651,0.009159672121590079,134247600
2017-01-10,28.069925,0.001008285853069113,97848400
2017-01-11,28.220753,0.005373295439870196,110354400
2017-01-12,28.102922,-0.00417533153704297,108344800
2017-01-13,28.053427,-0.0017612047601313074,104447600
2017-01-17,28.279671,0.008064754441587496,137759200
2017-01-18,28.277309,-8.352289529822698e-05,94852000
2017-01-19,28.227825,-0.0017499543538601614,102389200
2017-01-20,28.279671,0.0018366983641142642,130391600
2017-01-23,28.298521,0.0006665565522314676,88200800
2017-01-24,28.272598,-0.0009160549415286878,92844000
2017-01-25,28.722715,0.015920609772048566,129510400
2017-01-26,28.736856,0.0004923281103474952,105350400
2017-01-27,28.739212,8.198530834402362e-05,82251600
2017-01-30,28.663797,-0.002624115094039481,121510000
2017-01-31,28.597815,-0.0023019281081287923,196804000
2017-02-01,30.341726,0.0609805679210107,447940000
2017-02-02,30.289879,-0.001708768973788799,134841600
2017-02-03,30.419493,0.004279119107738927,98029200
2017-02-06,30.704649,0.00937412073238697,107383600
2017-02-07,30.996876,0.009517353544735263,152735200
2017-02-08,31.117056,0.003877164911715747,92016400
2017-02-09,31.341909,0.007226037064688828,113399600
2017-02-10,31.270903,-0.002265528880196821,80262000
2017-02-13,31.547821,0.008855452623162119,92141600
2017-02-14,31.957298,0.012979565213077748,132904800
2017-02-15,32.073273,0.0036290615057630315,142492400
2017-02-16,32.035408,-0.001180577984666642,90338400
2017-02-17,32.122978,0.002733537840379885,88792800
2017-02-21,32.354923,0.007220532293114257,98028800
2017-02-22,32.451965,0.0029992962740168494,83347600
2017-02-23,32.314697,-0.004229882535618401,83152800
2017-02-24,32.345463,0.0009520745312883161,87106400
2017-02-27,32.409363,0.001975547544333933,81029600
2017-02-28,32.423569,0.0004383301208357171,93931600
2017-03-01,33.086281,0.020439205813524097,145658400
2017-03-02,32.889843,-0.005937143555058366,104844000
2017-03-03,33.083923,0.005900909894887674,84432400
2017-03-06,32.979782,-0.003147782685868239,87000000
2017-03-07,33.022385,0.0012917914375540906,69785200
2017-03-08,32.8993,-0.0037273201193676053,74828800
2017-03-09,32.823555,-0.0023023286209736815,88623600
2017-03-10,32.932434,0.00331709956462678,78451200
2017-03-13,32.946636,0.0004312465941629373,69686800
2017-03-14,32.896931,-0.0015086517482391093,61236400
2017-03-15,33.244865,0.010576488122858496,102767200
2017-03-16,33.299305,0.0016375461293045568,76928000
2017-03-17,33.133625,-0.004975479217959489,175540000
2017-03-20,33.481552,0.010500722453398836,86168000
2017-03-21,33.098122,-0.011451978092294035,158119600
2017-03-22,33.472084,0.011298586669056476,103440800
2017-03-23,33.353745,-0.0035354536036655837,81385200
2017-03-24,33.287476,-0.001986853350351092,89582400
2017-03-27,33.344276,0.0017063474563225878,94300400
2017-03-28,34.035393,0.020726705837007753,133499200
2017-03-29,34.111137,0.0022254480798855614,116760000
2017-03-30,34.06617,-0.0013182498138364362,84829200
2017-03-31,34.002262,-0.0018759960394725272,78646800
2017-04-03,34.011723,0.0002782461943267034,79942800
2017-04-04,34.264977,0.007446079694345409,79565600
2017-04-05,34.08746,-0.005180712655957764,110871600
2017-04-06,34.002262,-0.0024993942053763707,84596000
2017-04-07,33.92651,-0.0022278517823314248,66688800
2017-04-10,33.88628,-0.0011857983624016244,75733600
2017-04-11,33.52179,-0.010756270679460722,121517600
2017-04-12,33.562023,0.0012002044043590843,81400000
2017-04-13,33.38451,-0.00528910310323083,71291600
2017-04-17,33.569122,0.005529869990603453,66328400
2017-04-18,33.420013,-0.0044418498642890825,58790000
2017-04-19,33.296925,-0.0036830626008432787,69313600
2017-04-20,33.713501,0.012510945079763358,93278400
2017-04-21,33.67326,-0.00119361676498686,69283600
2017-04-24,33.997528,0.009629836849773588,68537200
2017-04-25,34.208183,0.006196185793272857,75486000
2017-04-26,34.006992,-0.0058813705480937895,80164800
2017-04-27,34.033028,0.0007656072610011666,56985200
2017-04-28,33.999882,-0.0009739362598003565,83441600
2017-05-01,34.693382,0.020397129613567433,134411600
2017-05-02,34.913498,0.00634461062343239,181408800
2017-05-03,34.806988,-0.0030506825755471922,182788000
2017-05-04,34.681541,-0.003604075135716811,93487600
2017-05-05,35.256687,0.016583634504591327,109310800
2017-05-08,36.215275,0.027188828037075563,195009600
2017-05-09,36.44722,0.0064046179409102955,156521600
2017-05-10,36.274429,-0.0047408554068048,103222800
2017-05-11,36.58815,0.008648544130081204,109020400
2017-05-12,36.099133,0.013965805868840109,130108000
2017-05-15,36.004063,-0.002562593578669392,104038800
2017-05-16,36.949402,-0.0014771621159547221,80194000
2017-05-17,35.708805,-0.033575563685712684,203070800
2017-05-18,36.253044,0.015241030888600404,134272800
2017-05-19,36.376637,0.0034091757922452004,107843200
2017-05-22,36.59766,0.0060759602378854805,91865600
2017-05-23,36.552505,-0.0012338220531039612,79675600
2017-05-24,36.443184,-0.0029907936542240554,76712000
2017-05-25,36.569138,0.0034561744111052395,76942400
2017-05-26,36.507347,-0.0016897034871317107,87710400
2017-05-30,36.521606,0.00039057891552607416,80507600
2017-05-31,36.30534,-0.005921590633226725,97804800
2017-06-01,36.405148,0.0027491272633721753,65616400
2017-06-02,36.944653,0.014819470037589433,111082800
2017-06-05,36.583397,-0.009778302695115482,101326800
2017-06-06,36.706978,0.0033780624582238072,106499600
2017-06-07,36.925632,0.005956742066862697,84278400
2017-06-08,36.83532,-0.002445780751971882,85003200
2017-06-09,35.406963,-0.03877683158446854,259530800
2017-06-12,34.560894,-0.0238955541032988,289229200
2017-06-13,34.838963,0.008045769880837161,136661600
2017-06-14,34.499092,-0.009755485546455667,126124800
2017-06-15,34.292339,-0.005992998308477215,128661600
2017-06-16,33.812256,-0.013999715796580658,201444400
2017-06-19,34.779537,0.02860740791741323,130165600
2017-06-20,34.463448,-0.0090883613545516,99600400
2017-06-21,34.667839,0.005930660217166928,85063200
2017-06-22,34.610806,-0.0016451270585399191,76425200
2017-06-23,34.765285,0.004463317034570036,141757600
2017-06-26,34.655964,-0.003144544910245961,102769600
2017-06-27,34.159248,-0.014332771121299603,99047600
2017-06-28,34.658337,0.014610655363373581,88329600
2017-06-29,34.147358,-0.014743321354397487,125997600
2017-06-30,34.228165,0.00236642026595435,92096400
2017-07-03,34.104584,-0.0036105061431133123,57111200
2017-07-05,34.244804,0.004111470762991898,86278400
2017-07-06,33.921577,-0.009438716600626562,96515200
2017-07-07,34.266193,0.010159197492498606,76806800
2017-07-10,34.47533,0.006103304210070881,84362400
2017-07-11,34.587048,0.003240520105246336,79127200
2017-07-12,34.636951,0.0014428233366432508,99538000
2017-07-13,35.119396,0.013928622066070373,100797600
2017-07-14,35.421234,0.008594623893873221,80528400
2017-07-17,35.544815,0.003488895954330662,95174000
2017-07-18,35.668411,0.0034771878823958158,71475200
2017-07-19,35.891804,0.0062630488361257175,83692000
2017-07-20,35.73019,-0.004502810725256379,68974800
2017-07-21,35.713558,-0.000465488708568329,105010400
2017-07-24,36.146099,0.012111394781780138,85972800
2017-07-25,36.300587,0.004273988183344457,75415600
2017-07-26,36.471703,0.0047138631670060605,63124000
2017-07-27,35.782471,-0.01889771914407168,129905200
2017-07-28,35.530556,-0.007040178974783595,68854800
2017-07-31,35.347549,-0.005150693391907435,79383600
2017-08-01,35.66127,0.008875325415066193,141474400
2017-08-02,36.346302,0.04725103732985381,279747200
2017-08-03,36.973167,-0.009991216801063851,108389200
2017-08-04,36.168049,0.005270903625864909,82239600
2017-08-07,36.743191,0.01547409712035197,87481200
2017-08-08,38.045021,0.007996939103532386,144823600
2017-08-09,38.277935,0.006122062595260491,104526000
2017-08-10,36.058716,-0.03185174435350291,163217200
2017-08-11,36.574074,0.013906526065285307,105028400
2017-08-14,38.139549,0.015049605746771055,88490800
2017-08-15,38.557095,0.010947848386985148,117862000
2017-08-16,38.402008,-0.004022268793849593,110686400
2017-08-17,36.664745,-0.019198553367313465,111762400
2017-08-18,36.578857,-0.0022803287265055205,109712400
2017-08-21,36.509663,-0.0018413013466587191,105474000
2017-08-22,38.122849,0.016347414264958893,86418400
2017-08-23,38.170563,0.0012515853681345224,77596400
2017-08-24,38.001167,-0.004437870093768281,79275600
2017-08-25,38.141937,0.0037043599213675282,101920400
2017-08-28,38.526081,0.010071433970435306,103864000
2017-08-29,38.869652,0.008917880850637383,118067600
2017-08-30,38.974636,0.002700924618517231,109078400
2017-08-31,39.129723,0.003979177637476905,107140400
2017-09-01,39.141655,0.00030493443564627576,66364400
2017-09-05,38.671619,-0.01200858778199343,117874000
2017-09-06,38.631062,-0.0010487536092036454,86606800
2017-09-07,38.475967,-0.004014774432036128,87714000
2017-09-08,36.848469,-0.016308829872943686,114446000
2017-09-11,38.53323,0.01809217170713029,126323200
2017-09-12,38.380531,-0.003962787443461235,286856000
2017-09-13,38.091831,-0.007522042881584867,179629600
2017-09-14,36.764954,-0.008581288728283898,95042800
2017-09-15,38.146713,0.010108816761699169,196458400
2017-09-18,36.858006,-0.007568332296415514,113077600
2017-09-19,36.872322,0.00037814986874895595,83242400
2017-09-20,36.237663,-0.016757858152980365,211805600
2017-09-21,36.598217,-0.01717202285223962,150046800
2017-09-22,36.24033,-0.00977880971633116,186581600
2017-09-25,35.920616,-0.008822049909589569,177549200
2017-09-26,36.53857,0.017203324130076192,146640000
2017-09-27,36.798641,0.007117711503214386,102016800
2017-09-28,36.571972,-0.006159711169768545,88022000
2017-09-29,36.772396,0.005480262316727158,105199200
2017-10-02,36.698429,-0.002011481655968317,74795200
2017-10-03,36.858299,0.004356317269058163,64921200
2017-10-04,36.61969,-0.006473684528957913,80655200
2017-10-05,36.075413,0.012444753082289761,85135200
2017-10-06,36.053944,-0.0005790630032900257,69630400
2017-10-09,36.182777,0.0034769038351221138,65051600
2017-10-10,36.197102,0.0003852590138708756,62468000
2017-10-11,36.352192,0.004169410832058906,67622400
2017-10-12,36.220947,-0.003513716142817036,64500400
2017-10-13,36.457169,0.006346480115081432,65576800
2017-10-16,38.146713,0.018408865870242375,96486000
2017-10-17,38.287479,0.003690121348070008,75989200
2017-10-18,38.118076,-0.0044245012840881115,65496800
2017-10-19,36.216179,-0.023660611831510248,170336800
2017-10-20,36.280605,0.0017311288190011709,95896400
2017-10-23,36.261517,-0.0005120088582254434,87937200
2017-10-24,36.483421,0.005955313091520198,71028800
2017-10-25,36.318779,-0.004392395240551794,84828400
2017-10-26,36.557381,0.006393617540380925,68002000
2017-10-27,38.903057,0.035829867902663404,177816800
2017-10-30,39.778713,0.02250866814913821,178803200
2017-10-31,40.332241,0.013915181217652783,144187200
2017-11-01,39.819267,-0.012718708092614994,134551200
2017-11-02,40.110355,0.007310229994941686,165573600
2017-11-03,41.157791,0.02611385513790654,237594400
2017-11-06,41.575333,0.010144907922779334,140105200
2017-11-07,41.708942,0.0032136603692387578,97446000
2017-11-08,42.05014,0.008180452047908515,97638000
2017-11-09,41.964249,-0.0020425853516776726,117930400
2017-11-10,41.825363,-0.0033096267253585054,100582000
2017-11-13,41.657738,-0.004007735688988601,67928400
2017-11-14,41.027981,-0.015117407479014022,99130000
2017-11-15,40.48682,-0.01319004705593474,116632400
2017-11-16,40.970512,0.011946900250501269,94550000
2017-11-17,40.743027,-0.005552408034344314,87598000
2017-11-20,40.702324,-0.0009990175742219387,65049600
2017-11-21,41.458992,0.018590289832099094,100525200
2017-11-22,41.894802,0.010511832993913561,102355600
2017-11-24,41.897198,5.719086582645083e-05,56106800
2017-11-27,41.686474,-0.005029548754071911,82867200
2017-11-28,41.442238,-0.005858878829617331,105715200
2017-11-29,40.582596,-0.020743136507251347,166665600
2017-11-30,41.150093,0.013983753035414326,166108800
2017-12-01,40.958538,-0.004655032006853577,159037200
2017-12-04,40.659222,-0.007307780370480965,130169600
2017-12-05,40.620918,-0.0009420741006799238,109400800
2017-12-06,40.470051,-0.0037140224157417023,114240000
2017-12-07,40.544281,0.0018341958600447406,102693200
2017-12-08,40.556252,0.000295257424838935,93420800
2017-12-11,41.346455,0.019484122941143545,141095200
2017-12-12,41.114178,-0.005617821406937895,77636800
2017-12-13,41.250675,0.003319949629055019,95273600
2017-12-14,41.238697,-0.00029037100605022736,81906000
2017-12-15,41.657738,0.010161354031142267,160677200
2017-12-18,42.244404,0.014083001818293583,117684400
2017-12-19,41.794228,-0.010656464700034785,109745600
2017-12-20,41.748737,-0.0010884517354884382,93902400
2017-12-21,41.906769,0.0037853121161486314,83799600
2017-12-22,41.906769,0.0,65397600
2017-12-26,40.843605,-0.025369743966660918,132742000
2017-12-27,40.85078,0.00017567009572250214,85992800
2017-12-28,40.965725,0.002813777362390635,65920800
2017-12-29,40.522732,-0.01081374734610463,103999600
2018-01-02,41.248268,0.017904419672395422,102223600
2018-01-03,41.241093,-0.00017394669759229764,118071600
2018-01-04,41.432655,0.0046449302398459125,89738400
2018-01-05,41.904377,0.01138527086907648,94640000
2018-01-08,41.748737,-0.0037141704791362473,82271200
2018-01-09,41.743942,-0.00011485377389985896,86336000
2018-01-10,41.734371,-0.00022927877774436833,95839600
2018-01-11,41.971424,0.005680042476259972,74670800
2018-01-12,42.404846,0.010326597448778507,101672400
2018-01-16,42.189327,-0.005082414401410662,118263600
2018-01-17,42.886147,0.016516499540274676,137547200
2018-01-18,42.92445,0.0008931322275231857,124773600
2018-01-19,42.732883,-0.0044628877015313595,129700400
2018-01-22,42.383282,-0.00818107685362579,108434400
2018-01-23,42.39286,0.00022598533072537563,130756400
2018-01-24,41.717606,-0.0159284841834213,204420400
2018-01-25,40.972908,-0.01785092845452363,166116000
2018-01-26,41.068684,0.002337544603863595,156572000
2018-01-29,40.218616,-0.020698691002614122,202561600
2018-01-30,39.98156,-0.005894185916292982,184192800
2018-01-31,40.091717,0.0027551951449618084,129915600
2018-02-01,40.175529,0.0020905066250964666,188923200
2018-02-02,38.432301,-0.04339029362874092,346375200
2018-02-05,36.472103,-0.024984140293863866,290954000
2018-02-06,39.03812,0.04179154289792608,272975200
2018-02-07,38.202423,-0.021407204035440164,206434400
2018-02-08,36.151222,-0.027516605425786933,217562000
2018-02-09,36.605637,0.012231495373153711,282690400
2018-02-12,39.120346,0.04027877522723511,243278000
2018-02-13,39.512245,0.010017779495099521,130196800
2018-02-14,40.240753,0.01843752487361816,162579600
2018-02-15,41.591969,0.03357829809993862,204588800
2018-02-16,41.457317,-0.003237451922509238,160704400
2018-02-20,41.317879,-0.0033634110958026264,135722000
2018-02-21,41.130341,-0.0045389067526916405,149886400
2018-02-22,41.474167,0.008359424980211028,123967600
2018-02-23,42.195446,0.01739104247711576,135249600
2018-02-26,43.029739,0.019772110004477872,152648800
2018-02-27,42.890285,-0.003240874874932409,155712400
2018-02-28,42.825375,-0.0015133963320597132,151128400
2018-03-01,42.075226,-0.017516460743192575,195208000
2018-03-02,42.366146,0.006914282528155624,153816000
2018-03-05,42.512817,0.003461985897891262,113605600
2018-03-06,42.476746,-0.0008484735321114822,95154000
2018-03-07,42.082436,-0.00928296155265751,126814000
2018-03-08,42.541653,0.010912319809623039,95096400
2018-03-09,43.272564,0.017181067223692725,128740800
2018-03-12,43.690918,0.009667881015786417,128828400
2018-03-13,43.270168,-0.009630147849033599,126774000
2018-03-14,42.902302,-0.00850160785139542,117473600
2018-03-15,42.952801,0.001177069705956546,90975200
2018-03-16,42.801331,-0.003526428928348646,157618800
2018-03-19,42.147354,-0.01527936128902152,133787200
2018-03-20,42.132931,-0.0003422041630418704,78597600
2018-03-21,41.178421,-0.022654725824794886,148219600
2018-03-22,40.596584,-0.014129657861334688,165963200
2018-03-23,39.656509,-0.023156504990666238,164115200
2018-03-26,41.539074,0.04747177821426485,150164800
2018-03-27,40.473961,-0.02564123119355033,163690400
2018-03-28,40.026768,-0.01104890623381305,166674000
2018-03-29,40.339321,0.00780859948522461,153594000
2018-04-02,40.074848,-0.006556208519226114,150347200
2018-04-03,40.485989,0.010259327745921754,121112000
2018-04-04,41.260178,0.019122393181502995,138422000
2018-04-05,41.54628,0.00693409514617227,107732800
2018-04-06,40.483585,-0.025578583690284762,140021200
2018-04-09,40.885098,0.0099179210536815,116070800
2018-04-10,41.654472,0.01881795660609642,113634400
2018-04-11,41.459732,-0.0046751282791436255,89726400
2018-04-12,41.868454,0.009858288519568825,91557200
2018-04-13,42.010311,0.0033881594959297434,100497200
2018-04-16,42.272381,0.006238230419194135,86313600
2018-04-17,42.854221,0.013764069736218465,106421600
2018-04-18,42.758045,-0.002244259672810278,83018000
2018-04-19,41.54628,-0.02834004688474412,139235200
2018-04-20,39.84404,-0.0409721399846148,261964400
2018-04-23,39.728634,-0.0028964432321622047,146062000
2018-04-24,39.175636,-0.013919381169762879,134768000
2018-04-25,39.346352,0.004357708449200581,113528400
2018-04-26,39.483395,0.003482991256724244,111852000
2018-04-27,39.026585,-0.01156967378311835,142623200
2018-04-30,39.733437,0.018112063866208228,169709600
2018-05-01,40.6567,0.023236424274094336,214277600
2018-05-02,42.452702,0.04417481005590718,266157600
2018-05-03,42.52964,0.0018123228057427276,136272800
2018-05-04,44.198219,0.039233320573604624,224805200
2018-05-07,44.517998,0.007235110536919942,169805600
2018-05-08,44.731976,0.004806550375423546,113611200
2018-05-09,45.04694,0.007041137641672579,92844800
2018-05-10,45.691288,0.014303923862530876,111957200
2018-05-11,45.517521,-0.0038030663526053,104848800
2018-05-14,45.411316,-0.002333277332919881,83115200
2018-05-15,44.998596,-0.00908848358413572,94780800
2018-05-16,45.418552,0.009332646734133698,76732400
2018-05-17,45.131348,-0.006323495297692383,69176000
2018-05-18,44.96722,-0.003636674003178575,73190800
2018-05-21,45.285812,0.007084983238901721,73603200
2018-05-22,45.172375,-0.0025049125761507085,60962800
2018-05-23,45.462002,0.006411595582477059,80233600
2018-05-24,45.411316,-0.0011149091058506588,92936000
2018-05-25,45.515102,0.002285465587475999,69844000
2018-05-29,45.350971,-0.0036060778244547675,90056400
2018-05-30,45.254444,-0.0021284439532728294,74762000
2018-05-31,45.102379,-0.003360222478923869,109931200
2018-06-01,45.91576,0.018034104143375584,93770000
2018-06-04,46.299511,0.008357718569833139,105064800
2018-06-05,46.656715,0.007715070684007674,86264000
2018-06-06,46.818428,0.0034660176997030057,83734400
2018-06-07,46.692924,-0.0026806538656103385,85388800
2018-06-08,46.268143,-0.009097331321550883,106627200
2018-06-11,46.154701,-0.0024518381902640662,73234000
2018-06-12,46.408119,0.005490621637869397,67644400
2018-06-13,46.026779,-0.008217096667934354,86553600
2018-06-14,46.050919,0.0005244772831052291,86440400
2018-06-15,45.577854,-0.010272650584888354,246876800
2018-06-18,45.553722,-0.0005294676664679976,73939600
2018-06-19,44.817585,-0.016159755288492117,134314000
2018-06-20,45.013092,0.0043622832421692515,82514800
2018-06-21,44.762074,-0.00557655537193491,102847600
2018-06-22,44.631741,-0.0029116836722087314,108801600
2018-06-25,43.968002,-0.014871456616491807,126652400
2018-06-26,44.51347,0.012406021997542593,98276800
2018-06-27,44.448303,-0.001463983823323467,101141200
2018-06-28,44.771725,0.007276363284330678,69460800
2018-06-29,44.677589,-0.002102577017079499,90950800
2018-07-02,45.177193,0.011182429741229072,70925200
2018-07-03,44.390385,-0.01741604441869593,55819200
2018-07-05,44.747581,0.008046697499920263,66416800
2018-07-06,45.367874,0.013862045414253954,69940800
2018-07-09,45.997818,0.013885243994461893,79026400
2018-07-10,45.942303,-0.0012069050753668042,63756400
2018-07-11,45.346157,-0.01297597118716498,75326000
2018-07-12,46.10643,0.01676598526309525,72164400
2018-07-13,46.178837,0.001570431716357179,50055600
2018-07-16,46.077465,-0.002195204699503517,60172400
2018-07-17,46.207794,0.0028284759155046135,62138000
2018-07-18,45.954376,-0.005484312884531883,65573600
2018-07-19,46.311588,0.0077731879114188995,81147200
2018-07-20,46.205391,-0.0022930977879661585,82704800
2018-07-23,46.246414,0.0008878401223788579,63957600
2018-07-24,46.581902,0.007254357062149719,74791600
2018-07-25,46.021179,0.009430207465551677,66839600
2018-07-26,46.87394,-0.0031313336486097354,76304000
2018-07-27,46.094364,-0.016631330756492813,96096000
2018-07-30,45.836117,-0.005602572149601581,84118000
2018-07-31,45.927818,0.0020006275837021192,157492000
2018-08-01,48.633438,0.058910266540422196,271742800
2018-08-02,50.055023,0.029230608784022172,249616000
2018-08-03,50.199844,0.002893236109390962,133789600
2018-08-06,50.460506,0.005192486255535034,101701600
2018-08-07,49.987453,-0.009374717724788595,102349600
2018-08-08,50.021233,0.0006757695776178352,90102000
2018-08-09,50.414642,0.007864840116995842,93970400
2018-08-10,50.264477,-0.002978598955438394,98444800
2018-08-13,50.589035,0.006457005411595107,103563600
2018-08-14,50.802177,0.004213205490082972,82992000
2018-08-15,50.92086,0.002336179412153916,115230400
2018-08-16,51.666851,0.014650007874965176,114001600
2018-08-17,52.698631,0.019969864236548895,141708000
2018-08-20,52.185165,-0.009743440963390526,121150800
2018-08-21,52.083431,-0.0019494812366694925,104639200
2018-08-22,52.085857,4.6579112654931976e-05,76072400
2018-08-23,52.192429,0.002046083258263387,75532800
2018-08-24,52.354702,0.003109129103763486,73905600
2018-08-27,52.785824,0.0082346376453446,82100400
2018-08-28,53.212101,0.00807559620552678,91107200
2018-08-29,54.006531,0.014929498837116029,109019200
2018-08-30,54.503044,0.009193573273573064,195175200
2018-08-31,55.132774,0.011554033569207478,173360400
2018-09-04,55.309586,0.0032070216528556905,109560400
2018-09-05,54.948692,-0.006524981040357147,133332000
2018-09-06,54.035599,-0.01661719263490391,137160000
2018-09-07,53.599628,-0.008068218138934546,150479200
2018-09-10,52.880283,-0.013420708815367277,158066000
2018-09-11,54.217251,0.02528292066818172,142996000
2018-09-12,53.543926,-0.01241901770342424,197114800
2018-09-13,54.837292,0.024155232845645358,166825600
2018-09-14,54.214825,-0.011351162271105553,127997200
2018-09-17,52.77129,-0.026626204179391877,148780400
2018-09-18,52.858486,0.0016523378526467347,126286800
2018-09-19,52.889973,0.0005956848631645251,108495200
2018-09-20,53.292027,0.0076017055255444,106435200
2018-09-21,52.71801,-0.010771160946833502,384986800
2018-09-24,53.476101,0.014380114120392529,110773600
2018-09-25,53.815189,0.006340926014781756,98217600
2018-09-26,53.386494,-0.007966059545010618,95938800
2018-09-27,54.483669,0.020551546239391483,120724800
2018-09-28,54.675007,0.003511841318909692,91717600
2018-10-01,55.043156,0.006733405630839684,94403200
2018-10-02,55.53241,0.008888552829347196,99152800
2018-10-03,56.208157,0.012168515646988842,114619200
2018-10-04,55.219975,-0.017580757896047072,128168000
2018-10-05,54.323814,-0.016228928028308554,134322000
2018-10-08,54.197865,-0.002318485959030725,118655600
2018-10-09,54.948692,0.013853442381909442,107564000
2018-10-10,52.403137,-0.04632603447594352,167962400
2018-10-11,51.940536,-0.00882773487396371,212497600
2018-10-12,53.795818,0.03571934644648245,161351600
2018-10-15,52.645348,-0.021385863116720305,123164000
2018-10-16,53.805496,0.022037046844100905,116736000
2018-10-17,53.572987,-0.004321287178543964,91541600
2018-10-18,52.320797,-0.023373533381664924,130325200
2018-10-19,53.117638,0.015229909437350475,132314800
2018-10-22,53.442192,0.006110098494966909,115168400
2018-10-23,53.945984,0.009426858838424979,155071200
2018-10-24,52.095547,-0.03430166367898668,163702000
2018-10-25,53.23632,0.021897706535262795,119423200
2018-10-26,52.388607,-0.015923583748839065,189033600
2018-10-29,51.405266,-0.01877013068891109,183742000
2018-10-30,51.661995,0.004994215962232262,146640000
2018-10-31,53.008652,0.02606668596518591,153435600
2018-11-01,53.822456,0.015352286264514126,233292800
2018-11-02,50.25238,-0.06633060371678323,365314800
2018-11-05,48.825794,-0.02838842657800489,264654800
2018-11-06,49.353798,0.010814038170070317,127531600
2018-11-07,50.850624,0.030328486573617086,133697600
2018-11-08,50.673195,-0.0034892197193097108,101450400
2018-11-09,49.696144,-0.01928141693058827,137463200
2018-11-12,46.192738,-0.05037425036437426,204542000
2018-11-13,46.721214,-0.00999145249847544,187531600
2018-11-14,45.401474,-0.028247125599090928,243204000
2018-11-15,46.521919,0.02467860404708433,185915200
2018-11-16,46.037186,0.011075789887343257,147713200
2018-11-19,45.173008,-0.03963200519690946,167701200
2018-11-20,43.014729,-0.04777806693767217,271300800
2018-11-21,42.966125,-0.0011299385380296734,124496800
2018-11-23,41.87484,-0.02539872981331226,94496000
2018-11-26,42.441139,0.013523609881255672,179994000
2018-11-27,42.348782,-0.002176119731376658,165549600
2018-11-28,43.977207,0.03845269977304189,184250000
2018-11-29,43.639362,-0.007682275047617315,167080000
2018-11-30,43.40361,-0.005402278795918147,158126000
2018-12-03,44.920238,0.0349424391196953,163210000
2018-12-04,42.944252,-0.043988769605361355,165377200
2018-12-06,42.465446,-0.01114947816531997,172393600
2018-12-07,40.951256,-0.03565699039167047,169126400
2018-12-10,41.221043,0.006588003063935366,248104000
2018-12-11,40.985275,-0.005719602970744808,189126800
2018-12-12,41.09951,0.0027872205322521104,142510800
2018-12-13,41.549152,0.010940325079301427,127594400
2018-12-14,40.219677,-0.031997644621002186,162814800
2018-12-17,39.845387,-0.009306141369558873,177151600
2018-12-18,40.363071,0.01299231953751634,135366000
2018-12-19,39.10408,-0.031191655362397874,196189200
2018-12-20,38.117302,-0.02523465582108053,259092000
2018-12-21,36.634705,-0.038895643768281585,382978400
2018-12-24,35.686821,-0.0258739356574591,148676800
2018-12-26,38.199936,0.07042137488234101,234330000
2018-12-27,36.952026,-0.006489801448882115,212468400
2018-12-28,36.971478,0.0005125418073859134,169165600
2018-12-31,38.338474,0.009665043852125077,140014000
2019-01-02,38.382233,0.00114138606560088,148158800
2019-01-03,34.559074,-0.09960751892679087,365248800
2019-01-04,36.03437,0.04268910677409932,234428400
2019-01-07,35.954178,-0.0022254308872335926,219111200
2019-01-08,36.639568,0.019062874973806876,164101200
2019-01-09,36.261772,0.016981750439852394,180396400
2019-01-10,36.380871,0.003196278480797954,143122800
2019-01-11,36.013863,-0.009818069782269068,108092800
2019-01-14,36.457283,-0.015037068678835364,129756800
2019-01-15,36.203445,0.020466747343733882,114843600
2019-01-16,36.657948,0.012216691223084108,122278800
2019-01-17,36.881546,0.005937604460020118,119284800
2019-01-18,38.114872,0.006159357910049401,135004000
2019-01-22,36.259342,-0.02244609400760944,121576000
2019-01-23,36.410038,0.00404451586933563,92522400
2019-01-24,36.113518,-0.007926214883823501,101766000
2019-01-25,38.343334,0.033136605373815575,134142000
2019-01-28,36.988483,-0.009254568212560654,104768400
2019-01-29,36.594746,-0.010364641304576483,166348800
2019-01-30,40.163776,0.06833481465734592,244439200
2019-01-31,40.453011,0.007201389630297594,162958400
2019-02-01,40.472446,0.00048043395335883865,130672400
2019-02-04,41.622063,0.02840493010973444,125982000
2019-02-05,42.334198,0.01710955557392735,144406400
2019-02-06,42.348782,0.0003444969005907961,112958400
2019-02-07,41.546726,-0.018939293224537135,126966800
2019-02-08,41.595543,0.0011749902988744676,95280000
2019-02-11,41.356327,-0.005751000774289694,83973600
2019-02-12,41.712704,0.008617230442152124,89134000
2019-02-13,41.539394,-0.0041548493236017725,89960800
2019-02-14,41.690739,0.0036434089529566727,87342800
2019-02-15,41.597973,-0.0022250984805042284,98507200
2019-02-19,41.722462,0.00299266985917801,75891200
2019-02-20,41.990963,0.0064354064244818154,104457600
2019-02-21,41.754196,-0.005638522745953667,68998800
2019-02-22,42.220413,0.011165752059984602,75652800
2019-02-25,42.527962,0.007284367398300962,87493600
2019-02-26,42.552372,0.0005739753059410546,68280800
2019-02-27,42.684189,0.003097759156645896,111341600
2019-02-28,42.264343,-0.00983610113805855,112861600
2019-03-01,42.708591,0.010511177235146052,103544800
2019-03-04,42.923397,0.005029573558163136,109744800
2019-03-05,42.845284,-0.001819823347159688,78949600
2019-03-06,42.598751,-0.0057540288448082455,83241600
2019-03-07,42.105694,-0.011574447335322091,99185600
2019-03-08,42.205765,0.002376661930806767,95997600
2019-03-11,43.66787,0.03464230538174107,128044000
2019-03-12,44.158493,0.011235331606510579,129870400
2019-03-13,44.353764,0.004422048551339763,124130000
2019-03-14,44.846828,0.011116621353714384,94318000
2019-03-15,45.430206,0.013008233269028446,156171600
2019-03-18,45.893978,0.010208450298464289,104879200
2019-03-19,45.530281,-0.007924721626876519,126585600
2019-03-20,45.928158,0.008738733679240829,124140800
2019-03-21,46.619701,0.036830194670554706,204136800
2019-03-22,46.633572,-0.02070842485970248,169630800
2019-03-25,46.069725,-0.012091010313342587,175381200
2019-03-26,45.593746,-0.01033170916474968,199202000
2019-03-27,46.003819,0.008994062475147224,119393600
2019-03-28,46.06485,0.001326650728714407,83121600
2019-03-29,46.36507,0.006517333715403417,94256000
2019-04-01,46.679951,0.006791340981475935,111448000
2019-04-02,46.358521,0.014536647649865841,91062800
2019-04-03,46.683167,0.006855070495127791,93087200
2019-04-04,46.766159,0.0017404884201588366,76457200
2019-04-05,48.085918,0.006694258167168066,74106400
2019-04-08,48.842598,0.015735999882543705,103526800
2019-04-09,48.696136,-0.002998652938158597,143072800
2019-04-10,48.969524,0.005614162076432505,86781200
2019-04-11,48.56189,-0.008324238561109976,83603200
2019-04-12,48.542366,-0.00040204366016227677,111042800
2019-04-15,48.63023,0.001810047742625498,70146400
2019-04-16,48.63512,0.00010055473724879249,102785600
2019-04-17,49.582191,0.019472985776533447,115627200
2019-04-18,49.760384,0.003593891201782551,96783200
2019-04-22,49.92392,0.003286469815023896,77758000
2019-04-23,50.64399,0.014423346564131911,93292000
2019-04-24,50.56588,-0.001542335033238973,70162400
2019-04-25,50.106991,-0.00907507196552293,74172800
2019-04-26,49.867783,-0.004773944617827874,74596400
2019-04-29,49.943451,0.001517372448660792,88818800
2019-04-30,48.981728,-0.019256238420528926,186139600
2019-05-01,51.386028,0.04908565087781325,259309200
2019-05-02,51.051617,-0.0065078195964086705,127985200
2019-05-03,51.686253,0.012431261481884226,83569600
2019-05-06,50.888077,-0.015442713558670995,129772400
2019-05-07,49.516289,-0.02695696282647897,155054800
2019-05-08,49.526054,0.00019720783195209535,105358000
2019-05-09,48.993935,-0.010744223636310779,139634400
2019-05-10,48.315201,-0.013853429000956874,164834800
2019-05-13,45.507149,-0.05811943119102425,229722400
2019-05-14,46.227539,0.01583025998838128,146118800
2019-05-15,46.781307,0.011979179769876946,106178800
2019-05-16,46.575481,-0.004399748814200355,132125600
2019-05-17,46.310848,-0.005681809276430361,131516400
2019-05-20,44.862713,-0.0312698873490721,154449200
2019-05-21,45.722778,0.019171042999561738,113459200
2019-05-22,44.786751,-0.02047178760660595,118994400
2019-05-23,44.022255,-0.017069690989641173,146118800
2019-05-24,43.853191,-0.003840421168792907,94858800
2019-05-28,43.671867,-0.004134796028868348,111792800
2019-05-29,43.463593,-0.004769065632114988,113924800
2019-05-30,43.689018,0.0051865247311697615,84873600
2019-05-31,42.897568,-0.018115536494777595,108174400
2019-06-03,42.46386,-0.010110316743364156,161584400
2019-06-04,44.017353,0.036583885685380624,123872000
2019-06-05,44.727943,0.0161434059880885,119093600
2019-06-06,45.384632,0.014681851119332734,90105200
2019-06-07,46.592628,0.026616851272474706,122737600
2019-06-10,46.188053,0.01277938218037411,104883600
2019-06-11,46.73447,0.011579562309977254,107731600
2019-06-12,46.582561,-0.003182375335894605,73012800
2019-06-13,46.572758,-0.00020602085709509055,86698400
2019-06-14,46.227264,-0.007262433681057612,75046000
2019-06-17,46.509052,0.005966638253700252,58676400
2019-06-18,48.626389,0.023518402345725775,106204000
2019-06-19,48.484268,-0.002922713426242729,84496800
2019-06-20,48.873867,0.008035575580928489,86056000
2019-06-21,48.707253,-0.0034090611246291314,191202400
2019-06-24,48.658241,-0.0010062567067784522,72881600
2019-06-25,46.920696,-0.015157658494066806,84281200
2019-06-26,48.95718,0.021629151630017995,104270000
2019-06-27,48.942478,-0.00030030324459051627,83598800
2019-06-28,48.496525,-0.009111778116343117,124442400
2019-07-01,49.385986,0.018340716164714888,109012000
2019-07-02,49.675121,0.005854596079138519,67740800
2019-07-03,50.086773,0.008286884696264929,45448000
2019-07-05,50.042664,-0.000880651664262766,69062000
2019-07-08,49.011086,-0.020613970511242252,101354400
2019-07-09,49.310024,0.0060993955530794786,82312000
2019-07-10,49.797638,0.009888739863521456,71588400
2019-07-11,49.43499,-0.007282433757199502,80767200
2019-07-12,49.814793,0.0076828780586382095,70380800
2019-07-15,50.282795,0.009394839801903698,67789600
2019-07-16,50.108829,-0.0034597519887269446,67467200
2019-07-17,49.827034,-0.00562365965486844,56430000
2019-07-18,50.393063,0.011359877451264655,74162400
2019-07-19,49.640808,-0.014927749083241793,83717200
2019-07-22,50.775311,0.02285424121218993,89111600
2019-07-23,51.17226,0.007817756153182476,73420800
2019-07-24,51.130611,-0.0008138979986421768,59966400
2019-07-25,50.726307,-0.007907278870577183,55638400
2019-07-26,50.902733,0.0034779981124981596,70475600
2019-07-29,51.378086,0.00933845732801819,86693600
2019-07-30,51.157555,-0.004292316377842553,135742800
2019-07-31,52.201385,0.02040421986547236,277125600
2019-08-01,51.0718,-0.021638985249146092,216071600
2019-08-02,49.991219,-0.021158075493716733,163448400
2019-08-05,46.374283,-0.0523479133405409,209572000
2019-08-06,48.271091,0.018930270670270533,143299200
2019-08-07,48.770954,0.010355328409710207,133457600
2019-08-08,49.846645,0.022055976186153625,108038000
2019-08-09,49.43589,-0.008240374051252664,98478800
2019-08-12,49.310448,-0.0025374682239968083,89927600
2019-08-13,51.398663,0.04234832747818462,188874000
2019-08-14,49.868778,-0.029765073850267276,146189600
2019-08-15,49.620354,-0.004981553789026094,108909600
2019-08-16,50.791134,0.023594753072499364,110481600
2019-08-19,51.738091,0.01864413974297152,97654400
2019-08-20,51.740551,4.754717370625272e-05,107537200
2019-08-21,52.301346,0.010838597370174785,86141600
2019-08-22,52.257076,-0.0008464409309849596,89014800
2019-08-23,49.841732,-0.0462204199867593,187272000
2019-08-26,50.788673,0.018998958543414934,104174400
2019-08-27,50.215584,-0.011283795502985527,103493200
2019-08-28,50.552559,0.006710566185987199,63755200
2019-08-29,51.408501,0.016931724465224285,83962000
2019-08-30,51.342091,-0.001291809695054047,84573600
2019-09-03,50.594364,-0.014563625778311273,80092000
2019-09-04,51.452778,0.01696659335415318,76752400
2019-09-05,52.458755,0.019551461341892784,95654800
2019-09-06,52.453838,-9.373077954288878e-05,77449200
2019-09-09,52.677666,0.004267142472968333,109237600
2019-09-10,53.299946,0.011812975920383328,127111600
2019-09-11,54.994625,0.031795135402201025,177158400
2019-09-12,54.871643,-0.002236254906729518,128906800
2019-09-13,53.804173,-0.019453946367160913,159053200
2019-09-16,54.087025,0.005257064354469376,84632400
2019-09-17,54.283798,0.003638081406770022,73274800
2019-09-18,54.792942,0.009379299510325234,101360000
2019-09-19,54.347748,-0.008125024569770156,88242400
2019-09-20,53.553284,-0.014618158603370346,221652400
2019-09-23,53.796787,0.00454692937224932,76662000
2019-09-24,53.540989,-0.004754893633331592,124763200
2019-09-25,54.36496,0.015389536416669403,87613600
2019-09-26,54.084572,-0.0051575132217517305,75334000
2019-09-27,53.821392,-0.0048660826972986015,101408000
2019-09-30,55.088089,0.02353519581953578,103909600
2019-10-01,55.240585,0.0027682209125099444,139223200
2019-10-02,53.855824,-0.025067819249198875,138449200
2019-10-03,54.313313,0.008494698734903716,114426000
2019-10-04,55.835819,0.028031911807699927,138478800
2019-10-07,55.84811,0.0002201275134872116,122306000
2019-10-08,55.193855,-0.011714899573145754,111820000
2019-10-09,55.84074,0.011720235884954855,74770400
2019-10-10,56.593376,0.013478259779508672,113013600
2019-10-11,58.098663,0.026598289524201624,166795600
2019-10-14,58.015038,-0.001439361866210298,96427600
2019-10-15,56.879761,-0.0023317575005293856,87360000
2019-10-16,56.646095,-0.004037093380534151,73903200
2019-10-17,56.869923,0.0038827955302089823,67585200
2019-10-18,58.147861,0.0048028057683782155,97433600
2019-10-21,59.1563,0.017342667170508586,87247200
2019-10-22,59.021023,-0.0022867724992943206,82293600
2019-10-23,59.813023,0.01341894734694793,75828800
2019-10-24,59.9114,0.0016447421492138403,69275200
2019-10-25,60.649288,0.012316320433172878,73477200
2019-10-28,61.256817,0.010017083794949144,96572800
2019-10-29,59.840069,-0.023128005492025427,142839600
2019-10-30,59.832691,-0.00012329531237675884,124522000
2019-10-31,61.185486,0.022609629909508877,139162000
2019-11-01,62.921982,0.028380848360017863,151125200
2019-11-04,63.335194,0.0065670531484529615,103272000
2019-11-05,63.244198,-0.0014367367375555107,79897600
2019-11-06,63.27124,0.0004275807244800145,75864400
2019-11-07,64.001472,0.011541294275250635,94940400
2019-11-08,64.176636,0.0027368745518852045,69986400
2019-11-11,64.684837,0.007918785272571727,81821200
2019-11-12,64.625618,-0.0009155004904781716,87388800
2019-11-13,65.244843,0.009581726553083092,102734400
2019-11-14,64.793373,-0.006919627348938473,89182800
2019-11-15,65.563095,0.011879640839195016,100206400
2019-11-18,65.893669,0.005042074356007786,86703200
2019-11-19,65.69384,-0.0030325978661168707,76167200
2019-11-20,64.929077,-0.011641319794976068,106234400
2019-11-21,64.63797,-0.0044834612387915085,121395200
2019-11-22,64.581223,-0.0008779205163775838,65325200
2019-11-25,65.71357,0.017533687771753792,84020400
2019-11-26,65.200432,-0.0078087067861325465,105207600
2019-11-27,66.076225,0.01343231897604591,65235600
2019-11-29,65.930679,-0.0022026984743755973,46617600
2019-12-02,65.168365,-0.011562356274231633,94487200
2019-12-03,64.006416,-0.017829954764094436,114430400
2019-12-04,64.571358,0.00882633391002563,67181600
2019-12-05,65.518677,0.014670885503135889,74424400
2019-12-06,66.784248,0.019316186741682895,106075600
2019-12-09,65.849258,-0.014000157641963717,128042400
2019-12-10,66.234116,0.00584453054884837,90420400
2019-12-11,66.799065,0.008529577114005704,78756800
2019-12-12,66.969284,0.002548224290265244,137310400
2019-12-13,66.879601,0.0135930526000545,133587600
2019-12-16,69.04155,0.017117793606359122,128186000
2019-12-17,69.177261,0.001965642428363834,114158400
2019-12-18,69.011963,-0.002389484602462133,116028400
2019-12-19,69.081039,0.0010009279115854586,98369200
2019-12-20,68.937958,-0.002071205095800721,275978000
2019-12-23,70.062897,0.016318136374158465,98572000
2019-12-24,70.129501,0.0009506315446818903,48478800
2019-12-26,71.520905,0.019840494801182107,93121200
2019-12-27,71.493759,-0.0003795533627546366,146266000
2019-12-30,71.918098,0.005935329264195044,144114400
2019-12-31,72.44355,0.0073062555130420925,100805600
2020-01-02,74.096458,0.022816496430668964,135480400
2020-01-03,73.376076,-0.009722219110662511,146322800
2020-01-06,73.96077,0.007968455549462794,118387200
2020-01-07,73.612938,-0.004702925618540688,108872000
2020-01-08,74.797081,0.01608607171744736,132079200
2020-01-09,76.385834,0.021240842272975735,170108400
2020-01-10,76.55851,0.0022605762215019976,140644800
2020-01-13,78.194145,0.02136450931451006,121532000
2020-01-14,76.138275,-0.013503184925163003,161954400
2020-01-15,76.807686,-0.004285667523677317,121923600
2020-01-16,76.769821,0.012526545845945591,108829200
2020-01-17,78.630814,0.011071042583472135,137816400
2020-01-21,78.097946,-0.00677683433367493,110843200
2020-01-22,78.376709,0.0035694024526586876,101832400
2020-01-23,78.754166,0.004815933264051608,104472000
2020-01-24,78.527191,-0.002882069756157346,146537600
2020-01-27,76.218079,-0.02940525403487304,161940000
2020-01-28,78.374237,0.02828932489888647,162234000
2020-01-29,80.014793,0.020932337752774588,216229200
2020-01-30,79.898842,-0.0014491195396830747,126743200
2020-01-31,76.356232,-0.04433869016524661,199588400
2020-02-03,76.146545,-0.0027461674641043876,173788400
2020-02-04,78.6604,0.03301338228806028,136616400
2020-02-05,79.301842,0.008154573330417803,118826800
2020-02-06,80.229416,0.011696752264594323,105425600
2020-02-07,79.138893,-0.013592558121076292,117684000
2020-02-10,79.514771,0.004749598910866792,109348800
2020-02-11,79.035034,-0.006033306692161622,94323200
2020-02-12,80.911934,0.023747696496214665,113730400
2020-02-13,80.335754,-0.007121075612900429,94747600
2020-02-14,80.355537,0.0002462539904710681,80113600
2020-02-18,78.884186,-0.018310511695043497,152531200
2020-02-19,80.026649,0.014482788730304064,93984000
2020-02-20,79.205658,-0.01025897010881971,100566000
2020-02-21,76.412834,-0.02263504963243912,129554000
2020-02-24,73.735695,-0.04750037958822173,222195200
2020-02-25,71.238106,-0.033872183614733764,230673600
2020-02-26,72.368202,0.015863644662310383,198054800
2020-02-27,66.637627,-0.0653681433179727,320605600
2020-02-28,66.598061,-0.0005849702562745751,426510000
2020-03-02,73.891479,0.0931005698521441,341397200
2020-03-03,71.544746,-0.0317591829499041,319475600
2020-03-04,74.863312,0.046384482237172175,219178400
2020-03-05,72.434975,-0.0324369432119167,187572800
2020-03-06,71.473038,-0.013280007344518174,226176800
2020-03-09,65.820076,-0.07909223055552783,286744800
2020-03-10,70.560547,0.07202165795129134,285290000
2020-03-11,68.109947,-0.0347304563837918,255598800
2020-03-12,61.38377,-0.09875469437672602,418474000
2020-03-13,68.738052,0.11980824898829123,370732000
2020-03-16,59.895111,-0.1286469538007856,322423600
2020-03-17,62.528706,0.04397011635891279,324056000
2020-03-18,60.998005,-0.024479972446575182,300233600
2020-03-19,60.530632,-0.007662103047468505,271857200
2020-03-20,56.687813,-0.06348552580782563,401693200
2020-03-23,55.483528,-0.02124416053940903,336752800
2020-03-24,61.049934,0.10032537945315956,287531200
2020-03-25,60.713623,-0.005508785644223635,303602000
2020-03-26,63.908558,0.05262303321941442,252087200
2020-03-27,61.2626,-0.04140224850637375,204216800
2020-03-30,63.01091,0.028537966067388565,167976400
2020-03-31,62.88232,-0.002040757703705598,197002000
2020-04-01,59.573639,-0.05261703130546069,176218400
2020-04-02,60.567726,0.016686692582267737,165934000
2020-04-03,59.697277,-0.014371498774776503,129880000
2020-04-06,64.905121,0.08723754686499352,201820400
2020-04-07,64.153374,-0.011582244796985997,202887200
2020-04-08,65.795357,0.025594647601854925,168895200
2020-04-09,66.270134,0.007215965102218336,161834800
2020-04-13,66.570862,0.01962766515607184,131022800
2020-04-14,70.983406,0.05050318878572235,194994800
2020-04-15,70.33551,-0.00912742902193231,131154400
2020-04-16,70.894379,0.007945758835046446,157125200
2020-04-17,69.932442,-0.013568593357732972,215250000
2020-04-20,68.480873,-0.020756732619175433,130015200
2020-04-21,66.364105,-0.030910353610708263,180991600
2020-04-22,68.27562,0.028803447285245642,116862400
2020-04-23,68.011024,-0.0038754096996848064,124814400
2020-04-24,69.974487,0.028869775582264223,126161200
2020-04-27,70.023941,0.0007067433020266911,117087600
2020-04-28,68.888885,-0.01620954181941847,112004800
2020-04-29,71.151566,0.032845371209012875,137280800
2020-04-30,72.652588,0.021096120358053527,183064000
2020-05-01,71.482925,-0.01609939896428736,240616800
2020-05-04,72.494324,0.014148819455835238,133568000
2020-05-05,73.582382,0.015008871591105422,147751200
2020-05-06,74.341537,0.01031707562823958,142333600
2020-05-07,75.110603,0.010345037660439926,115215200
2020-05-08,76.898354,0.02380157965181029,133838400
2020-05-11,78.108376,0.015735343307868632,145946400
2020-05-12,76.215744,-0.011428121357945131,162301200
2020-05-13,76.283432,-0.012074117941543117,200622400
2020-05-14,76.752068,0.006143352333701779,158929200
2020-05-15,76.298309,-0.005912010084210273,166348400
2020-05-18,78.095985,0.023561151270075964,135178400
2020-05-19,76.644714,-0.005778414857050662,101729600
2020-05-20,79.15477,0.01944827821762618,111504800
2020-05-21,78.564629,-0.007455533001990977,102688800
2020-05-22,79.070465,0.0064384699124588884,81803200
2020-05-26,78.534866,-0.006773692300911627,125522000
2020-05-27,78.877052,0.0043571220965732405,112945200
2020-05-28,78.911758,0.0004400012312832935,133560800
2020-05-29,78.834892,-0.0009740753716322992,153532400
2020-06-01,79.804398,0.012297930210902086,80791200
2020-06-02,80.173851,0.004629481698489757,87642800
2020-06-03,80.615204,0.005504949487832533,104491200
2020-06-04,79.920929,-0.00861220918078931,87560400
2020-06-05,82.197174,0.02848121297488926,137250400
2020-06-08,82.683151,0.005912332217163474,95654400
2020-06-09,85.294121,0.03157801763021828,147712400
2020-06-10,86.488525,0.02572749416105702,166651600
2020-06-11,83.288162,-0.04801044479833205,201662400
2020-06-12,84.007233,0.008633531857744625,200146000
2020-06-15,85.046165,0.012367173193289283,138808800
2020-06-16,86.300079,0.026502241459094522,165428800
2020-06-17,86.178589,-0.0013916367704546184,114406400
2020-06-18,86.213303,0.0003981941024531199,96820400
2020-06-19,86.714912,-0.005714621311842749,264476000
2020-06-22,88.983696,0.02616371218827962,135445200
2020-06-23,90.883034,0.02134478657753225,212155600
2020-06-24,89.27877,-0.017651963511693514,192623200
2020-06-25,90.463989,0.013275485314145907,137522400
2020-06-26,86.684425,-0.0307256404534626,205256800
2020-06-29,89.705246,0.023046521659918495,130646000
2020-06-30,90.454071,0.008347616593125329,140223200
2020-07-01,90.28299,-0.0018913576592920478,110737200
2020-07-02,90.28299,0.0,114041600
2020-07-06,92.698074,0.026750155261805242,118655600
2020-07-07,92.410439,-0.003102923152427217,112424400
2020-07-08,94.562698,0.023290215080571164,117092000
2020-07-09,94.969345,0.004300289740041041,125642800
2020-07-10,95.135483,0.0017493855517272117,90257200
2020-07-13,94.696587,-0.004613378585569428,191649200
2020-07-14,96.263664,0.016548399996717977,170989200
2020-07-15,96.925713,0.00687745482033586,153198000
2020-07-16,95.73304,-0.012305021681914274,110577600
2020-07-17,95.539635,-0.0020202534046761533,92186800
2020-07-20,96.55304,0.02107402859556662,90318000
2020-07-21,96.206642,-0.013801702130451177,103433200
2020-07-22,96.476913,0.0028092758917830363,89001600
2020-07-23,92.085625,-0.04551646464890524,197004400
2020-07-24,91.857506,-0.002477248756252548,185438800
2020-07-27,94.034546,0.023700186242809673,121214000
2020-07-28,92.489799,-0.01642744146390629,103625600
2020-07-29,94.262665,0.019168232812355912,90329200
2020-07-30,95.403267,0.01210025199266318,158130000
2020-07-31,105.3909,0.10468858472110809,374336800
2020-08-03,108.046501,0.025197630915003044,308151200
2020-08-04,108.768051,0.006678143145051996,173071600
2020-08-05,109.162292,0.0036246029636035626,121776800
2020-08-06,112.970894,0.034889355382901055,202428800
2020-08-07,110.402412,-0.02273578537848875,198045600
2020-08-10,112.007095,0.014534854546474962,212403600
2020-08-11,108.67601,-0.0297399463846465,187902400
2020-08-12,112.287781,0.03323429890368623,165598000
2020-08-13,114.275002,0.01769757120768123,210082000
2020-08-14,114.173164,-0.0008911660312200809,165565200
2020-08-17,113.875076,-0.002610841195571978,119561600
2020-08-18,114.823975,0.008332806732879838,105633600
2020-08-19,114.96804,0.0012546595778450964,145538000
2020-08-20,116.519135,0.022189601562312422,126907200
2020-08-21,123.575188,0.051532484475826035,338054800
2020-08-24,125.053185,0.011960305494336021,345937600
2020-08-25,124.027283,-0.008203725478883261,211495600
2020-08-26,125.713928,0.013598983701029743,163022400
2020-08-27,124.211105,-0.011954307879076032,155552400
2020-08-28,124.009895,-0.0016199034699836412,187630000
2020-08-31,128.215332,0.03391210838457681,225702700
2020-09-01,133.322495,0.03983270113125026,151948100
2020-09-02,130.560257,-0.02071846915256126,200119000
2020-09-03,120.107483,-0.08006091777224367,257599600
2020-09-04,120.186974,0.0006618322024116718,332607200
2020-09-08,112.099007,-0.0672948717387627,231366600
2020-09-09,116.570244,0.039886499619037785,176940500
2020-09-10,112.764725,-0.03264571531650906,182274400
2020-09-11,111.284241,-0.01312896386702489,180860300
2020-09-14,114.622765,0.029999970975225665,140150100
2020-09-15,114.80162,0.0015603793888587791,184642000
2020-09-16,111.413406,-0.029513642751731295,154679000
2020-09-17,109.63485,-0.01596357264223658,178011000
2020-09-18,106.157211,-0.0317201966345555,287104900
2020-09-21,109.376511,0.030325777869201875,195713800
2020-09-22,111.095451,0.015715805745531553,183055400
2020-09-23,106.435417,-0.0419462179419029,150718700
2020-09-24,106.528397,0.010268950231105745,167743300
2020-09-25,111.562447,0.03751613631885542,149981400
2020-09-28,114.225327,0.023868963720381497,137672400
2020-09-29,113.360878,-0.007567927557782239,99382200
2020-09-30,115.069885,0.015075809486937874,142675200
2020-10-01,116.043633,0.008462231451782598,116120400
2020-10-02,112.297722,-0.032280194123188166,144712000
2020-10-05,115.755478,0.030790971877417084,106243800
2020-10-06,112.436829,-0.028669476877802635,161498200
2020-10-07,114.344559,0.016967127381367186,96849000
2020-10-08,114.23526,-0.0009558740788008224,83477200
2020-10-09,116.222473,0.017395793557960948,100506900
2020-10-12,123.604996,0.06352061532884434,240226800
2020-10-13,120.326088,-0.026527309624280848,262330500
2020-10-14,120.415504,0.0007431139953624211,150712000
2020-10-15,119.938583,-0.00396062786067819,112559200
2020-10-16,118.259369,-0.014000615631752034,115393800
2020-10-19,115.2388,-0.02554190019397118,120639300
2020-10-20,116.759026,0.013191963123531325,124423700
2020-10-21,116.123123,-0.005446285583094901,89946000
2020-10-22,115.010269,-0.009583397098267943,101988000
2020-10-23,114.304817,-0.006133817494157756,82572600
2020-10-26,114.314743,8.683798513930974e-05,111850700
2020-10-27,115.854836,0.013472391745656065,92276800
2020-10-28,110.489342,-0.0463122143645347,143937800
2020-10-29,114.583015,0.03705038808177541,146129200
2020-10-30,108.164314,-0.05601790980975674,190272600
2020-11-02,108.074875,-0.0008268808509246384,122866900
2020-11-03,109.734215,0.015353614797148696,107624400
2020-11-04,114.215385,0.04083657954813802,138235500
2020-11-05,118.26931,0.035493685898795535,126387100
2020-11-06,118.134956,-0.0011360005397850204,114457900
2020-11-09,115.776031,-0.019968052470430542,154515300
2020-11-10,115.427666,-0.0030089561456809744,138023400
2020-11-11,118.931206,0.030352688583341836,112295000
2020-11-12,118.652512,-0.0023433210624299594,103162300
2020-11-13,118.702286,0.0004194938578292451,81581900
2020-11-16,119.737419,0.008720413354128764,91183000
2020-11-17,118.831665,-0.007564502455159827,74271000
2020-11-18,116.478027,-0.011391223038068166,76322100
2020-11-19,118.085182,0.005168243079193058,74113000
2020-11-20,116.791252,-0.010957598388593781,73604300
2020-11-23,113.317581,-0.029742561540482493,127959300
2020-11-24,114.631409,0.011594211493095585,113874200
2020-11-25,115.487381,0.007467168095264265,76499200
2020-11-27,116.044762,0.004826336827224553,46691300
2020-11-30,118.493271,0.021099694271422553,169410200
2020-12-01,122.146095,0.030827269507987642,127728200
2020-12-02,122.504417,0.0029335526444786986,89004200
2020-12-03,122.365074,-0.0011374528642505988,78967600
2020-12-04,121.678299,-0.005612508353486589,78260400
2020-12-07,123.17128,0.012269903608695287,86712000
2020-12-08,123.79834,0.005090959515887228,82225500
2020-12-09,121.210495,-0.02090371324849749,115089200
2020-12-10,122.663666,0.011988821595027899,81312200
2020-12-11,121.837555,-0.006734765289014066,86939800
2020-12-14,121.210495,-0.005146688966304325,79184500
2020-12-15,126.281967,0.05009031602420233,157243700
2020-12-16,126.212296,-0.0005473752617289884,98208600
2020-12-17,128.098129,0.0069634227810808635,94359800
2020-12-18,126.06768,-0.015850731121919814,192541500
2020-12-21,126.630333,0.012395349862867278,121251600
2020-12-22,131.26326,0.02846444818098215,168904800
2020-12-23,130.347565,-0.006976019032286729,88223700
2020-12-24,131.352829,0.007712180891142895,54930100
2020-12-28,136.050781,0.03576589888292392,124486200
2020-12-29,134.239273,-0.01331494010313694,121047300
2020-12-30,133.094666,-0.008526617989059071,96452100
2020-12-31,132.069473,-0.007702735434942265,99116600
2021-01-04,128.80481,-0.024719285432448057,143301900
2021-01-05,130.397324,0.012363777408623156,97664900
2021-01-06,126.007957,-0.03366148066044661,155088000
2021-01-07,130.307755,0.034123226043574206,109578200
2021-01-08,131.432465,0.00863118238818572,105158200
2021-01-11,128.376816,-0.023248814514739702,100384500
2021-01-12,128.197662,-0.0013955323521965823,91951100
2021-01-13,130.277893,0.016226746787316504,88636800
2021-01-14,128.307159,-0.015127155917389556,90221800
2021-01-15,126.545425,-0.013730597838270464,111598500
2021-01-19,126.232201,0.005427110462507878,90757300
2021-01-20,131.412567,0.03285619495020753,104319500
2021-01-21,136.229935,0.03665835094751646,120150900
2021-01-22,138.419632,0.0160735377286938,114459400
2021-01-25,142.251633,0.027683941538003687,157611700
2021-01-26,142.490524,0.0016793550623070974,98390600
2021-01-27,141.39566,-0.00768376709738261,140843800
2021-01-28,136.448883,-0.03498535244999734,142621100
2021-01-29,131.34288,-0.03742062879327479,177523800
2021-02-01,133.512695,0.01652023314853457,106239800
2021-02-02,134.358719,0.006336655851340467,83305400
2021-02-03,133.313629,-0.007778356386383911,89880900
2021-02-04,136.747498,0.025757824055633538,84183100
2021-02-05,136.323853,-0.003098009149681058,75693800
2021-02-08,136.473373,0.0010967999855462374,71297200
2021-02-09,135.576233,-0.006573736548594056,76774200
2021-02-10,134.958221,-0.004558409584960121,73046600
2021-02-11,134.699051,-0.0019203720831502125,64280000
2021-02-12,134.938278,0.001776011027724289,60145100
2021-02-16,132.765244,-0.01610391085619156,80576300
2021-02-17,130.422729,-0.017644037923057576,97918500
2021-02-18,129.296341,-0.008636439435337873,96856700
2021-02-19,129.455811,0.0012333682358420806,87668800
2021-02-22,125.59816,-0.029798979050851715,103916400
2021-02-23,125.458611,-0.0011110751940951458,158273000
2021-02-24,124.950241,-0.0040520933234308165,111039900
2021-02-25,120.604141,-0.034782645997457506,148199500
2021-02-26,120.873283,0.0022316149161081267,164560400
2021-03-01,126.382454,0.053851197207905654,116307900
2021-03-02,124.720978,-0.02089358397821406,102260900
2021-03-03,121.670731,-0.024456567362709403,112966300
2021-03-04,119.74688,-0.015811945766973312,178155000
2021-03-05,121.032768,0.010738384164998616,153766600
2021-03-08,115.988907,-0.04167351605145486,154376600
2021-03-09,120.703819,0.04064968040435102,129525800
2021-03-10,119.597366,-0.009166677650853772,111943300
2021-03-11,121.571045,0.016502696221587287,103026500
2021-03-12,120.644012,-0.007625442390496784,88105100
2021-03-15,123.594566,0.02445669661582528,92403800
2021-03-16,125.169533,0.012743011695190543,115227900
2021-03-17,124.362122,-0.006450539365677743,111932600
2021-03-18,120.145607,-0.03390513873669665,121229700
2021-03-19,119.60733,-0.004480205422741745,185549500
2021-03-22,122.99649,0.028335721564890726,111912300
2021-03-23,122.1492,-0.006888733166287908,95467100
2021-03-24,119.707008,-0.019993516126180055,88530500
2021-03-25,120.205414,0.0041635490547053955,98844700
2021-03-26,120.823433,0.00514135744335098,94071200
2021-03-29,121.002861,0.001485043054520796,80819200
2021-03-30,119.517616,-0.012274461841030315,85671900
2021-03-31,121.760445,0.018765677186867613,118323800
2021-04-01,122.607727,0.00695859808988053,75089100
2021-04-05,125.498489,0.023577323148646245,88651200
2021-04-06,125.807495,0.002462228848030268,80171300
2021-04-07,126.492111,0.013390426381194365,83466700
2021-04-08,129.94426,0.019233731254163722,88844600
2021-04-09,132.575836,0.0202515755601671,106686700
2021-04-12,130.821457,-0.013233022343528744,91420000
2021-04-13,134.001266,0.02430647902048655,91266500
2021-04-14,131.608932,-0.01785307013442672,87222800
2021-04-15,134.07106,0.0187079095816991,89347100
2021-04-16,133.732147,-0.0025278609716369305,84922400
2021-04-19,134.409973,0.0050685344938044,94264200
2021-04-20,132.685501,-0.01282994082589406,94812300
2021-04-21,133.074234,0.0029297323149120036,68847100
2021-04-22,131.519226,-0.011685267337326777,84566500
2021-04-23,133.891632,0.018038472945392625,78657500
2021-04-26,134.290359,0.002977982970586268,66905100
2021-04-27,133.961411,-0.002449528040951887,66015800
2021-04-28,133.153992,-0.006027250638618642,107760100
2021-04-29,133.054306,-0.0007486519818346027,151101000
2021-04-30,131.040756,-0.015133294521110896,109839500
2021-05-03,132.117294,0.008215291431926675,75135100
2021-05-04,126.442261,-0.035385473456639116,137564700
2021-05-05,126.691467,0.001955442394419027,84000900
2021-05-06,129.326248,0.01280258609606233,78128300
2021-05-07,130.015213,0.00532734081947539,78973300
2021-05-10,126.660225,-0.025804580268618205,88071200
2021-05-11,125.721642,-0.007410242639313114,126142800
2021-05-12,122.586334,-0.0249384907015453,112172300
2021-05-13,124.783043,0.017919689155562857,105861300
2021-05-14,126.259331,0.019844747655336503,81918000
2021-05-17,126.081093,-0.0092585588085482,74244600
2021-05-18,124.663223,-0.011245698829720596,63342900
2021-05-19,124.503464,-0.0012815247043629352,92612000
2021-05-20,126.119537,0.021012049913727626,76857100
2021-05-21,125.242355,-0.014767061336920961,79295400
2021-05-24,126.909851,0.013314153985686472,63092900
2021-05-25,126.710159,-0.001573494873932213,72009500
2021-05-26,126.660225,-0.0003940804777934348,56575900
2021-05-27,125.092575,-0.012376813636640893,94625600
2021-05-28,124.423584,-0.0053479672954209745,71311100
2021-06-01,124.09407,-0.002648324291960602,67637100
2021-06-02,124.872902,0.006276141962303194,59278900
2021-06-03,123.355186,-0.012154086080261028,76229200
2021-06-04,125.701668,0.019022159311567144,75169300
2021-06-07,125.711655,6.945001970854904e-05,71057600
2021-06-08,126.550392,0.006671911208232961,74403800
2021-06-09,126.939812,0.0030771931548028153,56877900
2021-06-10,125.921341,-0.00802325908596746,71186400
2021-06-11,126.159477,0.009832614473189283,53522400
2021-06-14,130.28479,0.02457790070967336,96906500
2021-06-15,129.44606,-0.006437666284759724,62746300
2021-06-16,129.955292,0.003933932017706754,91815000
2021-06-17,131.592834,0.012600810438716303,96721700
2021-06-18,130.264832,-0.010091750132837807,108953300
2021-06-21,132.102081,0.0141039524773654,79663300
2021-06-22,133.779556,0.012698323806117795,74783600
2021-06-23,133.499985,-0.002089788666961967,60214200
2021-06-24,133.210419,-0.0021690339515768597,68711000
2021-06-25,132.910873,-0.0022486679514159835,70783700
2021-06-28,134.578369,0.012545971314175342,62111300
2021-06-29,136.126053,0.011500243400928811,64556100
2021-06-30,136.755112,0.004621150662467155,63261400
2021-07-01,136.064651,0.0022634546926478816,52485800
2021-07-02,139.750626,0.01959640928863582,78852600
2021-07-06,141.807541,0.014718467164504645,108181800
2021-07-07,144.353729,0.017955236950339515,104911600
2021-07-08,143.025711,-0.009199748487273118,105575500
2021-07-09,144.892914,0.013055016380935758,99890800
2021-07-12,144.283829,-0.0042036907339719765,76299700
2021-07-13,145.422119,0.00788924169734928,100827100
2021-07-14,148.926865,0.024100501519992212,127050800
2021-07-15,148.257874,-0.004492077369653957,106820300
2021-07-16,146.17099,-0.01407604158683673,93251400
2021-07-19,142.236893,-0.026914348736366778,121434600
2021-07-20,145.931351,0.025973978495157368,96350000
2021-07-21,145.18248,-0.0051316663271349094,74993500
2021-07-22,146.580383,0.009628592926639756,77338200
2021-07-23,148.337753,0.011989121354663013,71447400
2021-07-26,148.76712,0.0028945227449954647,72434100
2021-07-27,146.55043,-0.014900402723397432,104818600
2021-07-28,144.763107,-0.012195958756313519,118931200
2021-07-29,145.422119,0.004552347719367633,56699500
2021-07-30,145.641785,0.0015105404976252235,70382000
2021-08-02,145.302307,-0.0023309107341686897,62880000
2021-08-03,146.139542,0.01264422456829939,64786600
2021-08-04,146.730164,-0.0027822432667352626,56368300
2021-08-05,146.839996,0.0007485304793908298,46397700
2021-08-06,146.139999,-0.004767073134488653,54067400
2021-08-09,146.089996,-0.0003421582068026119,48908700
2021-08-10,145.600006,-0.0033540284305298984,69023100
2021-08-11,145.860001,0.00178567987146927,48493500
2021-08-12,148.889999,0.02077333044855778,72282600
2021-08-13,149.100006,0.001410484259591005,59318800
2021-08-16,151.119995,0.01354788007184915,103296000
2021-08-17,150.190002,-0.00615400364458718,92229700
2021-08-18,146.360001,-0.02550103834474937,86326000
2021-08-19,146.699997,0.002323011735972713,86960300
2021-08-20,148.190002,0.01015681684028924,59947400
2021-08-23,149.710007,0.010257135970616948,60131800
2021-08-24,149.619995,-0.0006012423738648298,48606400
2021-08-25,148.360001,-0.008421294226082399,58991300
2021-08-26,146.539993,-0.00552715013799443,48597200
2021-08-27,148.600006,0.007184580793629269,55721500
2021-08-30,153.119995,0.030417152203883413,90956700
2021-08-31,151.830002,-0.008424719449605433,86453100
2021-09-01,152.509995,0.00447864711218271,80313700
2021-09-02,153.649994,0.007474913365514091,71115500
2021-09-03,154.300003,0.004230452491915004,57808700
2021-09-07,156.690002,0.015489299763655762,82278300
2021-09-08,155.110001,-0.010083610822852473,74420200
2021-09-09,154.070007,-0.006704880364226229,57305700
2021-09-10,148.970001,-0.03310187426680655,140646400
2021-09-13,149.550003,0.0038934147553641996,102404300
2021-09-14,148.119995,-0.009562072693505841,109296300
2021-09-15,149.029999,0.006143694509306519,83281300
2021-09-16,148.789993,-0.0016104542817583223,68034100
2021-09-17,146.059998,-0.018347974517345378,129868800
2021-09-20,142.940002,-0.021361057392319083,123478900
2021-09-21,143.429993,0.0034279487417385734,75834000
2021-09-22,145.850006,0.016872433368939843,76404300
2021-09-23,146.830002,0.0067192043859085615,64838200
2021-09-24,146.919998,0.0006129265053063104,53477900
2021-09-27,145.369995,-0.010549979724339575,74150700
2021-09-28,141.910004,-0.02380127343335192,108972300
2021-09-29,142.830002,0.00648296789562508,74602000
2021-09-30,141.5,-0.00931178310842573,88934200
2021-10-01,142.649994,0.008127166077738446,94639581
