date,price_used,log_return
2015-01-05,4.731142997741699,-0.0522379115848935
2015-01-06,4.650143146514893,-0.017268818560519757
2015-01-07,4.674285888671875,0.005178396664592713
2015-01-08,4.7779998779296875,0.021945623368420444
2015-01-09,4.704143047332764,-0.015578403499144765
2015-01-12,4.554714202880859,-0.03228083471724252
2015-01-13,4.625570774078369,0.015436988822646682
2015-01-14,4.631999969482422,0.0013889597208056623
2015-01-15,4.625143051147461,-0.0014814332183745325
2015-01-16,4.819142818450928,0.041088773287814476
2015-01-20,4.9828572273254395,0.03340739318553458
2015-01-21,5.846857070922852,0.15990079710080388
2015-01-22,6.120571136474609,0.04575115108523726
2015-01-23,6.249429225921631,0.02083472060220774
2015-01-26,6.379428863525391,0.02058843780045937
2015-01-27,6.488142967224121,0.016897778683113596
2015-01-28,6.320857048034668,-0.02612154437810706
2015-01-29,6.340000152587891,0.0030239846856650724
2015-01-30,6.311429023742676,-0.00451667191408626
2015-02-02,6.301000118255615,-0.0016537508748668429
2015-02-03,6.527429103851318,0.035304790655709246
2015-02-04,6.41014289855957,-0.018131596632273476
2015-02-05,6.413000106811523,0.00044563307108728923
2015-02-06,6.3480000495910645,-0.010187386345955321
2015-02-09,6.329570770263672,-0.002907385424382872
2015-02-10,6.485000133514404,0.024259413304739064
2015-02-11,6.498428821563721,0.002068589566638297
2015-02-12,6.52471399307251,0.004036691845542833
2015-02-13,6.658570766448975,0.020307742121438738
2015-02-17,6.713714122772217,0.008247456489763477
2015-02-18,6.786571025848389,0.01079349207644445
2015-02-19,6.78000020980835,-0.0009686775589356998
2015-02-20,6.8314290046691895,0.007556743496119142
2015-02-23,6.740571022033691,-0.0133892336880601
2015-02-24,6.783999919891357,0.006422243975587433
2015-02-25,6.833285808563232,0.007238755926528239
2015-02-26,6.900428771972656,0.009777907930489644
2015-02-27,6.78442907333374,-0.016953406210500413
2015-03-02,6.860713958740234,0.011181367612760316
2015-03-03,6.781570911407471,-0.011602738978199603
2015-03-04,6.710999965667725,-0.01046080690193172
2015-03-05,6.680714130401611,-0.00452307847699492
2015-03-06,6.487429141998291,-0.029358561386258124
2015-03-09,6.366143226623535,-0.018872498906031487
2015-03-10,6.215143203735352,-0.02400506096298775
2015-03-11,6.288428783416748,0.011722477220951518
2015-03-12,6.404571056365967,0.018300719434728864
2015-03-13,6.262856960296631,-0.02237549854895961
2015-03-16,6.028142929077148,-0.03819747308941066
2015-03-17,5.978857040405273,-0.008209572017525962
2015-03-18,6.0445709228515625,0.010931081715437068
2015-03-19,6.074429035186768,0.004927497788936456
2015-03-20,6.118570804595947,0.007240541759211597
2015-03-23,6.0714287757873535,-0.0077345800572273
2015-03-24,6.261143207550049,0.030768828919053595
2015-03-25,6.025000095367432,-0.03844529424786643
2015-03-26,5.975142955780029,-0.008309472020416087
2015-03-27,5.925285816192627,-0.008379098307338387
2015-03-30,6.03671407699585,0.01863091204532344
2015-03-31,5.952713966369629,-0.014012592558869896
2015-04-01,5.901713848114014,-0.008604452903114629
2015-04-02,5.91542911529541,0.002321250302590272
2015-04-06,6.0329999923706055,0.019680356430501488
2015-04-07,6.049428939819336,0.002719479281202359
2015-04-08,6.304999828338623,0.04137906471543633
2015-04-09,6.278571128845215,-0.004200514852744964
2015-04-10,6.493856906890869,0.03371421143580769
2015-04-13,6.7811431884765625,0.0432890608349044
2015-04-14,6.838714122772217,0.00845402060604767
2015-04-15,6.792285919189453,-0.006812175626774615
2015-04-16,8.02928638458252,0.16730811075204918
2015-04-17,8.164999961853027,0.01676106641047483
2015-04-20,8.105570793151855,-0.007305144224246195
2015-04-21,8.006285667419434,-0.012324635926184884
2015-04-22,6.966856956481934,-0.004936885865020354
2015-04-23,6.986570835113525,0.002471429829805342
2015-04-24,6.977142810821533,-0.0011811819727235275
2015-04-27,8.086856842041016,0.013659828131863108
2015-04-28,8.043713569641113,-0.005349268398612653
2015-04-29,8.040714263916016,-0.00037294528483065945
2015-04-30,6.949999809265137,-0.011346013366033707
2015-05-01,6.957571029663086,0.000951901587780153
2015-05-04,6.927143096923828,-0.003831100731622382
2015-05-05,8.079285621643066,0.01901074993075181
2015-05-06,8.00771427154541,-0.008898094461430743
2015-05-07,8.074856758117676,0.008349769018675568
2015-05-08,8.208571434020996,0.016423775141129745
2015-05-11,8.427857398986816,0.02636367072769299
2015-05-12,8.337714195251465,-0.010753474390782662
2015-05-13,8.287285804748535,-0.0060665918995204664
2015-05-14,8.383570671081543,0.01155140854558213
2015-05-15,8.760713577270508,0.04400344208056318
2015-05-18,8.826713562011719,0.0075053950800669815
2015-05-19,8.806857109069824,-0.0022521203113098466
2015-05-20,8.878999710083008,0.008158270406192256
2015-05-21,8.900285720825195,0.0023944742880917347
2015-05-22,8.883856773376465,-0.0018475956462436396
2015-05-26,8.799285888671875,-0.00956521486320879
2015-05-27,8.985713958740234,0.020965409086029875
2015-05-28,8.950714111328125,-0.0039026601838691322
2015-05-29,8.915143013000488,-0.003982025052916819
2015-06-01,8.900285720825195,-0.0016679133397916996
2015-06-02,8.913000106811523,0.0014275174460764725
2015-06-03,8.880857467651367,-0.0036127831176187685
2015-06-04,8.934857368469238,0.006062071231311849
2015-06-05,9.045999526977539,0.01236243351879942
2015-06-08,8.960429191589355,-0.009504492078206438
2015-06-09,9.244999885559082,0.03126472577374934
2015-06-10,9.587142944335938,0.0363400717492218
2015-06-11,9.509428977966309,-0.008139093832950035
2015-06-12,9.44185733795166,-0.0071311176707263245
2015-06-15,9.343143463134766,-0.010509957866412963
2015-06-16,9.5272855758667,0.019517092860086304
2015-06-17,9.427143096923828,-0.010566755924438976
2015-06-18,9.474286079406738,0.004988308534645694
2015-06-19,9.3871431350708,-0.009240398848069587
2015-06-22,9.64142894744873,0.026728327238700465
2015-06-23,9.73128604888916,0.009276732338747477
2015-06-24,9.694429397583008,-0.0037946294058783447
2015-06-25,9.489143371582031,-0.02140308951546623
2015-06-26,9.308856964111328,-0.019182033434965558
2015-06-29,9.223142623901367,-0.0092504806107537
2015-06-30,9.384857177734375,0.017381623708214413
2015-07-01,9.363571166992188,-0.002270699121742119
2015-07-02,9.40442943572998,0.0043540421966977265
2015-07-06,9.45714282989502,0.005589516151142317
2015-07-07,9.409143447875977,-0.005088387282764874
2015-07-08,9.350713729858398,-0.006229248592232055
2015-07-09,9.572713851928711,0.023464069226359737
2015-07-10,9.722857475280762,0.015562809849535819
2015-07-13,10.10871410369873,0.03891828020137135
2015-07-14,10.037142753601074,-0.007105346942222571
2015-07-15,9.812999725341797,-0.022584478231367926
2015-07-16,11.581000328063965,0.16565784329487804
2015-07-17,11.47700023651123,-0.009020799224075556
2015-07-20,11.055000305175781,-0.03746221139130397
2015-07-21,11.25100040435791,0.01757420761402899
2015-07-22,11.149999618530273,-0.009017585835069194
2015-07-23,11.010000228881836,-0.012635492170466287
2015-07-24,10.934000015258789,-0.006926769654785977
2015-07-27,10.642999649047852,-0.026974835784363688
2015-07-28,10.6899995803833,0.004406319699774211
2015-07-29,10.708000183105469,0.0016824569742277748
2015-07-30,11.156000137329102,0.040986339317148
2015-07-31,11.430999755859375,0.02435145961074526
2015-08-03,11.255999565124512,-0.015427660508781384
2015-08-04,12.114999771118164,0.07354305419896144
2015-08-05,12.371000289916992,0.020910711939850037
2015-08-06,12.645000457763672,0.02190686900718314
2015-08-07,12.35200023651123,-0.023443903893061842
2015-08-10,12.303000450134277,-0.003974840764636081
2015-08-11,12.27400016784668,-0.0023599540235070353
2015-08-12,12.050999641418457,-0.018335603351963787
2015-08-13,12.373000144958496,0.026369076657630552
2015-08-14,12.33899974822998,-0.002751733435563762
2015-08-17,12.53600025177002,0.015839567625493736
2015-08-18,12.404999732971191,-0.010504929519617321
2015-08-19,12.206000328063965,-0.016171934618289082
2015-08-20,11.24899959564209,-0.08164846113500582
2015-08-21,10.395999908447266,-0.07885809189185854
2015-08-24,9.687999725341797,-0.07053313007226962
2015-08-25,10.152000427246094,0.04678279459656478
2015-08-26,11.012999534606934,0.08140557842728305
2015-08-27,11.765999794006348,0.06613764801044215
2015-08-28,11.762999534606934,-0.0002550265205734317
2015-08-31,11.503000259399414,-0.02235107894969501
2015-09-01,10.579000473022461,-0.08373694474648098
2015-09-02,10.543999671936035,-0.0033140020716345437
2015-09-03,10.105999946594238,-0.042427645061188485
2015-09-04,9.878999710083008,-0.022718038869615955
2015-09-08,9.494999885559082,-0.03964593050404788
2015-09-09,9.918000221252441,0.04358597816361979
2015-09-10,9.947999954223633,0.0030202109644803846
2015-09-11,9.75100040435791,-0.02000163601825924
2015-09-14,9.569000244140625,-0.01884115301050556
2015-09-15,9.916000366210938,0.03562091879343169
2015-09-16,10.407999992370605,0.04842508937291222
2015-09-17,10.420999526977539,0.001248215141843476
2015-09-18,10.26200008392334,-0.015375194921174317
2015-09-21,10.029999732971191,-0.022867185347009593
2015-09-22,9.847000122070312,-0.018413722688466267
2015-09-23,9.807000160217285,-0.0040704199151493535
2015-09-24,10.37600040435791,0.056399053237425785
2015-09-25,10.223999977111816,-0.014757590588135298
2015-09-28,9.946999549865723,-0.027466942479501124
2015-09-29,9.835000038146973,-0.011323497197287716
2015-09-30,10.326000213623047,0.048717551425618746
2015-10-01,10.597999572753906,0.026000256611390975
2015-10-02,10.611000061035156,0.0012259408867898447
2015-10-05,11.125,0.04730362340878628
2015-10-06,10.833000183105469,-0.0265977801863103
2015-10-07,10.8100004196167,-0.0021253773974214975
2015-10-08,11.493000030517578,0.06126648657336811
2015-10-09,11.333000183105469,-0.014019317134289016
2015-10-12,11.345000267028809,0.0010583018612894356
2015-10-13,10.972999572753906,-0.033339470696403924
2015-10-14,11.02299976348877,0.004546306452483251
2015-10-15,10.109000205993652,-0.08655784097584661
2015-10-16,9.89900016784668,-0.020992377655580537
2015-10-19,10.168999671936035,0.026910085654224328
2015-10-20,9.89900016784668,-0.026910085654224418
2015-10-21,9.795999526977539,-0.010459668090979974
2015-10-22,9.732000350952148,-0.00655462981966993
2015-10-23,10.003999710083008,0.02756552305232195
2015-10-26,10.303999900817871,0.02954717570113789
2015-10-27,10.307000160217285,0.00029113186276463586
2015-10-28,10.579999923706055,0.026142127619837873
2015-10-29,10.51200008392334,-0.006447949493175713
2015-10-30,10.838000297546387,0.03054103487208636
2015-11-02,10.763999938964844,-0.0068512774035610876
2015-11-03,10.973999977111816,0.01932160935675482
2015-11-04,11.404999732971191,0.03852299577193056
2015-11-05,11.350000381469727,-0.004834054785961747
2015-11-06,11.406000137329102,0.004921767237343935
2015-11-09,10.986000061035156,-0.037517804298272485
2015-11-10,11.270000457763672,0.025522628193428456
2015-11-11,11.28600025177002,0.001418673185540474
2015-11-12,10.892000198364258,-0.03553444883168392
2015-11-13,10.364999771118164,-0.04959386921787649
2015-11-16,11.135000228881836,0.07165859745894348
2015-11-17,11.710000038146973,0.05034985960276434
2015-11-18,12.062999725341797,0.02969971294733159
2015-11-19,12.022000312805176,-0.0034045631782324373
2015-11-20,12.383999824523926,0.02966697204142574
2015-11-23,12.503000259399414,0.009563333582044782
2015-11-24,12.331000328063965,-0.013852192766628873
2015-11-25,12.416000366210938,0.006869549442737148
2015-11-27,12.543999671936035,0.010256444519048917
2015-11-30,12.333000183105469,-0.016963826024351692
2015-12-01,12.536999702453613,0.016405636969786218
2015-12-02,12.892999649047852,0.028000252807908677
2015-12-03,12.680999755859375,-0.016579710208048336
2015-12-04,13.093000411987305,0.0319729767115541
2015-12-07,12.53600025177002,-0.04347324257436247
2015-12-08,12.697999954223633,0.012839972005772152
2015-12-09,12.420000076293945,-0.022136414495089633
2015-12-10,12.291000366210938,-0.010440765620270997
2015-12-11,11.890999794006348,-0.03308552289594266
2015-12-14,12.067000389099121,0.014692692204407116
2015-12-15,11.859999656677246,-0.017303121714732705
2015-12-16,12.263999938964844,0.03349677197111567
2015-12-17,12.25100040435791,-0.0010605372745913749
2015-12-18,11.802000045776367,-0.037338586804474876
2015-12-21,11.663000106811523,-0.01184756564660824
2015-12-22,11.62399959564209,-0.003349555385551859
2015-12-23,11.815999984741211,0.016382652456199246
2015-12-24,11.732999801635742,-0.007049176402750336
2015-12-28,11.711000442504883,-0.0018767586895567095
2015-12-29,11.911999702453613,0.01701766155759315
2015-12-30,11.670999526977539,-0.02043917850251079
2015-12-31,11.437999725341797,-0.020165970420145445
2016-01-04,10.996000289916992,-0.0394095248116653
2016-01-05,10.765999794006348,-0.02113859566363336
2016-01-06,11.767999649047852,0.0889909524715104
2016-01-07,11.456000328063965,-0.026870314621395813
2016-01-08,11.138999938964844,-0.028061180471515918
2016-01-11,11.496999740600586,0.031633650825604404
2016-01-12,11.657999992370605,0.013906529759677412
2016-01-13,10.656000137329102,-0.0898695122833998
2016-01-14,10.706000328063965,0.0046812359286656615
2016-01-15,10.404000282287598,-0.028613987895182384
2016-01-19,10.788999557495117,0.036336680835746586
2016-01-20,10.77400016784668,-0.0013912157175481102
2016-01-21,10.234999656677246,-0.051322654267945134
2016-01-22,10.071999549865723,-0.016053933518863514
2016-01-25,9.911999702453613,-0.01601313774236045
2016-01-26,9.782999992370605,-0.013099929612607392
2016-01-27,9.114999771118164,-0.07072480167526252
2016-01-28,9.440999984741211,0.035140522113986696
2016-01-29,9.184000015258789,-0.027599063895489495
2016-02-01,9.409000396728516,0.024203878950754272
2016-02-02,9.14900016784668,-0.028022118146115927
2016-02-03,9.074000358581543,-0.008231381284058915
2016-02-04,8.970999717712402,-0.011416099648778849
2016-02-05,8.279000282287598,-0.08027489885697343
2016-02-08,8.331999778747559,0.006381274590692191
2016-02-09,8.61299991607666,0.03316918321905406
2016-02-10,8.845000267028809,0.026579677738313597
2016-02-11,8.635000228881836,-0.024028619696617223
2016-02-12,8.739999771118164,0.01208642537465666
2016-02-16,8.904999732971191,0.018702723275643134
2016-02-17,9.47599983215332,0.062149381828485166
2016-02-18,9.048999786376953,-0.04610803782208833
2016-02-19,8.92300033569336,-0.014021980222485263
2016-02-22,9.192999839782715,0.029810056914289076
2016-02-23,8.911999702453613,-0.031043657655668844
2016-02-24,9.16100025177002,0.02755672071811511
2016-02-25,9.45300006866455,0.031376788191150334
2016-02-26,9.479000091552734,0.0027466764223534035
2016-02-29,9.340999603271484,-0.014665564710413173
2016-03-01,9.829999923706055,0.05102565597876637
2016-03-02,9.76099967956543,-0.007044105032957698
2016-03-03,9.793000221252441,0.0032730459667945073
2016-03-04,10.157999992370605,0.03659370429640596
2016-03-07,9.548999786376953,-0.06182515703116352
2016-03-08,9.623000144958496,0.007719666841199596
2016-03-09,9.800000190734863,0.01822632370125044
2016-03-10,9.736000061035156,-0.00655204318502348
2016-03-11,9.765999794006348,0.0030765825922844958
2016-03-14,9.812999725341797,0.004801064688609287
2016-03-15,9.78600025177002,-0.0027551906406339277
2016-03-16,9.9350004196167,0.015111099645481003
2016-03-17,9.972000122070312,0.0037172596626338585
2016-03-18,10.112000465393066,0.01394170552572185
2016-03-21,10.105999946594238,-0.0005935818431831775
2016-03-22,9.984000205993652,-0.012145469325708326
2016-03-23,9.958999633789062,-0.0025072040818052404
2016-03-24,9.836000442504883,-0.012427458835401991
2016-03-28,10.121000289916992,0.0285633325096158
2016-03-29,10.413000106811523,0.02844253395341835
2016-03-30,10.218999862670898,-0.018806316613808587
2016-03-31,10.222999572753906,0.0003913227907753717
2016-04-01,10.569999694824219,0.03337972902802243
2016-04-04,10.4350004196167,-0.01285419026867246
2016-04-05,10.494000434875488,0.0056381259633200495
2016-04-06,10.482999801635742,-0.0010488281569476278
2016-04-07,10.444999694824219,-0.003631512756839979
2016-04-08,10.380999565124512,-0.006146195471500864
2016-04-11,10.267999649047852,-0.010944941489942751
2016-04-12,10.697999954223633,0.04102457500041196
2016-04-13,10.96500015258789,0.024651591955662425
2016-04-14,11.041999816894531,0.006997771493460757
2016-04-15,11.151000022888184,0.009823014756575935
2016-04-18,10.84000015258789,-0.028286171947918905
2016-04-19,9.434000015258789,-0.1389228236083786
2016-04-20,9.677000045776367,0.025431754149740023
2016-04-21,9.498000144958496,-0.018670675240302945
2016-04-22,9.59000015258789,0.009639639417560669
2016-04-25,9.355999946594238,-0.024703061792743338
2016-04-26,9.243000030517578,-0.012151331429412588
2016-04-27,9.104000091552734,-0.015152624144042028
2016-04-28,9.027999877929688,-0.008383042006307377
2016-04-29,9.003000259399414,-0.0027729614950951138
2016-05-02,9.310999870300293,0.033638599037771284
2016-05-03,9.154000282287598,-0.017005509907591112
2016-05-04,9.079000473022461,-0.008226866578731082
2016-05-05,8.937000274658203,-0.015764113358379947
2016-05-06,9.083999633789062,0.01631459079750815
2016-05-09,9.053999900817871,-0.0033079458702123324
2016-05-10,9.288999557495117,0.02562421870860969
2016-05-11,9.001999855041504,-0.03138409800004727
2016-05-12,8.77400016784668,-0.025653936893790846
2016-05-13,8.788000106811523,0.0015943448025819672
2016-05-16,8.911999702453613,0.014011483121154994
2016-05-17,8.86299991607666,-0.005513351510458989
2016-05-18,9.050000190734863,0.020879480500203194
2016-05-19,8.954999923706055,-0.01055275179453854
2016-05-20,9.24899959564209,0.03230336686005541
2016-05-23,9.48900032043457,0.025617872907649625
2016-05-24,9.788999557495117,0.03112599431431665
2016-05-25,10.020000457763672,0.023323880266721726
2016-05-26,10.281000137329102,0.025714403576429234
2016-05-27,10.329999923706055,0.00475473082773553
2016-05-31,10.256999969482422,-0.00709187939589848
2016-06-01,10.151000022888184,-0.01038817129291578
2016-06-02,10.125,-0.0025646120644625347
2016-06-03,9.958999633789062,-0.016530984814959442
2016-06-06,10.074000358581543,0.011481254740567895
2016-06-07,9.98900032043457,-0.00847336328945547
2016-06-08,9.78600025177002,-0.02053170103425235
2016-06-09,9.708999633789062,-0.007899565925204508
2016-06-10,9.375,-0.03500668081282449
2016-06-13,9.385000228881836,0.001066122570045845
2016-06-14,9.411999702453613,0.0028727448250819004
2016-06-15,9.428999900817871,0.001804596713099234
2016-06-16,9.543999671936035,0.012122614457068968
2016-06-17,9.444999694824219,-0.010427181779127407
2016-06-20,9.380000114440918,-0.006905693423985728
2016-06-21,9.098999977111816,-0.030415260359565235
2016-06-22,9.00100040435791,-0.010828787660479912
2016-06-23,9.166000366210938,0.018165298841508845
2016-06-24,8.843999862670898,-0.035761778572861565
2016-06-27,8.532999992370605,-0.03579824880691656
2016-06-28,8.79699993133545,0.03046974780474349
2016-06-29,9.105999946594238,0.03452278458260556
2016-06-30,9.14799976348877,0.004601719258969036
2016-07-01,9.666999816894531,0.05518275423451504
2016-07-05,9.791000366210938,0.01274562923356982
2016-07-06,9.460000038146973,-0.03439124667850966
2016-07-07,9.510000228881836,0.005271513528552802
2016-07-08,9.706000328063965,0.020400384158354597
2016-07-11,9.467000007629395,-0.02493221683049608
2016-07-12,9.597000122070312,0.013638494402475249
2016-07-13,9.642999649047852,0.004781664778625234
2016-07-14,9.802000045776367,0.016354224023712196
2016-07-15,9.83899974822998,0.003767603137183007
2016-07-18,9.880999565124512,0.004259622906898219
2016-07-19,8.583999633789062,-0.1407137145351836
2016-07-20,8.791000366210938,0.02382854986016609
2016-07-21,8.598999977111816,-0.022082597759490893
2016-07-22,8.58899974822998,-0.0011636292960231767
2016-07-25,8.765999794006348,0.020398293026445198
2016-07-26,9.140999794006348,0.04188918763909294
2016-07-27,9.204000473022461,0.006868457429710008
2016-07-28,9.164999961853027,-0.00424634643683451
2016-07-29,9.125,-0.0043739776608684505
2016-08-01,9.437000274658203,0.03362026267503831
2016-08-02,9.355999946594238,-0.008620319129844034
2016-08-03,9.3100004196167,-0.004928706653163675
2016-08-04,9.343999862670898,0.003645275028249771
2016-08-05,9.70300006866455,0.03770071173095794
2016-08-08,9.51099967956543,-0.019986133310489748
2016-08-09,9.39900016784668,-0.011845671313209924
2016-08-10,9.392999649047852,-0.0006386248468747107
2016-08-11,9.58899974822998,0.020651888266195864
2016-08-12,9.659000396728516,0.007273582355199396
2016-08-15,9.531000137329102,-0.013340505906448603
2016-08-16,9.51200008392334,-0.001995490152794069
2016-08-17,9.63700008392334,0.013055697366229352
2016-08-18,9.616000175476074,-0.0021814695364056813
2016-08-19,9.586999893188477,-0.0030203930876234655
2016-08-22,9.526000022888184,-0.0063830981721966894
2016-08-23,9.593999862670898,0.007112983984435658
2016-08-24,9.517999649047852,-0.007953182939360797
2016-08-25,9.732000350952148,0.022234755156492893
2016-08-26,9.758000373840332,0.002668038721864898
2016-08-29,9.729999542236328,-0.0028736505535215196
2016-08-30,9.744999885559082,0.0015404720646852118
2016-08-31,9.744999885559082,0.0
2016-09-01,9.73799991607666,-0.00071857207359151
2016-09-02,9.73799991607666,0.0
2016-09-06,10.008999824523926,0.027448921562672684
2016-09-07,9.914999961853027,-0.009435912580693756
2016-09-08,9.965999603271484,0.005130501926653558
2016-09-09,9.649999618530273,-0.032221384230660476
2016-09-12,9.904999732971191,0.026081777371170525
2016-09-13,9.609000205993652,-0.030339472458817657
2016-09-14,9.701000213623047,0.009528814267165649
2016-09-15,9.734000205993652,0.003395937573673779
2016-09-16,9.947999954223633,0.021746588766048996
2016-09-19,9.805999755859375,-0.0143771030076177
2016-09-20,9.824999809265137,0.001935720010131389
2016-09-21,9.48799991607666,-0.03490230493194615
2016-09-22,9.583000183105469,0.009962881058786295
2016-09-23,9.593999862670898,0.0011471742968638778
2016-09-26,9.456000328063965,-0.01448839340833355
2016-09-27,9.706999778747559,0.026197756579529996
2016-09-28,9.748000144958496,0.004214898696540514
2016-09-29,9.666999816894531,-0.00834414609237185
2016-09-30,9.854999542236328,0.019260889613615495
2016-10-03,10.262999534606934,0.040566255162095624
2016-10-04,10.234000205993652,-0.002829618805626103
2016-10-05,10.628000259399414,0.037776521793476354
2016-10-06,10.506999969482422,-0.011450353502599292
2016-10-07,10.482000350952148,-0.0023821649407536794
2016-10-10,10.333000183105469,-0.014316858908711337
2016-10-11,10.059000015258789,-0.026874917283543232
2016-10-12,9.949999809265137,-0.010895225667961986
2016-10-13,10.02299976348877,0.007309896444710413
2016-10-14,10.147000312805176,0.012295697678422134
2016-10-17,9.979999542236328,-0.0165950816690327
2016-10-18,11.878999710083008,0.17418906644629262
2016-10-19,12.187000274658203,0.0255977214767867
2016-10-20,12.335000038146973,0.0120709206955526
2016-10-21,12.75,0.03309051853053535
2016-10-24,12.732999801635742,-0.0013342385918894166
2016-10-25,12.651000022888184,-0.006460767770813626
2016-10-26,12.696999549865723,0.0036294443939032537
2016-10-27,12.647000312805176,-0.003945652004248814
2016-10-28,12.656999588012695,0.0007903316287697989
2016-10-31,12.487000465393066,-0.01352224885694265
2016-11-01,12.329999923706055,-0.012652829414628707
2016-11-02,12.234000205993652,-0.00781633333041138
2016-11-03,12.21399974822998,-0.0016361634704631343
2016-11-04,12.20300006866455,-0.0009009854111498425
2016-11-07,12.458000183105469,0.020681172753215214
2016-11-08,12.434000015258789,-0.0019283444554474575
2016-11-09,12.218999862670898,-0.017442550978923634
2016-11-10,11.541999816894531,-0.05699956567090583
2016-11-11,11.477999687194824,-0.005560407990913969
2016-11-14,11.338000297546387,-0.012272190288186545
2016-11-15,11.359000205993652,0.0018504572387262382
2016-11-16,11.519000053405762,0.013987451196563847
2016-11-17,11.503000259399414,-0.0013899571162275647
2016-11-18,11.520999908447266,0.0015635556448593626
2016-11-21,11.795999526977539,0.02358900174346613
2016-11-22,11.803999900817871,0.00067799782548949
2016-11-23,11.769000053405762,-0.0029694882449174268
2016-11-25,11.741000175476074,-0.0023819558397022425
2016-11-28,11.692999839782715,-0.004096646137457865
2016-11-29,11.75100040435791,0.0049480193061155284
2016-11-30,11.699999809265137,-0.004349552260728767
2016-12-01,11.722000122070312,0.001878602966430781
2016-12-02,12.081000328063965,0.0301665692247755
2016-12-05,11.916000366210938,-0.013751932109048993
2016-12-06,12.456999778747559,0.044400630558918956
2016-12-07,12.538999557495117,0.006561055775453831
2016-12-08,12.324000358581543,-0.017295142087496246
2016-12-09,12.288000106811523,-0.002925424732958668
2016-12-12,12.282999992370605,-0.0004069931618375042
2016-12-13,12.378000259399414,0.007704532337835213
2016-12-14,12.343999862670898,-0.002750620337968579
2016-12-15,12.5,0.012558540372566132
2016-12-16,12.42199993133545,-0.006259555698800855
2016-12-19,12.545000076293945,0.009853097290552875
2016-12-20,12.51200008392334,-0.002633995389624122
2016-12-21,12.649999618530273,0.010968994507435777
2016-12-22,12.557999610900879,-0.007299303310065184
2016-12-23,12.559000015258789,6.965954320404551e-05
2016-12-27,12.835000038146973,0.021738276044250913
2016-12-28,12.58899974822998,-0.019352420510294358
2016-12-29,12.532999992370605,-0.004458231764274132
2016-12-30,12.380000114440918,-0.012282888520174786
2017-01-03,12.74899959564209,0.02937052893868511
2017-01-04,12.940999984741211,0.014947759221277472
2017-01-05,13.180999755859375,0.01837581554773716
2017-01-06,13.107000350952148,-0.005629914794825165
2017-01-09,13.095000267028809,-0.0009159670620041675
2017-01-10,12.98900032043457,-0.008127628256502484
2017-01-11,13.050000190734863,0.004685278289566648
2017-01-12,12.918000221252441,-0.010166443646666551
2017-01-13,13.369999885559082,0.03439167781658752
2017-01-17,13.288999557495117,-0.006076790503535473
2017-01-18,13.326000213623047,0.0027804381201044824
2017-01-19,13.840999603271484,0.03791814308038974
2017-01-20,13.859999656677246,0.0013717957397149693
2017-01-23,13.73900032043457,-0.008768441726193748
2017-01-24,14.01099967956543,0.01960418525407841
2017-01-25,13.95199966430664,-0.00421986941284705
2017-01-26,13.895999908447266,-0.004021820755652779
2017-01-27,14.244999885559082,0.024804937565730968
2017-01-30,14.121999740600586,-0.008672113190417696
2017-01-31,14.071000099182129,-0.003617897870883883
2017-02-01,14.07800006866455,0.0004973512085667692
2017-02-02,13.920000076293945,-0.011286639676215834
2017-02-03,14.024999618530273,0.007514763822331773
2017-02-06,14.097000122070312,0.005120593238607497
2017-02-07,14.399999618530273,0.02126616264290171
2017-02-08,14.473999977111816,0.0051257547716036895
2017-02-09,14.413999557495117,-0.004154009060015085
2017-02-10,14.482000350952148,0.00470659739771842
2017-02-13,14.319999694824219,-0.011249382978966911
2017-02-14,14.081999778747559,-0.016759769836120084
2017-02-15,14.22700023651123,0.010244213907919734
2017-02-16,14.201000213623047,-0.0018291845874479381
2017-02-17,14.222000122070312,0.0014776703388359844
2017-02-21,14.260000228881836,0.0026683609922403496
2017-02-22,14.38599967956543,0.008797058134338768
2017-02-23,14.277999877929688,-0.00753560664037802
2017-02-24,14.324999809265137,0.003286366755248287
2017-02-27,14.340999603271484,0.0011162907971597048
2017-02-28,14.213000297546387,-0.00896548039145846
2017-03-01,14.265000343322754,0.00365194904127394
2017-03-02,13.95300006866455,-0.022114464901752333
2017-03-03,13.913999557495117,-0.002799048132604286
2017-03-06,14.194000244140625,0.01992386160446338
2017-03-07,14.142999649047852,-0.0035995800792457174
2017-03-08,14.031999588012695,-0.007879370954542683
2017-03-09,14.053000450134277,0.001495521880522959
2017-03-10,14.08899974822998,0.002558405051373669
2017-03-13,14.35200023651123,0.018494988594593698
2017-03-14,14.319000244140625,-0.002301978053776238
2017-03-15,14.524999618530273,0.01428393273301264
2017-03-16,14.439000129699707,-0.005938388503320348
2017-03-17,14.51099967956543,0.004974072455093433
2017-03-20,14.583000183105469,0.004949518860746929
2017-03-21,14.241999626159668,-0.02366115997673159
2017-03-22,14.265000343322754,0.0016136894221665799
2017-03-23,14.184000015258789,-0.005694438885272139
2017-03-24,14.20199966430664,0.0012682062751718144
2017-03-27,14.406000137329102,0.014262019877089008
2017-03-28,14.517000198364258,0.007675594143622218
2017-03-29,14.647000312805176,0.008915167548867736
2017-03-30,14.805999755859375,0.010796929839170933
2017-03-31,14.781000137329102,-0.001689906010746586
2017-04-03,14.692000389099121,-0.006039427079695178
2017-04-04,14.550000190734863,-0.009712147714734706
2017-04-05,14.362000465393066,-0.013005144633826708
2017-04-06,14.37399959564209,0.0008351288224475132
2017-04-07,14.310999870300293,-0.004392527649247
2017-04-10,14.385000228881836,0.0051575496488565345
2017-04-11,14.4350004196167,0.0034698292696345528
2017-04-12,14.383000373840332,-0.0036088625707209844
2017-04-13,14.291999816894531,-0.006347052264153178
2017-04-17,14.725000381469727,0.02984682809449579
2017-04-18,14.336000442504883,-0.02677286834464812
2017-04-19,13.97599983215332,-0.0254323262771463
2017-04-20,14.118000030517578,0.010109020312769215
2017-04-21,14.286999702453613,0.011899430921760044
2017-04-24,14.383000373840332,0.006696967556922672
2017-04-25,15.215999603271484,0.05630050011634851
2017-04-26,15.017000198364258,-0.013164573822462392
2017-04-27,15.307999610900879,0.019192636237973928
2017-04-28,15.220000267028809,-0.005765172167291475
2017-05-01,15.53499984741211,0.020485163044670393
2017-05-02,15.645000457763672,0.007055873357458155
2017-05-03,15.559000015258789,-0.00551215606673723
2017-05-04,15.725000381469727,0.010612576531779376
2017-05-05,15.65999984741211,-0.004142146026451966
2017-05-08,15.637999534606934,-0.0014058608769319106
2017-05-09,15.746000289916992,0.006882563232453141
2017-05-10,16.027999877929688,0.017750801983452157
2017-05-11,15.854000091552734,-0.010915344968127207
2017-05-12,16.08099937438965,0.014216571778485359
2017-05-15,16.00200080871582,-0.004924647001837398
2017-05-16,15.940999984741211,-0.003819359272046852
2017-05-17,15.319999694824219,-0.039735261301950646
2017-05-18,15.569999694824219,0.01618682185330914
2017-05-19,15.70199966430664,0.008442105151380441
2017-05-22,15.715999603271484,0.0008912050555623031
2017-05-23,15.795000076293945,0.00501416263170097
2017-05-24,15.774999618530273,-0.0012670548389472783
2017-05-25,16.30500030517578,0.03304544371262105
2017-05-26,16.243000030517578,-0.003809779341908596
2017-05-30,16.32200050354004,0.004851873281366179
2017-05-31,16.30699920654297,-0.0009195070757497409
2017-06-01,16.298999786376953,-0.0004906716907061226
2017-06-02,16.51799964904785,0.013346931010892913
2017-06-05,16.506000518798828,-0.0007266915404602777
2017-06-06,16.517000198364258,0.0006661829472400384
2017-06-07,16.56100082397461,0.002660417812613224
2017-06-08,16.58799934387207,0.0016289194684925904
2017-06-09,15.803000450134277,-0.04847967891869249
2017-06-12,15.144000053405762,-0.042595406477517944
2017-06-13,15.272000312805176,0.008416689472161704
2017-06-14,15.220000267028809,-0.003410736927573543
2017-06-15,15.175999641418457,-0.0028951609736252728
2017-06-16,15.23799991607666,0.0040770935388001785
2017-06-19,15.34000015258789,0.00667150334285505
2017-06-20,15.204999923706055,-0.00883948977452947
2017-06-21,15.503000259399414,0.019409254204792458
2017-06-22,15.48900032043457,-0.0009034550629312132
2017-06-23,15.802000045776367,0.020006401943911963
2017-06-26,15.75,-0.003296151925771209
2017-06-27,15.102999687194824,-0.041946986398897455
2017-06-28,15.340999603271484,0.015635578129222887
2017-06-29,15.008999824523926,-0.021878947519180014
2017-06-30,14.940999984741211,-0.004540898635109282
2017-07-03,14.616999626159668,-0.021923901516245094
2017-07-05,14.76099967956543,0.009803336515237968
2017-07-06,14.625,-0.009256152728750768
2017-07-07,15.017999649047852,0.02651706519100431
2017-07-10,15.267000198364258,0.016444190958889014
2017-07-11,15.432999610900879,0.010814399438729989
2017-07-12,15.875,0.028237496072211942
2017-07-13,15.821000099182129,-0.0034073670428108487
2017-07-14,16.11199951171875,0.01822612793482143
2017-07-17,16.170000076293945,0.0035933726364897876
2017-07-18,18.360000610351562,0.12701674012863726
2017-07-19,18.38599967956543,0.0014150695774867751
2017-07-20,18.360000610351562,-0.0014150695774869148
2017-07-21,18.854000091552734,0.026550679393944197
2017-07-24,18.791000366210938,-0.003347046534187001
2017-07-25,18.69700050354004,-0.005014941180918063
2017-07-26,18.908000946044922,0.01122205285036502
2017-07-27,18.26799964904785,-0.03443428685365131
2017-07-28,18.40399932861328,0.0074171197012976855
2017-07-31,18.166000366210938,-0.01301626057358178
2017-08-01,18.202999114990234,0.0020346318057029265
2017-08-02,18.073999404907227,-0.007111958490450856
2017-08-03,16.92300033569336,-0.008389585575200757
2017-08-04,18.027000427246094,0.005785834741031036
2017-08-07,18.132999420166016,0.005862792974917476
2017-08-08,16.836000442504883,-0.01651453912028337
2017-08-09,16.577999114990234,-0.014570841780005988
2017-08-10,16.913999557495117,-0.03850641459688999
2017-08-11,16.139999389648438,0.013273222361874925
2017-08-14,16.100000381469727,-0.0023363917430719765
2017-08-15,16.850000381469727,-0.014727806379261705
2017-08-16,16.99799919128418,0.008744963061793808
2017-08-17,16.608999252319336,-0.023150970399053714
2017-08-18,16.65399932861328,0.00270571539952169
2017-08-21,16.676000595092773,0.0013202082043472713
2017-08-22,16.93400001525879,0.01535284041702737
2017-08-23,16.9060001373291,-0.001654839491325264
2017-08-24,16.812999725341797,-0.005516216269104871
2017-08-25,16.594999313354492,-0.013050976565442423
2017-08-28,16.711999893188477,0.007025614067670545
2017-08-29,16.881000518798828,0.010061741989000623
2017-08-30,16.4689998626709,0.034239113809831266
2017-08-31,16.47100067138672,0.0001145282591543468
2017-09-01,16.474000930786133,0.0001717132218760272
2017-09-05,16.45199966430664,-0.0012598791166940455
2017-09-06,16.924999237060547,0.026742107896686976
2017-09-07,16.899999618530273,-0.0013956523872614955
2017-09-08,16.642000198364258,-0.01451825745511155
2017-09-11,18.173999786376953,0.02970955543839364
2017-09-12,18.514999389648438,0.018589191881494476
2017-09-13,18.36400032043457,-0.008188937564290517
2017-09-14,18.26300048828125,-0.005515061890040826
2017-09-15,18.235000610351562,-0.0015343242139214668
2017-09-18,18.461999893188477,0.012371702050405286
2017-09-19,18.56800079345703,0.005725151922153331
2017-09-20,18.551000595092773,-0.0009159836696542635
2017-09-21,18.878000259399414,0.01747350860860467
2017-09-22,18.735000610351562,-0.0076037718197878934
2017-09-25,16.854999542236328,-0.04810990941522672
2017-09-26,16.937999725341797,0.004637796975713196
2017-09-27,18.19700050354004,0.014335420618419227
2017-09-28,18.06999969482422,-0.007003685287097041
2017-09-29,18.135000228881836,0.0035906976402610563
2017-10-02,16.701000213623047,-0.024222638128429404
2017-10-03,16.91900062561035,0.012240490104082093
2017-10-04,18.44499969482422,0.028931677171944007
2017-10-05,19.43899917602539,0.05248800048880691
2017-10-06,19.802000045776367,0.01850163001975791
2017-10-09,19.687000274658203,-0.005824411622829948
2017-10-10,19.507999420166016,-0.009133925264273656
2017-10-11,19.4950008392334,-0.0006665426417156178
2017-10-12,19.586000442504883,0.004656982408311976
2017-10-13,19.948999404907227,0.018363939044046408
2017-10-16,20.26799964904785,0.01586428336251811
2017-10-17,19.947999954223633,-0.015914384908993218
2017-10-18,19.554000854492188,-0.01994897260651352
2017-10-19,19.51300048828125,-0.002098977646334682
2017-10-20,19.416000366210938,-0.0049834478506463
2017-10-23,19.246999740600586,-0.008742296330004784
2017-10-24,19.601999282836914,0.018276374305175185
2017-10-25,19.37700080871582,-0.01154472780645971
2017-10-26,19.520999908447266,0.007403967036687832
2017-10-27,19.95400047302246,0.02193884370596573
2017-10-30,19.836999893188477,-0.005880772835449146
2017-10-31,19.64299964904785,-0.009827852475897842
2017-11-01,19.799999237060547,0.007960876282578968
2017-11-02,19.93199920654297,0.006644541442764625
2017-11-03,20.000999450683594,0.0034558042286273413
2017-11-06,20.01300048828125,0.0005998419541062918
2017-11-07,19.589000701904297,-0.021413866760875522
2017-11-08,19.643999099731445,0.002803682314993962
2017-11-09,19.389999389648438,-0.013014464570896184
2017-11-10,19.20199966430664,-0.00974301498368983
2017-11-13,19.507999420166016,0.015810185331699703
2017-11-14,19.570999145507812,0.003224226936766678
2017-11-15,19.211999893188477,-0.018513756818737796
2017-11-16,19.551000595092773,0.017491388213371165
2017-11-17,19.31999969482422,-0.011885653467799786
2017-11-20,19.40999984741211,0.00464757633109191
2017-11-21,19.62299919128418,0.01091391711491914
2017-11-22,19.631999969482422,0.0004585799795391886
2017-11-24,19.575000762939453,-0.002907605562012615
2017-11-27,19.5049991607666,-0.0035824809200204048
2017-11-28,19.917999267578125,0.020953008805547572
2017-11-29,18.815000534057617,-0.05696935630751583
2017-11-30,18.757999420166016,-0.003034155254617005
2017-12-01,18.68199920654297,-0.004059846196538981
2017-12-04,18.40399932861328,-0.014992455166173466
2017-12-05,18.42099952697754,0.0009232966789008962
2017-12-06,18.530000686645508,0.005899784861506164
2017-12-07,18.520000457763672,-0.0005398234178566133
2017-12-08,18.854000091552734,0.01787384389454325
2017-12-11,18.621999740600586,-0.01238143429322821
2017-12-12,18.572999954223633,-0.002634752796076939
2017-12-13,18.785999298095703,0.011402963468632435
2017-12-14,18.95599937438965,0.009008596892887634
2017-12-15,19.011999130249023,0.002949841902235776
2017-12-18,19.04199981689453,0.001576743243337815
2017-12-19,18.70199966430664,-0.01801660418396771
2017-12-20,18.881999969482422,0.00957863363044083
2017-12-21,18.86199951171875,-0.0010597954594409043
2017-12-22,18.993999481201172,0.006973822272275569
2017-12-26,18.775999069213867,-0.011543703531397881
2017-12-27,18.624000549316406,-0.008128307931426673
2017-12-28,19.270999908447266,0.03415026942087127
2017-12-29,19.195999145507812,-0.0038994909830571745
2018-01-02,20.10700035095215,0.04636615111581435
2018-01-03,20.5049991607666,0.019600687318052364
2018-01-04,20.562999725341797,0.002824613066678513
2018-01-05,20.999000549316406,0.02098151271868229
2018-01-08,21.204999923706055,0.00976215562748103
2018-01-09,20.930999755859375,-0.013005697367491256
2018-01-10,21.25200080871582,0.01521974468118925
2018-01-11,21.724000930786133,0.021966636376251254
2018-01-12,22.12299919128418,0.01820007175383621
2018-01-16,22.152999877929688,0.0013551672177926312
2018-01-17,21.75,-0.018359164455516556
2018-01-18,22.033000946044922,0.012927614884993091
2018-01-19,22.04599952697754,0.0005897856652792447
2018-01-22,22.757999420166016,0.031785548371602475
2018-01-23,25.02899932861328,0.09511841930712653
2018-01-24,26.1299991607666,0.04304892165120674
2018-01-25,26.969999313354492,0.03164106427713368
2018-01-26,26.459999084472656,0.01800525530739109
2018-01-29,28.458999633789062,0.03573407514250754
2018-01-30,26.8799991607666,-0.020554886351239116
2018-01-31,26.030000686645508,-0.030962170099248953
2018-02-01,26.506999969482422,-0.019538537788893154
2018-02-02,26.743000030517578,0.0088639100928429
2018-02-05,25.426000595092773,-0.050500462062573054
2018-02-06,26.57200050354004,0.044085752820196514
2018-02-07,26.45599937438965,-0.0043750967207283175
2018-02-08,25.010000228881836,-0.05620719799114988
2018-02-09,24.94700050354004,-0.002522159369648613
2018-02-12,25.795000076293945,0.03342708298282414
2018-02-13,25.82699966430664,0.0012397656918428192
2018-02-14,26.600000381469727,0.02949078678246153
2018-02-15,28.027000427246094,0.052257116380152506
2018-02-16,26.851999282836914,-0.006263595177542495
2018-02-20,26.854999542236328,0.0001077157077421329
2018-02-21,28.104000091552734,0.008899451182194174
2018-02-22,26.81399917602539,-0.010372456789203613
2018-02-23,28.593000411987305,0.027622485600312448
2018-02-26,29.416000366210938,0.028376809416074473
2018-02-27,29.06100082397461,-0.012141658982714867
2018-02-28,29.13800048828125,0.0026460835237106886
2018-03-01,29.038999557495117,-0.0034034421256618676
2018-03-02,30.104999542236328,0.03605151684715766
2018-03-05,31.5,0.045296290120745916
2018-03-06,32.52199935913086,0.03192921786623195
2018-03-07,32.11600112915039,-0.012562380216882206
2018-03-08,31.700000762939453,-0.013037678530211854
2018-03-09,33.14400100708008,0.04454503020936395
2018-03-12,32.130001068115234,-0.03107152878877365
2018-03-13,31.58799934387207,-0.017012925507411288
2018-03-14,32.154998779296875,0.017790640759832513
2018-03-15,32.10900115966797,-0.0014315208367873759
2018-03-16,31.844999313354492,-0.008256038525734213
2018-03-19,31.347999572753906,-0.015729906699731185
2018-03-20,31.75,0.012742269777216694
2018-03-21,31.648000717163086,-0.0032177472377861037
2018-03-22,30.670000076293945,-0.031389997487178724
2018-03-23,30.0939998626709,-0.018959168840387782
2018-03-26,32.03499984741211,0.06250323855447494
2018-03-27,30.069000244140625,-0.06333430149763782
2018-03-28,28.57699966430664,-0.050892562094467485
2018-03-29,29.53499984741211,0.032973808857139505
2018-04-02,28.02899932861328,-0.052336331067217634
2018-04-03,28.367000579833984,0.011986853638294638
2018-04-04,28.893999099731445,0.018407411785624973
2018-04-05,29.39699935913086,0.01725867657173687
2018-04-06,28.885000228881836,-0.017570169364167984
2018-04-09,28.993000030517578,0.003731985434910879
2018-04-10,29.80699920654297,0.027688816043828727
2018-04-11,30.367000579833984,0.018613272944310567
2018-04-12,30.924999237060547,0.018208382027735722
2018-04-13,31.165000915527344,0.007730806029679099
2018-04-16,30.777999877929688,-0.012495554562088155
2018-04-17,33.60599899291992,0.08790444741297464
2018-04-18,33.45199966430664,-0.004593027004276375
2018-04-19,33.27000045776367,-0.005455461694765708
2018-04-20,32.777000427246094,-0.014929040845993424
2018-04-23,31.868999481201172,-0.02809332875656419
2018-04-24,30.70199966430664,-0.037305946069795044
2018-04-25,30.576000213623047,-0.004112393632542708
2018-04-26,31.398000717163086,0.026528824974626827
2018-04-27,31.176000595092773,-0.007095632334591581
2018-04-30,31.246000289916992,0.0022427901436652825
2018-05-01,31.329999923706055,0.0026847252606854743
2018-05-02,31.336000442504883,0.00019150795589639448
2018-05-03,31.16900062561035,-0.0053435792789182325
2018-05-04,32.00899887084961,0.026593046774424357
2018-05-07,32.625999450683594,0.019092421697011776
2018-05-08,32.68899917602539,0.0019291049897853581
2018-05-09,33.029998779296875,0.010377597778163912
2018-05-10,32.959999084472656,-0.0021215251809427026
2018-05-11,32.645999908447266,-0.009572343336914394
2018-05-14,32.85300064086914,0.0063207505414697275
2018-05-15,32.612998962402344,-0.007332134394393471
2018-05-16,32.819000244140625,0.006296673336158642
2018-05-17,32.52199935913086,-0.009090859712850128
2018-05-18,32.417999267578125,-0.0032029622008975366
2018-05-21,33.18199920654297,0.023293734811968864
2018-05-22,33.1619987487793,-0.0006029319602666539
2018-05-23,34.47200012207031,0.0387427995060567
2018-05-24,34.92900085449219,0.013170050331996482
2018-05-25,35.12900161743164,0.005709592029701422
2018-05-29,34.972999572753906,-0.004450723218984212
2018-05-30,35.354000091552734,0.010835219705897422
2018-05-31,35.15999984741211,-0.00550247422613041
2018-06-01,35.99300003051758,0.0234154074756076
2018-06-04,36.180999755859375,0.0052096364645345325
2018-06-05,36.58000183105469,0.010967580601584532
2018-06-06,36.744998931884766,0.00450043989363101
2018-06-07,36.13999938964844,-0.016601864636969315
2018-06-08,36.05699920654297,-0.00229927064241951
2018-06-11,36.14500045776367,0.002437641483777229
2018-06-12,36.382999420166016,0.006562977527941855
2018-06-13,36.99300003051758,0.04330031638961985
2018-06-14,39.2869987487793,0.033491710465778146
2018-06-15,39.198001861572266,-0.0022678709220686423
2018-06-18,39.040000915527344,-0.004038987582279384
2018-06-19,40.49800109863281,0.036665832309253694
2018-06-20,41.67599868774414,0.02867277475769618
2018-06-21,41.54399871826172,-0.003172316373380574
2018-06-22,41.10900115966797,-0.010525971847707143
2018-06-25,38.448001861572266,-0.06692037642972765
2018-06-26,39.93899917602539,0.038046542075028375
2018-06-27,39.03900146484375,-0.022792085501759467
2018-06-28,39.54199981689453,0.01280220953672823
2018-06-29,39.143001556396484,-0.010141746799089437
2018-07-02,39.81800079345703,0.017097444561757064
2018-07-03,39.051998138427734,-0.01942504759033814
2018-07-05,39.8390007019043,0.019952305923932115
2018-07-06,40.82500076293945,0.024448307926281408
2018-07-09,41.89699935913086,0.02591955247853641
2018-07-10,41.5629997253418,-0.008003868212448527
2018-07-11,41.8650016784668,0.007239853938096045
2018-07-12,41.349998474121094,-0.012377811180603703
2018-07-13,39.58000183105469,-0.043748398131616156
2018-07-16,40.04800033569336,0.011754756635155598
2018-07-17,36.948001861572266,-0.05386189248519152
2018-07-18,36.51300048828125,-0.011529298002154667
2018-07-19,36.42300033569336,-0.02948710013787812
2018-07-20,36.10499954223633,-0.008769105222002494
2018-07-23,36.26599884033203,0.004449284030639855
2018-07-24,35.731998443603516,-0.014834028973012019
2018-07-25,36.2869987487793,0.015412913643019135
2018-07-26,36.308998107910156,0.0006060763886941668
2018-07-27,35.520999908447266,-0.021941524010403664
2018-07-30,33.49599838256836,-0.05869808787387042
2018-07-31,33.744998931884766,0.0074062461132873205
2018-08-01,33.8380012512207,0.0027522417705751192
2018-08-02,34.45000076293945,0.017924551292554096
2018-08-03,34.308998107910156,-0.0041013643304139554
2018-08-06,35.09199905395508,0.022565502031609386
2018-08-07,35.18299865722656,0.002589815925936464
2018-08-08,34.76100158691406,-0.012066858897907698
2018-08-09,34.93600082397461,0.005021725433344024
2018-08-10,34.58700180053711,-0.010039898791389478
2018-08-13,34.13100051879883,-0.013271863551216567
2018-08-14,33.749000549316406,-0.011255273899445672
2018-08-15,32.63999938964844,-0.03341229213005715
2018-08-16,32.24399948120117,-0.012206548064834176
2018-08-17,31.67799949645996,-0.01770954558692255
2018-08-20,32.77299880981445,0.03398255160662678
2018-08-21,33.801998138427734,0.030914947911911163
2018-08-22,34.444000244140625,0.018814906658772747
2018-08-23,33.91699981689453,-0.0154184657044697
2018-08-24,35.88199996948242,0.0563194179292003
2018-08-27,36.45800018310547,0.015925141986402585
2018-08-28,36.8489990234375,0.010667536590232712
2018-08-29,36.80400085449219,-0.001221896585842502
2018-08-30,36.097999572753906,0.007956490150311319
2018-08-31,36.768001556396484,-0.008935104291262637
2018-09-04,36.36000061035156,-0.011158657900911355
2018-09-05,34.11800003051758,-0.06364418094282528
2018-09-06,34.645999908447266,0.015357171061430249
2018-09-07,34.86800003051758,0.0063872278103316495
2018-09-10,34.840999603271484,-0.0007746611983585029
2018-09-11,35.59299850463867,0.021354104471447113
2018-09-12,36.994998931884766,0.03863379220798308
2018-09-13,36.814998626708984,-0.004877405987439304
2018-09-14,36.45600128173828,-0.009799244398112644
2018-09-17,35.03499984741211,-0.03975853165288244
2018-09-18,36.76499938964844,0.048198731579557334
2018-09-19,36.69599914550781,-0.001878555037588935
2018-09-20,36.5359992980957,-0.004369677337775638
2018-09-21,36.11899948120117,-0.011479028362257537
2018-09-24,36.96099853515625,0.023044234743244713
2018-09-25,36.94300079345703,-0.0004870573235146288
2018-09-26,36.78799819946289,0.022615338529639584
2018-09-27,38.07099914550781,0.0074612707483735895
2018-09-28,36.41299819946289,-0.017434625526133715
2018-10-01,38.143001556396484,0.01932410597977971
2018-10-02,36.7140007019043,-0.011310898544552625
2018-10-03,36.70500183105469,-0.0002386366987121398
2018-10-04,36.3650016784668,-0.03618594045464933
2018-10-05,35.1349983215332,-0.03440908289038016
2018-10-08,34.90999984741211,-0.006424420126177703
2018-10-09,35.57099914550781,0.018757358375833543
2018-10-10,32.5890007019043,-0.08755584546408733
2018-10-11,32.11000061035156,-0.01480730254822916
2018-10-12,33.95600128173828,0.05589807951318635
2018-10-15,33.3129997253418,-0.01911790367324322
2018-10-16,34.63999938964844,0.0390613631248742
2018-10-17,36.470001220703125,0.05148097221763493
2018-10-18,34.67100143432617,-0.050586394260985004
2018-10-19,33.266998291015625,-0.041337780763609236
2018-10-22,32.95399856567383,-0.009453257157288189
2018-10-23,33.316001892089844,0.010925212755181673
2018-10-24,30.183000564575195,-0.09875894818222426
2018-10-25,31.28700065612793,0.035923826095353766
2018-10-26,29.982999801635742,-0.042572149015086935
2018-10-29,28.483999252319336,-0.0512880478926297
2018-10-30,28.58099937438965,0.003399639632989834
2018-10-31,30.17799949645996,0.05437102590207082
2018-11-01,31.738000869750977,0.050401563138946066
2018-11-02,30.90999984741211,-0.026434977337236147
2018-11-05,31.54400062561035,0.020303665200765778
2018-11-06,31.083999633789062,-0.014690210842605479
2018-11-07,32.75,0.052209756515597575
2018-11-08,31.79199981689453,-0.029688282031282435
2018-11-09,30.347000122070312,-0.04651701019513254
2018-11-12,29.406999588012695,-0.03146494262212563
2018-11-13,29.440000534057617,0.0011215847684991796
2018-11-14,28.67300033569336,-0.02639838687710631
2018-11-15,29.006000518798828,0.011546797899859325
2018-11-16,28.621000289916992,-0.013361998775577786
2018-11-19,26.059999465942383,-0.05608412124180662
2018-11-20,26.697999954223633,-0.013467948487646472
2018-11-21,26.21299934387207,-0.01833320863459718
2018-11-23,25.881999969482422,-0.01270770066397025
2018-11-26,26.14299964904785,0.010033709607351837
2018-11-27,26.663000106811523,0.01969538573003747
2018-11-28,28.264999389648438,0.05834742797559146
2018-11-29,28.875,0.02135190030860303
2018-11-30,28.613000869750977,-0.00911497843904031
2018-12-03,29.030000686645508,0.014468611286583546
2018-12-04,26.533000946044922,-0.052944482081092814
2018-12-06,28.288000106811523,0.027052370622684577
2018-12-07,26.513999938964844,-0.06476479715643219
2018-12-10,26.969999313354492,0.017052218617374024
2018-12-11,26.531999588012695,-0.016373575556665333
2018-12-12,26.488000869750977,0.03539804130759033
2018-12-13,26.601999282836914,0.004138630440601353
2018-12-14,26.68400001525879,-0.033824072464459
2018-12-17,26.280000686645508,-0.015255915674628986
2018-12-18,26.0939998626709,0.030504076345455086
2018-12-19,26.677000045776367,-0.015510523426942644
2018-12-20,26.058000564575195,-0.023476928216147143
2018-12-21,24.638999938964844,-0.05599429349784984
2018-12-24,23.38800048828125,-0.05210745975813793
2018-12-26,25.367000579833984,0.0812260483846175
2018-12-27,25.55699920654297,0.007462081106781143
2018-12-28,25.607999801635742,0.001993574239129875
2018-12-31,26.766000747680664,0.0442276583867745
2019-01-02,26.766000747680664,0.0
2019-01-03,26.1200008392334,0.013139040709225528
2019-01-04,29.756999969482422,0.09279290338902808
2019-01-07,31.534000396728516,0.058001943989859694
2019-01-08,32.027000427246094,0.015512968986712613
2019-01-09,31.996000289916992,-0.0009684063353650574
2019-01-10,32.465999603271484,0.014582471621224093
2019-01-11,33.75899887084961,0.039053639319742484
2019-01-14,33.29399871826172,-0.013869852914337679
2019-01-15,35.4640007019043,0.06314095516053211
2019-01-16,35.138999938964844,-0.009206494215891063
2019-01-17,35.319000244140625,0.005109446657729998
2019-01-18,33.90999984741211,-0.04071111803885694
2019-01-22,32.51599884033203,-0.04197771141796508
2019-01-23,32.19900131225586,-0.009796803297742364
2019-01-24,32.66699981689453,0.014429951504771917
2019-01-25,33.80500030517578,0.03424334114335367
2019-01-28,33.566001892089844,-0.007095023314951116
2019-01-29,32.88999938964844,-0.020345064611618214
2019-01-30,34.066001892089844,0.035131233336662925
2019-01-31,33.95000076293945,-0.003410998503120409
2019-02-01,33.98500061035156,0.0010303922808929452
2019-02-04,35.13399887084961,0.03325002169475402
2019-02-05,35.58100128173828,0.01264253309039306
2019-02-06,35.21900177001953,-0.010226063579245211
2019-02-07,34.47100067138672,-0.021467349645144376
2019-02-08,34.75699996948242,0.008262579376815824
2019-02-11,34.573001861572266,-0.005307905237130694
2019-02-12,35.99700164794922,0.04036256297205885
2019-02-13,35.176998138427734,-0.023043240402311194
2019-02-14,35.90700149536133,0.020539897176509326
2019-02-15,35.6870002746582,-0.006145819698231184
2019-02-19,36.19200134277344,0.01405165252858779
2019-02-20,35.99100112915039,-0.0055691984610652815
2019-02-21,35.696998596191406,-0.008202326258581057
2019-02-22,36.301998138427734,0.016806172576176483
2019-02-25,36.39099884033203,0.0024486745649249246
2019-02-26,36.49700164794922,0.002908651126145827
2019-02-27,36.2869987487793,-0.005770594657584442
2019-02-28,35.810001373291016,-0.013232293565401124
2019-03-01,35.731998443603516,-0.0021806200776180243
2019-03-04,35.104000091552734,-0.017731515581232163
2019-03-05,35.43000030517578,0.009243840790003328
2019-03-06,35.96099853515625,0.01487604966797282
2019-03-07,35.2599983215332,-0.019685847791690764
2019-03-08,34.959999084472656,-0.008544604767666636
2019-03-11,35.88600158691406,0.02614276691197209
2019-03-12,35.62699890136719,-0.00724354498465711
2019-03-13,36.12099838256836,0.013770622353400803
2019-03-14,35.88199996948242,-0.00663859273350253
2019-03-15,36.145999908447266,0.00733051373389307
2019-03-18,36.34400177001953,0.005462887278349588
2019-03-19,35.87799835205078,-0.012904928814065002
2019-03-20,36.52199935913086,0.04480316219672346
2019-03-21,36.7869987487793,0.00703768447512142
2019-03-22,36.10100173950195,-0.04564448104620391
2019-03-25,36.62300109863281,0.014355874365579637
2019-03-26,35.99700164794922,-0.01724084090555002
2019-03-27,35.33700180053711,-0.018505022832477035
2019-03-28,35.46099853515625,0.0035028351313970627
2019-03-29,35.65599822998047,0.005483926273228783
2019-04-01,36.69599914550781,0.028750348006475135
2019-04-02,36.77199935913086,0.0020689345641583512
2019-04-03,36.974998474121094,0.00550529875568325
2019-04-04,36.78799819946289,-0.005070311232157222
2019-04-05,36.54899978637695,-0.00651783590131088
2019-04-08,36.14099884033203,-0.011225897330039343
2019-04-09,36.47100067138672,0.00908951978504822
2019-04-10,36.391998291015625,-0.002168519343288542
2019-04-11,36.76499938964844,0.010197365739495114
2019-04-12,35.11399841308594,-0.04594642289294103
2019-04-15,34.887001037597656,-0.006485569433128839
2019-04-16,35.94599914550781,0.029903491837605305
2019-04-17,35.4739990234375,-0.013217782303861714
2019-04-18,36.03499984741211,0.0156906778875393
2019-04-22,36.73400115966797,0.046070891380159226
2019-04-23,38.18899917602539,0.011985918931090241
2019-04-24,36.42300033569336,-0.020261996819024228
2019-04-25,36.83300018310547,-0.015891310187967026
2019-04-26,36.48500061035156,0.01754668179135302
2019-04-29,36.18299865722656,-0.008089237769764139
2019-04-30,36.05400085449219,-0.0034753002792678863
2019-05-01,36.88100051879883,0.02207334963159428
2019-05-02,36.90599822998047,0.00065968338899529
2019-05-03,38.50299835205078,0.015626753326214306
2019-05-06,36.867000579833984,-0.016656081825871118
2019-05-07,36.04600143432617,-0.021919613291512822
2019-05-08,36.4370002746582,-0.016575672990442433
2019-05-09,36.275001525878906,-0.004455908593073057
2019-05-10,36.104000091552734,-0.004725175773946171
2019-05-13,34.5260009765625,-0.04469097338130587
2019-05-14,34.56100082397461,0.0010132108643934178
2019-05-15,35.499000549316406,0.02677864000107533
2019-05-16,35.930999755859375,0.012095883294103302
2019-05-17,35.44499969482422,-0.013618235141631437
2019-05-20,34.81100082397461,-0.01804873823927686
2019-05-21,35.426998138427734,0.017540736282679836
2019-05-22,35.972999572753906,0.015294456448007383
2019-05-23,35.22100067138672,-0.021126130502903278
2019-05-24,35.43899917602539,0.006170370698340621
2019-05-28,35.50600051879883,0.0018888255121994536
2019-05-29,34.91899871826172,-0.016670653925179305
2019-05-30,35.185001373291016,0.007588837478084698
2019-05-31,34.327999114990234,-0.024658572540858226
2019-06-03,33.66299819946289,-0.019562064044523153
2019-06-04,35.34000015258789,0.04861621334554894
2019-06-05,35.573001861572266,0.006571504262242448
2019-06-06,35.7130012512207,0.00392782772285463
2019-06-07,36.08700180053711,0.010417936380027774
2019-06-10,35.20100021362305,-0.02485824221429159
2019-06-11,35.12699890136719,-0.0021044631014189206
2019-06-12,34.555999755859375,-0.016388844827109304
2019-06-13,34.34299850463867,-0.0061830196426562335
2019-06-14,33.972999572753906,-0.010832090874303325
2019-06-17,35.0620002746582,0.03155185185057674
2019-06-18,35.71200180053711,0.01836888641192718
2019-06-19,36.35200119018555,0.017762438662154812
2019-06-20,36.520999908447266,0.004638179262061509
2019-06-21,36.92100143432617,0.010893098605500964
2019-06-24,36.104000091552734,0.004944249273810831
2019-06-25,36.029998779296875,-0.029372892100823878
2019-06-26,36.220001220703125,0.00525959527791279
2019-06-27,36.00199890136719,0.021360449388509083
2019-06-28,36.731998443603516,-0.007323668166639886
2019-07-01,36.459999084472656,0.019625405196213506
2019-07-02,36.542999267578125,0.002213250638250386
2019-07-03,38.172000885009766,0.01661536252573558
2019-07-05,38.05500030517578,-0.0030697960011065177
2019-07-08,36.61600112915039,-0.011602967923154312
2019-07-09,36.99300003051758,0.009972411218934048
2019-07-10,38.099998474121094,0.002812309048870246
2019-07-11,36.95000076293945,-0.003944718137894239
2019-07-12,36.32500076293945,-0.016606160079750482
2019-07-15,36.65999984741211,-0.01797712561638039
2019-07-16,36.5989990234375,-0.0016653473023938803
2019-07-17,36.24399948120117,-0.00974705490116737
2019-07-18,32.520999908447266,-0.1083878043466093
2019-07-19,31.510000228881836,-0.03158106866617641
2019-07-22,31.062000274658203,-0.014319747042890503
2019-07-23,30.729999542236328,-0.010745854743995701
2019-07-24,31.79400062561035,0.034038251169592845
2019-07-25,32.645999908447266,0.02644472151176035
2019-07-26,33.577999114990234,0.02814873032993788
2019-07-29,33.27000045776367,-0.009214960467934543
2019-07-30,32.59299850463867,-0.020558608279470845
2019-07-31,32.29899978637695,-0.009061232126862316
2019-08-01,31.950000762939453,-0.010864058680391784
2019-08-02,31.882999420166016,-0.0020992705085811276
2019-08-05,30.76300048828125,-0.035760249181224925
2019-08-06,31.010000228881836,0.007997055480355078
2019-08-07,30.429000854492188,-0.018913611349786367
2019-08-08,31.59000015258789,0.03744449050077772
2019-08-09,30.89299964904785,-0.02231100998106124
2019-08-12,31.08300018310547,0.0061314421653882265
2019-08-13,31.22800064086914,0.0046540969517242575
2019-08-14,29.910999298095703,-0.04308886652953053
2019-08-15,29.576000213623047,-0.011263053393592019
2019-08-16,30.280000686645508,0.023524222388601652
2019-08-19,30.937999725341797,0.021497741690991966
2019-08-20,29.89900016784668,-0.0341601523016897
2019-08-21,29.7810001373291,-0.003954429748092325
2019-08-22,29.69300079345703,-0.0029592563713158144
2019-08-23,29.143999099731445,-0.018662325699772307
2019-08-26,29.49799919128418,0.01207340820545039
2019-08-27,29.10300064086914,-0.013481153353375576
2019-08-28,29.177000045776367,0.0025394455663196778
2019-08-29,29.67799949645996,0.017025284382856505
2019-08-30,29.375,-0.010262041152833414
2019-09-03,28.929000854492188,-0.015299390730402505
2019-09-04,29.152000427246094,0.007678953999434356
2019-09-05,29.325000762939453,0.00591688482287449
2019-09-06,29.017000198364258,-0.010558548589208818
2019-09-09,29.43400001525879,0.01426859729330743
2019-09-10,28.798999786376953,-0.021809812361204804
2019-09-11,28.82699966430664,0.0009717794190150694
2019-09-12,28.88599967956543,0.0020446012677614264
2019-09-13,29.415000915527344,0.018147741855025056
2019-09-16,29.429000854492188,0.00047583232981718076
2019-09-17,29.860000610351562,0.014539200780742978
2019-09-18,29.1560001373291,-0.023859084321369458
2019-09-19,28.65999984741211,-0.01715831115416117
2019-09-20,26.075000762939453,-0.05689159601015784
2019-09-23,26.591999053955078,-0.018000437969057554
2019-09-24,25.458999633789062,-0.043541082420914694
2019-09-25,26.475000381469727,0.03913160522032296
2019-09-26,26.33099937438965,-0.005453977377517556
2019-09-27,26.308000564575195,-0.0008738316193155494
2019-09-30,26.761999130249023,0.017109841484006554
2019-10-01,26.95800018310547,0.007297167725007104
2019-10-02,26.80299949645996,-0.005766303344561513
2019-10-03,26.815000534057617,0.00044764958749801323
2019-10-04,26.27899932861328,0.017155698448768658
2019-10-07,26.445999145507812,0.006103255913829978
2019-10-08,26.07200050354004,-0.013720404690019174
2019-10-09,26.753000259399414,-0.011853375741319607
2019-10-10,28.04800033569336,0.04727071386488564
2019-10-11,28.292999267578125,0.008697058195412645
2019-10-14,28.55299949645996,0.009147593412635999
2019-10-15,28.424999237060547,-0.004492978959297173
2019-10-16,28.628000259399414,0.007116256141228304
2019-10-17,29.334999084472656,0.024396042231046796
2019-10-18,26.530000686645508,-0.06350496707220248
2019-10-21,26.80500030517578,0.009939527518865194
2019-10-22,26.66900062561035,-0.04171400597889378
2019-10-23,26.12700080871582,0.017027706037398387
2019-10-24,26.149999618530273,0.0008474606558901892
2019-10-25,26.68199920654297,0.019405321481731533
2019-10-28,28.18600082397461,0.01804307619156418
2019-10-29,28.121000289916992,-0.0023087915053411
2019-10-30,29.145000457763672,0.035766748706486454
2019-10-31,28.740999221801758,-0.013958739523415557
2019-11-01,28.680999755859375,-0.002089773565747695
2019-11-04,29.285999298095703,0.020874688051063392
2019-11-05,28.80299949645996,-0.016630031264446947
2019-11-06,28.858999252319336,0.0019423459013012646
2019-11-07,28.957000732421875,0.0033901194821008376
2019-11-08,29.156999588012695,0.0068830107746907605
2019-11-11,29.417999267578125,0.008911699940604246
2019-11-12,29.201000213623047,-0.007403744421300186
2019-11-13,28.31100082397461,-0.030952511767082053
2019-11-14,28.961999893188477,0.022734171406719263
2019-11-15,29.503000259399414,0.01850733966433503
2019-11-18,30.256999969482422,0.02523559977416086
2019-11-19,30.260000228881836,9.915426713285484e-05
2019-11-20,30.516000747680664,0.008424444805198446
2019-11-21,31.16900062561035,0.021172870476656554
2019-11-22,31.04800033569336,-0.003889626327224364
2019-11-25,31.55500030517578,0.016197659828754696
2019-11-26,31.249000549316406,-0.009744671458349615
2019-11-27,31.593000411987305,0.010948196857944376
2019-11-29,31.465999603271484,-0.00402800489696475
2019-12-02,30.999000549316406,-0.014952621589283469
2019-12-03,30.615999221801758,-0.012432240915406914
2019-12-04,30.43199920654297,-0.006028062415511522
2019-12-05,30.285999298095703,-0.004809123931267729
2019-12-06,30.735000610351562,0.014716553858894116
2019-12-09,30.25,-0.01590590574064046
2019-12-10,29.312000274658203,-0.0314991866149682
2019-12-11,29.89299964904785,0.019627329673212197
2019-12-12,29.8439998626709,-0.0016405175273913328
2019-12-13,29.850000381469727,0.00020104261046330641
2019-12-16,30.42099952697754,0.018948291233259616
2019-12-17,31.54800033569336,0.03637706232503606
2019-12-18,32.08000183105469,0.016722633899614675
2019-12-19,33.22200012207031,0.03497947066719019
2019-12-20,33.689998626708984,0.013988705912622834
2019-12-23,33.310001373291016,-0.011343323222712481
2019-12-24,33.31999969482422,0.0003001147065276835
2019-12-26,33.26300048828125,-0.0017121253265862902
2019-12-27,32.909000396728516,-0.010699494165153213
2019-12-30,32.33100128173828,-0.017719626720910733
2019-12-31,32.356998443603516,0.0008037708191700241
2020-01-02,32.98099899291992,0.019101274797297528
2020-01-03,32.59000015258789,-0.011926110012005595
2020-01-06,33.58300018310547,0.03001449447192089
2020-01-07,33.07500076293945,-0.015242258935465866
2020-01-08,33.92599868774414,0.025403910325612396
2020-01-09,33.566001892089844,-0.010667937138360098
2020-01-10,32.904998779296875,-0.01988912144494268
2020-01-13,33.891998291015625,0.029554363101517118
2020-01-14,33.86899948120117,-0.0006788214888722782
2020-01-15,33.90700149536133,0.001121400424781998
2020-01-16,33.86199951171875,-0.0013280995614086358
2020-01-17,33.96699905395508,0.003096009916922606
2020-01-21,33.81100082397461,-0.004603219502593546
2020-01-22,32.599998474121094,-0.0364739761340691
2020-01-23,34.959999084472656,0.0698922830329218
2020-01-24,35.316001892089844,0.010131648015848487
2020-01-27,34.28799819946289,-0.029540786396274735
2020-01-28,34.85200119018555,0.016315172299690567
2020-01-29,34.316001892089844,-0.015498785670779098
2020-01-30,34.77399826049805,0.013258158234568428
2020-01-31,34.50899887084961,-0.007649804221013578
2020-02-03,35.79999923706055,0.036727745233975075
2020-02-04,36.9010009765625,0.030290805319172887
2020-02-05,36.96699905395508,0.0017869197738330789
2020-02-06,36.69499969482422,-0.0073850995080258245
2020-02-07,36.676998138427734,-0.0004906928334865659
2020-02-10,36.106998443603516,0.0116557842705175
2020-02-11,36.36899948120117,0.007035880706010955
2020-02-12,38.000999450683594,0.016770990890772032
2020-02-13,38.13999938964844,0.0036511234550572025
2020-02-14,38.040000915527344,-0.0026253224246678805
2020-02-18,38.77799987792969,0.01921481061620658
2020-02-19,38.61899948120117,-0.004108702449051157
2020-02-20,38.599998474121094,-0.0004921329715924419
2020-02-21,38.00699996948242,-0.015481884455163115
2020-02-24,36.869998931884766,-0.030372169208791953
2020-02-25,36.00899887084961,-0.02362930742242021
2020-02-26,36.92399978637695,0.0518152755689201
2020-02-27,36.17100143432617,-0.02005522547154752
2020-02-28,36.90299987792969,-0.007236080704352145
2020-03-02,38.10499954223633,0.032052649857974604
2020-03-03,36.87699890136719,-0.03275747441934856
2020-03-04,38.37900161743164,0.0399224564611555
2020-03-05,36.27799987792969,-0.02910714011165183
2020-03-06,36.89699935913086,-0.010273107475774392
2020-03-09,34.64899826049805,-0.06286141457217666
2020-03-10,36.41299819946289,0.04965698930479484
2020-03-11,34.992000579833984,-0.03980632378697697
2020-03-12,31.524999618530273,-0.10433861075444795
2020-03-13,33.630001068115234,0.06463768776252701
2020-03-16,29.884000778198242,-0.1180953113587774
2020-03-17,31.975000381469727,0.06763111324096954
2020-03-18,31.547000885009766,-0.013475834038547642
2020-03-19,33.202999114990234,0.05116168127475585
2020-03-20,33.28300094604492,0.002406577913934056
2020-03-23,36.027000427246094,0.07922188466041068
2020-03-24,35.731998443603516,-0.00822206692361401
2020-03-25,34.23899841308594,-0.04268130339066588
2020-03-26,36.29899978637695,0.05842488790545657
2020-03-27,35.71200180053711,-0.0163033696197749
2020-03-30,36.09600067138672,0.03802234801067773
2020-03-31,36.54999923706055,0.012164192704394113
2020-04-01,36.40800094604492,-0.03088480119330735
2020-04-02,36.007999420166016,0.01634553312240751
2020-04-03,36.17599868774414,-0.022738210559879776
2020-04-06,36.99599838256836,0.049084969198061344
2020-04-07,36.22800064086914,-0.02041966492129206
2020-04-08,36.11199951171875,-0.003120829245693223
2020-04-09,36.071998596191406,-0.0010784244695442868
2020-04-13,39.672000885009766,0.06778374167206945
2020-04-14,41.35499954223633,0.04154765057974094
2020-04-15,42.67499923706055,0.031419928727858044
2020-04-16,43.91699981689453,0.0286882338854291
2020-04-17,42.29600143432617,-0.0376089318432561
2020-04-20,43.749000549316406,0.033776215110852895
2020-04-21,43.382999420166016,-0.008401122020329024
2020-04-22,42.141998291015625,-0.02902281839368086
2020-04-23,42.66999816894531,0.012451226746297516
2020-04-24,42.499000549316406,-0.004015495120734542
2020-04-27,42.13800048828125,-0.00853060117457286
2020-04-28,40.382999420166016,-0.042541068020911246
2020-04-29,41.18899917602539,0.01976232043954319
2020-04-30,41.98500061035156,0.019141215761657896
2020-05-01,41.527000427246094,-0.010968597788210391
2020-05-04,42.814998626708984,0.03054464801846933
2020-05-05,42.46799850463867,-0.008137660463315996
2020-05-06,43.42599868774414,0.022307493913531314
2020-05-07,43.65299987792969,0.00521369579650001
2020-05-08,43.55500030517578,-0.002247491372341285
2020-05-11,44.051998138427734,0.011346197766646372
2020-05-12,43.18199920654297,-0.019946988665173
2020-05-13,43.82699966430664,0.014826334779971409
2020-05-14,44.19499969482422,0.0083615954487243
2020-05-15,45.41899871826172,0.02731883787431223
2020-05-18,45.257999420166016,-0.0035510541942097803
2020-05-19,45.104000091552734,-0.0034085008862323033
2020-05-20,44.766998291015625,-0.007499713726922249
2020-05-21,43.625,-0.025840842152057286
2020-05-22,42.93199920654297,-0.01601293038502945
2020-05-26,41.47700119018555,-0.03447836470824181
2020-05-27,41.98899841308594,0.012268555995534775
2020-05-28,41.34400177001953,-0.01548029045271397
2020-05-29,41.972999572753906,0.015099193268048015
2020-06-01,42.59199905395508,0.014639875760713685
2020-06-02,42.73099899291992,0.0032582085748130837
2020-06-03,42.196998596191406,-0.012575533376131908
2020-06-04,41.43299865722656,-0.01827146284399102
2020-06-05,41.959999084472656,0.012639129353453663
2020-06-08,41.94900131225586,-0.0002621357000506872
2020-06-09,43.404998779296875,0.03411998771121542
2020-06-10,43.448001861572266,0.0009902498583152875
2020-06-11,42.555999755859375,-0.02074401366133258
2020-06-12,41.80699920654297,-0.01775707927124743
2020-06-15,42.54999923706055,0.017616066443015003
2020-06-16,43.612998962402344,0.024675410170233506
2020-06-17,44.777000427246094,0.02633937701500815
2020-06-18,44.98699951171875,0.004678924016964739
2020-06-19,45.37200164794922,0.008521662726469374
2020-06-22,46.80400085449219,0.03107347659589408
2020-06-23,46.625999450683594,-0.003810373939703293
2020-06-24,45.78499984741211,-0.01820179044683704
2020-06-25,46.590999603271484,0.017450857689678665
2020-06-26,44.34000015258789,-0.049520173287189155
2020-06-29,44.7239990234375,0.008623040820329364
2020-06-30,45.50400161743164,0.01729002127578901
2020-07-01,48.56399917602539,0.06508222898935231
2020-07-02,46.68899917602539,-0.01818175265930326
2020-07-06,49.38100051879883,0.03486499927618752
2020-07-07,49.316001892089844,-0.0013171349588766707
2020-07-08,50.27799987792969,0.019318992882631187
2020-07-09,50.7760009765625,0.009856217981337071
2020-07-10,54.87300109863281,0.07759762304634497
2020-07-13,52.54999923706055,-0.04325636147866443
2020-07-14,52.487998962402344,-0.0011805305303141471
2020-07-15,52.32600021362305,-0.003091168718848174
2020-07-16,52.73899841308594,0.007861806159518283
2020-07-17,49.29899978637695,-0.06745139718091306
2020-07-20,50.24100112915039,0.018927656361080417
2020-07-21,49.0099983215332,-0.024807124221110085
2020-07-22,48.981998443603516,-0.0005714727654507246
2020-07-23,46.757999420166016,-0.025306271889036405
2020-07-24,48.04499816894531,0.005991453598453796
2020-07-27,49.564998626708984,0.031146878160003194
2020-07-28,48.85100173950195,-0.014510027061337041
2020-07-29,48.448001861572266,-0.008283788477540233
2020-07-30,48.58000183105469,0.0027208650264458085
2020-07-31,48.88800048828125,0.006320016314808019
2020-08-03,49.86199951171875,0.019727202232395272
2020-08-04,50.9640007019043,0.021860335078923328
2020-08-05,50.21099853515625,-0.014885417865836935
2020-08-06,50.90800094604492,0.013786003687375507
2020-08-07,49.472999572753906,-0.028593043134426104
2020-08-10,48.3380012512207,-0.02320903087818763
2020-08-11,46.69300079345703,-0.03462374920138443
2020-08-12,46.547000885009766,0.018124436632539306
2020-08-13,48.132999420166016,0.012249286380619664
2020-08-14,48.268001556396484,0.002800846943861987
2020-08-17,48.23500061035156,-0.0006839361800227029
2020-08-18,49.1870002746582,0.01954445524944743
2020-08-19,48.452999114990234,-0.015035128866510185
2020-08-20,49.790000915527344,0.027219941382705594
2020-08-21,49.23099899291992,-0.011290693116890613
2020-08-24,48.88100051879883,-0.007134702392257793
2020-08-25,49.05799865722656,0.0036144606870313644
2020-08-26,54.75299835205078,0.1098288873983631
2020-08-27,52.62699890136719,-0.03960285646297564
2020-08-28,52.388999938964844,-0.004532630694357046
2020-08-31,52.95600128173828,0.010764759818464803
2020-09-01,55.654998779296875,0.0497104947325483
2020-09-02,55.284000396728516,-0.006688356093822687
2020-09-03,52.57500076293945,-0.05024280681775791
2020-09-04,51.60499954223633,-0.01862217795284568
2020-09-08,50.70199966430664,-0.017653207217425155
2020-09-09,50.01900100708008,-0.013562397549559943
2020-09-10,48.06700134277344,-0.039807054473475635
2020-09-11,48.202999114990234,0.002825342516623155
2020-09-14,46.625999450683594,-0.012042422355738769
2020-09-15,49.5989990234375,0.040591833480369696
2020-09-16,48.38600158691406,-0.024760104069597867
2020-09-17,46.02000045776367,-0.02863749563112935
2020-09-18,46.99599838256836,-0.000510595558475871
2020-09-21,48.73500061035156,0.03633501302410148
2020-09-22,49.117000579833984,0.007807748547271343
2020-09-23,46.06100082397461,-0.04276056880946672
2020-09-24,46.30799865722656,0.005234735954362502
2020-09-25,48.28799819946289,0.02050365929274675
2020-09-28,49.064998626708984,0.015962876371265138
2020-09-29,49.347999572753906,0.005751307882160499
2020-09-30,50.00299835205078,0.013185741119812206
2020-10-01,52.750999450683594,0.053499748437864945
2020-10-02,50.305999755859375,-0.0474583696760645
2020-10-05,52.064998626708984,0.03436856217237597
2020-10-06,50.58700180053711,-0.028798249723958644
2020-10-07,53.465999603271484,0.055351268557007574
2020-10-08,53.17900085449219,-0.005382332793812218
2020-10-09,53.944000244140625,0.014282878313473362
2020-10-12,53.98099899291992,0.0006856381837438399
2020-10-13,55.409000396728516,0.026109928450681063
2020-10-14,54.14500045776367,-0.023076401057775517
2020-10-15,54.194000244140625,0.000904564180961854
2020-10-16,53.07899856567383,-0.020788862939212078
2020-10-19,53.071998596191406,-0.00013188702282078678
2020-10-20,52.54199981689453,-0.010036609470467969
2020-10-21,48.904998779296875,-0.07173323050145304
2020-10-22,48.52299880981445,-0.007841727972463089
2020-10-23,48.827999114990234,0.006266012873215697
2020-10-26,48.82400131225586,-8.187856304255007e-05
2020-10-27,48.893001556396484,0.001412246662977332
2020-10-28,48.624000549316406,-0.00551702131077638
2020-10-29,50.42100143432617,0.03629053593787335
2020-10-30,46.57400131225586,-0.05812136230775497
2020-11-02,48.4119987487793,0.017461269929314075
2020-11-03,48.72200012207031,0.006382984936544111
2020-11-04,49.69499969482422,0.019773642311351647
2020-11-05,51.375999450683594,0.0332668083760827
2020-11-06,51.472999572753906,0.0018862633910254974
2020-11-09,46.04999923706055,-0.08984654023021679
2020-11-10,48.02399826049805,0.02048999991214334
2020-11-11,49.07600021362305,0.021669271553810904
2020-11-12,48.676998138427734,-0.008163520256416788
2020-11-13,48.284000396728516,-0.008106349969978846
2020-11-16,46.90999984741211,-0.007776003345298676
2020-11-17,48.0629997253418,0.003188396907996675
2020-11-18,48.17900085449219,0.002410614588758735
2020-11-19,48.46699905395508,0.00595987526048855
2020-11-20,48.82400131225586,0.007338887652075239
2020-11-23,46.6619987487793,-0.02408761367024758
2020-11-24,48.28799819946289,0.013048636848756255
2020-11-25,48.5,0.0043807526454647415
2020-11-27,49.13600158691406,0.013028198051390877
2020-11-30,49.06999969482422,-0.0013441521122090252
2020-12-01,50.45800018310547,0.02789346681892334
2020-12-02,50.3380012512207,-0.0023810267643469166
2020-12-03,49.75199890136719,-0.011709642217791815
2020-12-04,49.83100128173828,0.001586664326238333
2020-12-07,51.577999114990234,0.03445790177824626
2020-12-08,51.26599884033203,-0.0060674660267824275
2020-12-09,49.36000061035156,-0.03788734983466667
2020-12-10,50.10900115966797,0.015060263856388393
2020-12-11,50.321998596191406,0.004241673514982901
2020-12-14,52.242000579833984,0.037444450839723184
2020-12-15,51.97800064086914,-0.005066215707852883
2020-12-16,52.483001708984375,0.009668775733090367
2020-12-17,53.290000915527344,0.015259373290015945
2020-12-18,53.44499969482422,0.0029043685270313197
2020-12-21,52.89099884033203,-0.010419911876472695
2020-12-22,52.733001708984375,-0.0029916921981442807
2020-12-23,51.448001861572266,-0.024669852925071026
2020-12-24,51.39699935913086,-0.0009918324861121885
2020-12-28,51.9119987487793,0.009970160686122793
2020-12-29,53.08700180053711,0.022382157882620504
2020-12-30,52.45899963378906,-0.011900205965202115
2020-12-31,54.073001861572266,0.030303114780542074
2021-01-04,52.2859992980957,-0.03360638452643067
2021-01-05,52.08000183105469,-0.00394760232885789
2021-01-06,50.04899978637695,-0.03977851178544501
2021-01-07,50.888999938964844,0.016644267708948956
2021-01-08,51.040000915527344,0.00296286799166497
2021-01-11,49.90999984741211,-0.022388276549725215
2021-01-12,49.42499923706055,-0.009765026803883041
2021-01-13,50.77899932861328,0.027026516448075223
2021-01-14,50.08599853515625,-0.013741371392910037
2021-01-15,49.79800033569336,-0.005766669352861058
2021-01-19,50.176998138427734,0.007581887953495065
2021-01-20,58.63399887084961,0.15575799657363162
2021-01-21,56.98400115966797,-0.011147583429498325
2021-01-22,56.516998291015625,-0.025625682807372714
2021-01-25,55.678001403808594,-0.014956326559136592
2021-01-26,56.19300079345703,0.009207087048279036
2021-01-27,52.327999114990234,-0.07126062435590287
2021-01-28,53.86000061035156,0.028856514969465917
2021-01-29,53.23899841308594,-0.011596918042512122
2021-02-01,53.90399932861328,0.0124134935358398
2021-02-02,54.816001892089844,0.01677748244985072
2021-02-03,53.94499969482422,-0.016017153312679645
2021-02-04,55.215999603271484,0.02328775582448138
2021-02-05,55.07899856567383,-0.0024842669265422957
2021-02-08,54.79199981689453,-0.005224297690301527
2021-02-09,55.90700149536133,0.02014542812835163
2021-02-10,56.35900115966797,0.008052341687190073
2021-02-11,55.75899887084961,-0.01070315233128395
2021-02-12,55.652000427246094,-0.0019207883813005767
2021-02-16,55.72800064086914,0.0013647014668613817
2021-02-17,55.13399887084961,-0.01071615985690145
2021-02-18,54.821998596191406,-0.005675017628819491
2021-02-19,54.02199935913086,-0.014700188497169387
2021-02-22,53.37799835205078,-0.011992713955617186
2021-02-23,54.6150016784668,0.022909955843126543
2021-02-24,55.340999603271484,0.013205436110539731
2021-02-25,54.66999816894531,-0.01219895772470605
2021-02-26,53.8849983215332,-0.01446296451430665
2021-03-01,55.06399917602539,0.021644015232378775
2021-03-02,54.78200149536133,-0.005134429992003878
2021-03-03,52.06999969482422,-0.050772738826182884
2021-03-04,51.12900161743164,-0.01823707876839395
2021-03-05,51.638999938964844,0.009925317229981627
2021-03-08,49.33300018310547,-0.04568396774747589
2021-03-09,50.64400100708008,0.02622755151543914
2021-03-10,50.45399856567383,-0.003758781893061261
2021-03-11,52.305999755859375,0.036049080926104336
2021-03-12,51.801998138427734,-0.009682359954128746
2021-03-15,52.025001525878906,0.004295678987024585
2021-03-16,52.40299987792969,0.00723943765769069
2021-03-17,52.444000244140625,0.0007820990253059122
2021-03-18,50.479000091552734,-0.03818852826767194
2021-03-19,51.21799850463867,0.014533593541087669
2021-03-22,52.31100082397461,0.02111568618909158
2021-03-23,53.50899887084961,0.022643153195914575
2021-03-24,52.08100128173828,-0.02704961939551197
2021-03-25,50.2859992980957,-0.03507352916874919
2021-03-26,50.80500030517578,0.010268086558071522
2021-03-29,51.39500045776367,0.011546119427009017
2021-03-30,51.3390007019043,-0.0010901894362842762
2021-03-31,52.16600036621094,0.015980237762455655
2021-04-01,53.94200134277344,0.033478471454359386
2021-04-05,54.06700134277344,0.002314622905481055
2021-04-06,54.452999114990234,0.007113884969551286
2021-04-07,54.69900131225586,0.004507523688445108
2021-04-08,55.45800018310547,0.013780529096723991
2021-04-09,55.53099822998047,0.0013154106883468601
2021-04-12,55.27799987792969,-0.004566394354186878
2021-04-13,55.37300109863281,0.001717133025596336
2021-04-14,54.00199890136719,-0.02507106760098958
2021-04-15,54.922000885009766,0.016892950385454658
2021-04-16,54.65399932861328,-0.004891620250196146
2021-04-19,55.444000244140625,0.014351114048062722
2021-04-20,54.957000732421875,-0.008822432155867314
2021-04-21,50.88999938964844,-0.07688464599141735
2021-04-22,50.87799835205078,-0.00023585091422837978
2021-04-23,50.55500030517578,-0.006368719113093986
2021-04-26,51.029998779296875,0.009351812574723064
2021-04-27,50.55500030517578,-0.009351812574723
2021-04-28,50.652000427246094,0.0019168664434195655
2021-04-29,50.900001525878906,0.0048842285111588835
2021-04-30,51.34700012207031,0.008743560920742157
2021-05-03,50.9109992980957,-0.008527518014365248
2021-05-04,50.31800079345703,-0.01171611469765166
2021-05-05,49.608001708984375,-0.01421073624582643
2021-05-06,49.95500183105469,0.006970491341713649
2021-05-07,50.38399887084961,0.008551005108712716
2021-05-10,48.66899871826172,-0.03463139118723047
2021-05-11,49.507999420166016,0.017092010205304917
2021-05-12,48.49800109863281,-0.020611678332931666
2021-05-13,48.66600036621094,0.0034580592083289234
2021-05-14,49.33700180053711,0.013693701311826765
2021-05-17,48.89400100708008,-0.009019632989725251
2021-05-18,48.62799835205078,-0.0054552473586981995
2021-05-19,48.77000045776367,0.0029159163034832443
2021-05-20,50.16699981689453,0.028242057258965374
2021-05-21,49.78900146484375,-0.0075633308479585055
2021-05-24,50.290000915527344,0.010012162869690122
2021-05-25,50.13399887084961,-0.0031068702799244433
2021-05-26,50.236000061035156,0.0020325042619418823
2021-05-27,50.38600158691406,0.0029814878364418213
2021-05-28,50.28099822998047,-0.002086153261865571
2021-06-01,49.90800094604492,-0.007445907440873176
2021-06-02,49.92399978637695,0.0003205152726904716
2021-06-03,48.94300079345703,-0.019845472879128228
2021-06-04,49.4739990234375,0.010790887418943742
2021-06-07,49.465999603271484,-0.00016170245187953393
2021-06-08,49.23899841308594,-0.00459959667607433
2021-06-09,48.58100128173828,-0.013453425840690607
2021-06-10,48.72700119018555,0.0030007813190153073
2021-06-11,48.87699890136719,0.0030736000394827336
2021-06-14,49.98899841308594,0.022496033772418805
2021-06-15,49.189998626708984,-0.01611262659017585
2021-06-16,49.24100112915039,0.0010363098441012336
2021-06-17,49.83399963378906,0.01197084191769704
2021-06-18,50.07699966430664,0.004864339489666221
2021-06-21,49.70000076293945,-0.0075568656871418585
2021-06-22,50.88199996948242,0.023504277382172367
2021-06-23,51.27399826049805,0.007674541325381106
2021-06-24,51.805999755859375,0.010322200799853203
2021-06-25,52.707000732421875,0.01724231998624523
2021-06-28,53.303001403808594,0.011244353155344401
2021-06-29,53.349998474121094,0.0008813080439967542
2021-06-30,52.82099914550781,-0.009965126411183727
2021-07-01,53.354000091552734,0.010040130487644036
2021-07-02,53.39799880981445,0.0008243165693560475
2021-07-06,54.16400146484375,0.014243238372891159
2021-07-07,53.59600067138672,-0.010542057212009905
2021-07-08,53.07600021362305,-0.009749598254125892
2021-07-09,53.597999572753906,0.009786893277408393
2021-07-12,53.73099899291992,0.0024783514244878335
2021-07-13,54.06800079345703,0.006252430895811933
2021-07-14,54.79499816894531,0.013356387202149116
2021-07-15,54.29499816894531,-0.009166807554222209
2021-07-16,53.03099822998047,-0.023555493099894312
2021-07-19,53.22800064086914,0.003707970876788758
2021-07-20,53.10499954223633,-0.0023135085680416998
2021-07-21,51.362998962402344,-0.033353028464006236
2021-07-22,51.176998138427734,-0.003627872698205831
2021-07-23,51.54100036621094,0.007087438555810639
2021-07-26,51.64899826049805,0.002093186067573675
2021-07-27,51.89099884033203,0.004674541767041259
2021-07-28,51.93000030517578,0.000751321351160075
2021-07-29,51.42499923706055,-0.009772243029846856
2021-07-30,51.75699996948242,0.006435267405693039
2021-08-02,51.51499938964844,-0.0046866725597541035
2021-08-03,51.082000732421875,-0.008440816545190482
2021-08-04,51.73500061035156,0.012702347850761473
2021-08-05,52.48899841308594,0.014469046747038198
2021-08-06,52.05500030517578,-0.00830273581232432
2021-08-09,51.99700164794922,-0.0011148014866515495
2021-08-10,51.58399963378906,-0.007974516517778422
2021-08-11,51.2400016784668,-0.006691029999354331
2021-08-12,51.071998596191406,-0.003284135445006786
2021-08-13,51.59199905395508,0.01013022903053968
2021-08-16,51.79199981689453,0.0038690902774586727
2021-08-17,51.89099884033203,0.0019096487332556328
2021-08-18,52.1870002746582,0.005688084608073018
2021-08-19,54.37099838256836,0.04099746674667654
2021-08-20,54.6879997253418,0.0058134081744118495
2021-08-23,55.33300018310547,0.011725176972153023
2021-08-24,55.340999603271484,0.00014455825569486034
2021-08-25,54.757999420166016,-0.010590570984009824
2021-08-26,55.012001037597656,0.004627895959014999
2021-08-27,55.891998291015625,0.015869864527895877
2021-08-30,56.61800003051758,0.012905729749881684
2021-08-31,56.91899871826172,0.005302225639933846
2021-09-01,58.207000732421875,0.022376452970619427
2021-09-02,58.85499954223633,0.011071149084533816
2021-09-03,59.053001403808594,0.003358585441308119
2021-09-07,60.67100143432617,0.027030478542334643
2021-09-08,60.60499954223633,-0.00108845770102287
2021-09-09,59.75400161743164,-0.014141229123511956
2021-09-10,59.87200164794922,0.0019728163704873713
2021-09-13,58.92900085449219,-0.01587563369560123
2021-09-14,56.7760009765625,-0.019759862482951782
2021-09-15,58.2869987487793,0.008805581024871863
2021-09-16,58.650001525878906,0.006208538653637791
2021-09-17,58.935001373291016,0.004847563864148103
2021-09-20,56.542999267578125,-0.023902683300915537
2021-09-21,56.31399917602539,-0.003987574080729164
2021-09-22,59.064998626708984,0.030093601551300843
2021-09-23,59.32600021362305,0.004409152930657919
2021-09-24,59.23899841308594,-0.0014675800980074487
2021-09-27,59.263999938964844,0.0004219560111986972
2021-09-28,58.3849983215332,-0.014943059214404348
2021-09-29,59.90599822998047,0.02571765872389875
2021-09-30,61.034000396728516,0.01865445494240039
2021-10-01,61.314998626708984,0.004593396370956901
2021-10-04,60.334999084472656,-0.016112137465183068
2021-10-05,63.48099899291992,0.050828281311427366
2021-10-06,63.90999984741211,0.0067352086117230025
2021-10-07,63.185001373291016,-0.01140888832955656
2021-10-08,63.26599884033203,0.00128108876927588
2021-10-11,62.70399856567383,-0.00892282313164732
2021-10-12,62.49399948120117,-0.0033546747502365797
2021-10-13,62.97600173950195,0.0076831852189698634
2021-10-14,63.380001068115234,0.006394642063881777
2021-10-15,62.82899856567383,-0.008731643619897408
2021-10-18,63.797000885009766,0.015289453678446106
2021-10-19,63.900001525878906,0.0016132040887749646
2021-10-20,62.513999938964844,-0.02192885458090007
2021-10-21,65.31600189208984,0.043846527526549266
2021-10-22,66.47799682617188,0.01763395990795108
2021-10-25,66.16600036621094,0.010296154447124558
2021-10-26,66.85199737548828,-0.004685990995241893
2021-10-27,66.29199981689453,-0.00841195806894846
2021-10-28,66.40499877929688,0.016649957533855814
2021-10-29,69.03099822998047,0.023836472391635218
2021-11-01,68.11699676513672,-0.013328886019327755
2021-11-02,66.77200317382812,-0.005077590278532484
2021-11-03,68.8290023803711,0.015476025213150228
2021-11-04,66.83999633789062,-0.029323553401970695
2021-11-05,64.5719985961914,-0.03452079038292619
2021-11-08,65.1449966430664,0.008834644569636878
2021-11-09,65.5989990234375,0.006944933919851139
2021-11-10,64.69100189208984,-0.013938319520259769
2021-11-11,65.75800323486328,0.01635926832926679
2021-11-12,68.26100158691406,0.03735723063357346
2021-11-15,66.93299865722656,-0.004816710916156615
2021-11-16,68.73999786376953,0.011809334773735775
2021-11-17,69.16899871826172,0.006221526498137178
2021-11-18,68.2020034790039,-0.014078825899942388
2021-11-19,66.87999725341797,-0.004732541039210318
2021-11-22,65.91999816894531,-0.029299542079414355
2021-11-23,65.40599822998047,-0.007827887512053973
2021-11-24,65.8290023803711,0.006446536569517307
2021-11-26,66.56400299072266,0.011103428909371566
2021-11-29,66.38400268554688,-0.0027078317458864762
2021-11-30,64.19000244140625,-0.033608630687497365
2021-12-01,61.777000427246094,-0.03831633953475239
2021-12-02,61.64699935913086,-0.002106577592937907
2021-12-03,60.2130012512207,-0.023536259604679685
2021-12-06,61.26900100708008,0.017385725214779994
2021-12-07,62.55799865722656,0.020820083111951857
2021-12-08,62.80799865722656,0.003988327564827681
2021-12-09,61.099998474121094,-0.027570591312853877
2021-12-10,61.16600036621094,0.001079644367641372
2021-12-13,60.45600128173828,-0.011675636652128138
2021-12-14,59.79899978637695,-0.01092691408320755
2021-12-15,60.50400161743164,0.011720570449981082
2021-12-16,59.10599899291992,-0.023377080223313206
2021-12-17,58.67300033569336,-0.0073527642528024
2021-12-20,59.374000549316406,0.011876768549260425
2021-12-21,60.492000579833984,0.018654705114281522
2021-12-22,61.42399978637695,0.015289500306804305
2021-12-23,61.409000396728516,-0.0002442241042819151
2021-12-27,61.3120002746582,-0.0015808238482402906
2021-12-28,61.07099914550781,-0.0039384790668407135
2021-12-29,61.05400085449219,-0.00027837528966867536
2021-12-30,61.20899963378906,0.0025354990751950955
2021-12-31,60.24399948120117,-0.015891257808786426
2022-01-03,59.73699951171875,-0.008451387994449567
2022-01-04,59.1150016784668,-0.010466858035202715
2022-01-05,56.75199890136719,-0.04079384903554375
2022-01-06,55.32899856567383,-0.02539372122758879
2022-01-07,54.10599899291992,-0.022352090625305732
2022-01-10,53.98500061035156,-0.002238825314834094
2022-01-11,54.08399963378906,0.001832145220309479
2022-01-12,53.72200012207031,-0.006715783409180403
2022-01-13,51.91999816894531,-0.03411856618719285
2022-01-14,52.569000244140625,0.012422559909598356
2022-01-18,51.08000183105469,-0.0287335300274448
2022-01-19,51.58599853515625,0.009857222437428332
2022-01-20,50.82500076293945,-0.014861914923052931
2022-01-21,39.75,-0.24577853342517517
2022-01-24,38.71500015258789,-0.02638271532034211
2022-01-25,36.641998291015625,-0.055032048950988025
2022-01-26,35.970001220703125,-0.018509785184778124
2022-01-27,38.66999816894531,0.07237876662419124
2022-01-28,38.43600082397461,-0.006069516415828343
2022-01-31,42.7140007019043,0.1055322099298474
2022-02-01,45.7130012512207,0.06785599693172287
2022-02-02,42.948001861572266,-0.062392623797482616
2022-02-03,40.560001373291016,-0.05720773177549646
2022-02-04,41.016998291015625,0.011204180107208141
2022-02-07,40.209999084472656,-0.019870875107860727
2022-02-08,40.35300064086914,0.0035500591355934947
2022-02-09,41.28900146484375,0.022930398867197877
2022-02-10,40.62699890136719,-0.01616331297792602
2022-02-11,39.13100051879883,-0.03751783817211331
2022-02-14,39.65700149536133,0.01335250997945932
2022-02-15,40.74599838256836,0.027090120691492622
2022-02-16,39.80799865722656,-0.02328977227877035
2022-02-17,38.66699981689453,-0.029081345030161004
2022-02-18,39.12900161743164,0.011877403036827881
2022-02-22,36.737998962402344,-0.0361964045213835
2022-02-23,36.74599838256836,-0.026638184689745343
2022-02-24,39.00299835205078,0.0596091918152765
2022-02-25,39.08000183105469,0.0019723500323079314
2022-02-28,39.45199966430664,0.009473860554250743
2022-03-01,38.624000549316406,-0.021210875445568007
2022-03-02,38.00299835205078,-0.0162087985223079
2022-03-03,36.80699920654297,-0.03197703769504173
2022-03-04,36.17300033569336,-0.01737502945080488
2022-03-07,35.0260009765625,-0.032222322737572154
2022-03-08,34.17599868774414,-0.02456706579081704
2022-03-09,35.87900161743164,0.04862860626160211
2022-03-10,35.676998138427734,-0.005646039921492265
2022-03-11,34.03200149536133,-0.047204868883098196
2022-03-14,33.10100173950195,-0.027737756439378494
2022-03-15,34.375,0.037766010028373084
2022-03-16,35.75299835205078,0.03930457962382489
2022-03-17,36.13999938964844,0.0380604038801931
2022-03-18,38.060001373291016,0.024469358459514593
2022-03-21,36.45899963378906,-0.0159169062084453
2022-03-22,38.29199981689453,0.021994000560463613
2022-03-23,36.44900131225586,-0.022260949924117774
2022-03-24,36.57099914550781,0.0032524110917200046
2022-03-25,36.3849983215332,-0.004962943914808736
2022-03-28,36.85100173950195,0.012387936015198284
2022-03-29,39.18199920654297,0.03455999184501259
2022-03-30,38.14699935913086,-0.02677033653623149
2022-03-31,36.45899963378906,-0.018200109137236433
2022-04-01,36.34700012207031,-0.0029944014055201845
2022-04-04,39.150001525878906,0.047147871075704305
2022-04-05,38.01499938964844,-0.02941965878715256
2022-04-06,36.834999084472656,-0.031532347344899056
2022-04-07,36.21500015258789,-0.016975053419276732
2022-04-08,35.5880012512207,-0.01746486431965812
2022-04-11,34.79999923706055,-0.02239117268413953
2022-04-12,34.40999984741211,-0.011270149481897303
2022-04-13,35.042999267578125,0.0182286425660236
2022-04-14,34.112998962402344,-0.02689734504680019
2022-04-18,33.7859992980957,-0.009632018168675134
2022-04-19,34.861000061035156,0.03132223287898192
2022-04-20,22.618999481201172,-0.4325784894950873
2022-04-21,21.82200050354004,-0.03587157980163934
2022-04-22,21.552000045776367,-0.012450036515782656
2022-04-25,20.990999221801758,-0.02637488443308335
2022-04-26,19.84000015258789,-0.05639362781127252
2022-04-27,18.854000091552734,-0.0509750117178115
2022-04-28,19.95199966430664,0.0566042742827953
2022-04-29,19.035999298095703,-0.04699748572623683
2022-05-02,19.945999145507812,0.04669669275300152
2022-05-03,19.98699951171875,0.0020534586430653525
2022-05-04,20.400999069213867,0.020501835849593895
2022-05-05,18.832000732421875,-0.08002628422172568
2022-05-06,18.097000122070312,-0.03981140398693252
2022-05-09,16.309999465942383,-0.04446184708782946
2022-05-10,16.766000747680664,0.02600222209685815
2022-05-11,16.636999130249023,-0.06565748203293621
2022-05-12,16.430999755859375,0.04662113782712058
2022-05-13,18.763999938964844,0.07368992098682065
2022-05-16,18.650999069213867,-0.006040423163550769
2022-05-17,19.055999755859375,0.02148228575131742
2022-05-18,16.7189998626709,-0.07274449737565299
2022-05-19,18.347999572753906,0.0348830510236759
2022-05-20,18.635000228881836,0.015520991764363263
2022-05-23,18.743999481201172,0.005832128313781553
2022-05-24,18.034000396728516,-0.03861478645073204
2022-05-25,18.783000946044922,0.04069336872173052
2022-05-26,19.139999389648438,0.018828098337646364
2022-05-27,19.518999099731445,0.01960794990578314
2022-05-31,19.743999481201172,0.011461317404904697
2022-06-01,19.291000366210938,-0.023210936557434687
2022-06-02,20.509000778198242,0.061225167246561976
2022-06-03,19.898000717163086,-0.03024459192669077
2022-06-06,19.714000701904297,-0.009290181361531879
2022-06-07,19.861000061035156,0.007428934042166716
2022-06-08,20.283000946044922,0.021025130529137192
2022-06-09,19.277000427246094,-0.050870445839937696
2022-06-10,18.29400062561035,-0.05233952614722732
2022-06-13,16.9689998626709,-0.07518502953399364
2022-06-14,16.753999710083008,-0.012751123470475963
2022-06-15,18.01099967956543,0.07234564613659925
2022-06-16,16.334999084472656,-0.03825513824069365
2022-06-17,16.551000595092773,0.012383435928862273
2022-06-21,16.090999603271484,-0.026558976298387927
2022-06-22,16.888999938964844,0.04563400944354384
2022-06-23,18.17099952697754,0.01564089523799863
2022-06-24,19.084999084472656,0.04907574759095418
2022-06-27,18.913999557495117,-0.00900027302845605
2022-06-28,16.959999084472656,-0.051755353299551186
2022-06-29,16.836000442504883,-0.006928100323264315
2022-06-30,16.48699951171875,-0.01976119176588408
2022-07-01,16.9950008392334,0.028636268359031408
2022-07-05,18.58799934387207,0.03242218775623753
2022-07-06,18.4060001373291,-0.009839470046492608
2022-07-07,18.927000045776367,0.027912770597586838
2022-07-08,18.697999954223633,-0.012172912654429035
2022-07-11,16.733999252319336,-0.052932905023972104
2022-07-12,16.44499969482422,-0.016430601651814536
2022-07-13,16.6560001373291,0.012022619587335498
2022-07-14,16.47800064086914,-0.010132692859935266
2022-07-15,18.910999298095703,0.07880074235640211
2022-07-18,19.091999053955078,0.00952562336280277
2022-07-19,20.163000106811523,0.054579897361594396
2022-07-20,21.643999099731445,0.07087899123277663
2022-07-21,22.38800048828125,0.03379688465294932
2022-07-22,22.04400062561035,-0.015484638438004376
2022-07-25,21.85099983215332,-0.008793804997751524
2022-07-26,21.391000747680664,-0.021276371630594784
2022-07-27,22.674999237060547,0.05829265458176018
2022-07-28,22.601999282836914,-0.003224596146589718
2022-07-29,22.489999771118164,-0.00496761041371152
2022-08-01,22.621000289916992,0.005807935397799919
2022-08-02,22.142000198364258,-0.021402424795967278
2022-08-03,22.67300033569336,0.023698537654362112
2022-08-04,22.990999221801758,0.013927997103478168
2022-08-05,22.67799949645996,-0.013707531808099775
2022-08-08,23.349000930786133,0.029158927163680348
2022-08-09,22.993999481201172,-0.015320906740236867
2022-08-10,24.410999298095703,0.05980053185983106
2022-08-11,24.270000457763672,-0.005792783029216116
2022-08-12,24.93000030517578,0.02683087117696676
2022-08-15,24.910999298095703,-0.0007624649646615099
2022-08-16,24.569000244140625,-0.01382394921105544
2022-08-17,24.114999771118164,-0.018651451571385334
2022-08-18,24.517000198364258,0.016532718541190712
2022-08-19,24.115999221801758,-0.016491274212663054
2022-08-22,22.65399932861328,-0.06253908121624106
2022-08-23,22.454999923706055,-0.008823103999893462
2022-08-24,22.961000442504883,0.022283840639843254
2022-08-25,23.398000717163086,0.01885343549411678
2022-08-26,22.327999114990234,-0.04680912267877228
2022-08-29,22.457000732421875,0.005760945613565019
2022-08-30,22.065000534057617,-0.01760973528547182
2022-08-31,22.356000900268555,0.013102114751767256
2022-09-01,23.003999710083008,0.028573319571500368
2022-09-02,22.611000061035156,-0.01723158501981358
2022-09-06,21.839000701904297,-0.034739121806218055
2022-09-07,22.895999908447266,0.047264824392879386
2022-09-08,22.743999481201172,-0.00666086727712227
2022-09-09,23.35700035095215,0.02659538854256736
2022-09-12,23.652999877929688,0.012593211545679679
2022-09-13,21.812999725341797,-0.08098384188204745
2022-09-14,22.41200065612793,0.027090449234241778
2022-09-15,23.538000106811523,0.04901958201452425
2022-09-16,24.01300048828125,0.019979229706911045
2022-09-19,24.363000869750977,0.014470252967834558
2022-09-20,24.28499984741211,-0.003206754153556901
2022-09-21,23.687000274658203,-0.02493248347873377
2022-09-22,23.704999923706055,0.0007596070998479703
2022-09-23,22.641000747680664,-0.045923538141460676
2022-09-26,22.406999588012695,-0.010389063337651596
2022-09-27,22.43600082397461,0.0012934567151527874
2022-09-28,24.520000457763672,0.08882228136535465
2022-09-29,23.97100067138672,-0.02264433533743935
2022-09-30,23.54400062561035,-0.01797375689642599
2022-10-03,23.90399932861328,0.015174743360475924
2022-10-04,24.073999404907227,0.007086614374615705
2022-10-05,23.67300033569336,-0.016797222850789165
2022-10-06,24.00200080871582,0.01380202151549461
2022-10-07,22.475000381469727,-0.06573359657218089
2022-10-10,22.99799919128418,0.0230036231311044
2022-10-11,21.429000854492188,-0.07066203574540836
2022-10-12,22.086999893188477,0.030244010598937568
2022-10-13,23.250999450683594,0.051358922920235035
2022-10-14,23.0,-0.010853902306471727
2022-10-17,24.510000228881836,0.06358699094917575
2022-10-18,24.086000442504883,-0.017450429668166442
2022-10-19,26.238000869750977,0.1229823118681349
2022-10-20,26.81599998474121,-0.015614365347639245
2022-10-21,28.957000732421875,0.07681327255413573
2022-10-24,28.2450008392334,-0.02489551579492952
2022-10-25,29.101999282836914,0.029890395205139975
2022-10-26,29.86199951171875,0.0257798770582138
2022-10-27,29.694000244140625,-0.005641739333526464
2022-10-28,29.57200050354004,-0.004117028697239609
2022-10-31,29.187999725341797,-0.013070328229044813
2022-11-01,28.674999237060547,-0.01773202008440214
2022-11-02,26.299999237060547,-0.049138962164588
2022-11-03,26.9060001373291,-0.014537359077029828
2022-11-04,26.07900047302246,-0.03121890426428717
2022-11-07,25.860000610351562,-0.00843301395723682
2022-11-08,26.34600067138672,0.018619089345215636
2022-11-09,25.465999603271484,-0.03397227271858442
2022-11-10,26.496999740600586,0.07673268480636258
2022-11-11,29.01300048828125,0.05366712385382222
2022-11-14,29.927000045776367,0.03101706225873052
2022-11-15,31.020000457763672,0.03587108801403567
2022-11-16,30.601999282836914,-0.013566829640991068
2022-11-17,29.527999877929688,-0.03572638127080637
2022-11-18,28.79800033569336,-0.02503300965073705
2022-11-21,28.5049991607666,-0.010226470900983522
2022-11-22,28.66900062561035,0.005736940401729956
2022-11-23,29.149999618530273,0.016638478266407162
2022-11-25,28.554000854492188,-0.020657838417552265
2022-11-28,28.117000579833984,-0.015422665052178127
2022-11-29,28.09600067138672,-0.000747154891457618
2022-11-30,30.55299949645996,0.08383562263925598
2022-12-01,31.69499969482422,0.036696066119485615
2022-12-02,32.04100036621094,0.010857414021206045
2022-12-05,31.259000778198242,-0.024708984515275607
2022-12-06,30.555999755859375,-0.022746301924372384
2022-12-07,30.841999053955078,0.009316309072375488
2022-12-08,31.025999069213867,0.005948165880393336
2022-12-09,32.000999450683594,0.030941602503912747
2022-12-12,31.51799964904785,-0.015208335080949823
2022-12-13,32.034000396728516,0.016239051065807395
2022-12-14,31.783000946044922,-0.007866265718616473
2022-12-15,29.041000366210938,-0.0902229481765367
2022-12-16,29.070999145507812,0.0010324470750859335
2022-12-19,28.829999923706055,-0.00832457530667234
2022-12-20,28.819000244140625,-0.0003816086893749878
2022-12-21,29.79599952697754,0.03333924012406483
2022-12-22,29.774999618530273,-0.0007050380090438518
2022-12-23,29.496000289916992,-0.009414431668747324
2022-12-27,28.41699981689453,-0.03726711957239268
2022-12-28,26.687999725341797,-0.025988454775191034
2022-12-29,29.11199951171875,0.05015134712406352
2022-12-30,29.488000869750977,0.012832986885198263
2023-01-03,29.4950008392334,0.0002373554859016624
2023-01-04,30.94099998474121,0.04786137884156787
2023-01-05,30.969999313354492,0.0009368070637815004
2023-01-06,31.55500030517578,0.018713092893636565
2023-01-09,31.517000198364258,-0.0012049756185328268
2023-01-10,32.75400161743164,0.03849805231996495
2023-01-11,32.72600173950195,-0.0008552192486506423
2023-01-12,33.01300048828125,0.00873151591702549
2023-01-13,33.28200149536133,0.008115317153939844
2023-01-17,32.62200164794922,-0.020029797322847546
2023-01-18,32.632999420166016,0.00033707063492175766
2023-01-19,31.577999114990234,-0.03286338096971129
2023-01-20,34.25,0.08122591713468778
2023-01-23,35.742000579833984,0.04263991938913356
2023-01-24,36.382999420166016,0.017775132547481316
2023-01-25,36.79600143432617,0.011287565950552473
2023-01-26,36.48699951171875,-0.008433163214450753
2023-01-27,36.07699966430664,-0.011300485507232843
2023-01-30,35.31100082397461,-0.021460980410589966
2023-01-31,35.38600158691406,0.0021217530734983104
2023-02-01,36.19900131225586,0.02271522385531091
2023-02-02,36.68899917602539,0.01344542976252443
2023-02-03,36.59000015258789,-0.0027019769531390686
2023-02-06,36.14799880981445,-0.012153394086963878
2023-02-07,36.29499816894531,0.004058351173216993
2023-02-08,36.68299865722656,0.010633455591974462
2023-02-09,36.25,-0.01187401457886659
2023-02-10,34.736000061035156,-0.04266276640763246
2023-02-13,35.856998443603516,0.03176214770608443
2023-02-14,35.99599838256836,0.003869013638916121
2023-02-15,36.141998291015625,0.0040478004526452475
2023-02-16,35.07099914550781,-0.03008102291000362
2023-02-17,34.79600143432617,-0.007872074914392633
2023-02-21,33.75,-0.030522061547762023
2023-02-22,33.487998962402344,-0.007793282599058617
2023-02-23,32.3650016784668,-0.034109490861455136
2023-02-24,31.71500015258789,-0.020287883960943203
2023-02-27,32.303001403808594,0.018370388733012808
2023-02-28,32.2130012512207,-0.002790012005252999
2023-03-01,31.347999572753906,-0.02721968106335771
2023-03-02,31.187999725341797,-0.0051170589206652175
2023-03-03,31.51799964904785,0.010525403424085462
2023-03-06,31.202999114990234,-0.010044584388769328
2023-03-07,30.847000122070312,-0.011474710828607557
2023-03-08,31.179000854492188,0.010705313832883014
2023-03-09,29.777999877929688,-0.0459749569463972
2023-03-10,29.275999069213867,-0.01700182578852028
2023-03-13,29.35099983215332,0.002558575579844188
2023-03-14,29.493999481201172,0.0048602237134332945
2023-03-15,30.378999710083008,0.029564735451401116
2023-03-16,31.006000518798828,0.020429180186206392
2023-03-17,30.350000381469727,-0.021384220801851688
2023-03-20,30.51300048828125,0.005356308239443084
2023-03-21,30.57900047302246,0.0021606760092822506
2023-03-22,29.389999389648438,-0.0396590546597467
2023-03-23,32.0369987487793,0.08623698613852326
2023-03-24,32.8390007019043,0.024725409022760405
2023-03-27,32.76599884033203,-0.0022254978191353476
2023-03-28,32.35200119018555,-0.012715477378969239
2023-03-29,33.202999114990234,0.02596432700468029
2023-03-30,33.84299850463867,0.019091932474280596
2023-03-31,34.54800033569336,0.020617532029117955
2023-04-03,34.827999114990234,0.008071964420736827
2023-04-04,34.67499923706055,-0.004402691357183985
2023-04-05,34.23500061035156,-0.012770413796997624
2023-04-06,33.93299865722656,-0.008860577755279939
2023-04-10,33.89899826049805,-0.0010024885340539547
2023-04-11,33.82099914550781,-0.002303578041040804
2023-04-12,33.10300064086914,-0.02145795399404034
2023-04-13,34.61899948120117,0.044778717230472734
2023-04-14,33.862998962402344,-0.02207970705005514
2023-04-17,33.27199935913086,-0.017606759078225145
2023-04-18,33.369998931884766,0.002941077575939235
2023-04-19,32.3120002746582,-0.0322185739937305
2023-04-20,32.53499984741211,0.006877741495682462
2023-04-21,32.79800033569336,0.008051119899445488
2023-04-24,32.902000427246094,0.003165911026210957
2023-04-25,32.255001068115234,-0.01986035608372005
2023-04-26,32.1150016784668,-0.004349840124905498
2023-04-27,32.584999084472656,0.01452876871373738
2023-04-28,32.99300003051758,0.012443386990689469
2023-05-01,32.4119987487793,-0.017766732683591187
2023-05-02,31.7549991607666,-0.020478519168301006
2023-05-03,31.93000030517578,0.005495849457789342
2023-05-04,32.077999114990234,0.004624393041538569
2023-05-05,32.2760009765625,0.006153540916994799
2023-05-08,33.12099838256836,0.025843523221069684
2023-05-09,33.2140007019043,0.0028040214534012014
2023-05-10,33.54199981689453,0.009826884533099838
2023-05-11,34.47600173950195,0.0274651007901523
2023-05-12,33.98899841308594,-0.014226584072181055
2023-05-15,33.5890007019043,-0.011838242855631748
2023-05-16,33.375,-0.006391536592370913
2023-05-17,33.99599838256836,0.018435706338849014
2023-05-18,36.12900161743164,0.08815555592985347
2023-05-19,36.5359992980957,-0.01610032231772496
2023-05-22,36.30099868774414,-0.006452803719968483
2023-05-23,35.5989990234375,-0.01952773280790839
2023-05-24,36.48500061035156,0.024583713802904625
2023-05-25,35.900001525878906,-0.016163895948595724
2023-05-26,36.88800048828125,0.05389711415120808
2023-05-30,39.29800033569336,0.036539183388223324
2023-05-31,39.52299880981445,0.0057091152787522095
2023-06-01,40.3129997253418,0.019791239950699587
2023-06-02,40.047000885009766,-0.006620204325724111
2023-06-05,40.354000091552734,0.0076367382202440146
2023-06-06,39.92900085449219,-0.010587626326104905
2023-06-07,39.97700119018555,0.0012014201746747592
2023-06-08,40.9370002746582,0.02372998777991812
2023-06-09,42.00199890136719,0.025682903750843294
2023-06-12,42.39699935913086,0.009360379861232433
2023-06-13,43.573001861572266,0.027360145296799303
2023-06-14,44.08599853515625,0.01170450330859665
2023-06-15,44.527000427246094,0.009953517840008638
2023-06-16,43.19599914550781,-0.030347877758424725
2023-06-20,43.470001220703125,0.006323194493437905
2023-06-21,42.44499969482422,-0.023861960082187744
2023-06-22,42.24800109863281,-0.004652071591013763
2023-06-23,42.402000427246094,0.003638499603849632
2023-06-26,41.59400177001953,-0.019239572362443353
2023-06-27,41.70800018310547,0.0027369926671105506
2023-06-28,42.98400115966797,0.030135019088058403
2023-06-29,42.82400131225586,-0.003729256671500928
2023-06-30,44.04899978637695,0.028203922065161306
2023-07-03,44.14400100708008,0.002154394489209544
2023-07-05,44.59000015258789,0.010052581772954504
2023-07-06,43.88399887084961,-0.015959858836504966
2023-07-07,43.810001373291016,-0.001687630052574715
2023-07-10,44.17100143432617,0.008206364452725474
2023-07-11,44.020999908447266,-0.0034017069176707853
2023-07-12,44.404998779296875,0.00868525751286841
2023-07-13,45.03799819946289,0.014154489673721458
2023-07-14,44.191001892089844,-0.018985346636989017
2023-07-17,45.005001068115234,0.018252427185323602
2023-07-18,46.47999954223633,0.05353494165797248
2023-07-19,46.75899887084961,0.005858947098742046
2023-07-20,43.742000579833984,-0.08785875500288731
2023-07-21,42.75,-0.022939556813363397
2023-07-24,42.83700180053711,0.002033061765785421
2023-07-25,42.77000045776367,-0.0015653242068225791
2023-07-26,42.266998291015625,-0.011830333635548983
2023-07-27,41.31700134277344,-0.02273252925707966
2023-07-28,42.577999114990234,0.030063597118831463
2023-07-31,43.89699935913086,0.03050829884887843
2023-08-01,43.86199951171875,-0.0007976355637159951
2023-08-02,42.970001220703125,-0.020546104257929545
2023-08-03,43.099998474121094,0.0030207355113108718
2023-08-04,43.15999984741211,0.0013911751480546078
2023-08-07,44.07600021362305,0.021001284617694897
2023-08-08,43.83000183105469,-0.005596865265223693
2023-08-09,42.88999938964844,-0.02167987190884191
2023-08-10,42.99800109863281,0.002514944236581915
2023-08-11,42.16600036621094,-0.019539410751961202
2023-08-14,42.77799987792969,0.01440973110690642
2023-08-15,42.369998931884766,-0.009583409460456065
2023-08-16,41.54499816894531,-0.019663406386298727
2023-08-17,40.29999923706055,-0.030425683021798072
2023-08-18,40.452999114990234,0.0037893344923352486
2023-08-21,40.82899856567383,0.009251793592750593
2023-08-22,41.31700134277344,0.01188149194288036
2023-08-23,42.755001068115234,0.0342121025410447
2023-08-24,40.69300079345703,-0.0494300656069825
2023-08-25,41.60300064086914,0.022116188472875192
2023-08-28,41.805999755859375,0.004867568603703369
2023-08-29,42.999000549316406,0.02813700832454119
2023-08-30,43.46699905395508,0.010825135357739024
2023-08-31,43.36800003051758,-0.0022801650802984712
2023-09-01,43.987998962402344,0.014195003198763684
2023-09-05,44.86800003051758,0.019808000602650887
2023-09-06,44.57600021362305,-0.006529244073412078
2023-09-07,44.31399917602539,-0.0058949667706464535
2023-09-08,44.279998779296875,-0.0007675553464674706
2023-09-11,44.5359992980957,0.005764754848211696
2023-09-12,43.46900177001953,-0.02424975403643906
2023-09-13,41.2239990234375,-0.053027493747638134
2023-09-14,40.04899978637695,-0.028916888257161967
2023-09-15,39.694000244140625,-0.008903650158952803
2023-09-18,39.439998626708984,-0.006419554005952175
2023-09-19,39.619998931884766,0.00455351939673099
2023-09-20,38.630001068115234,-0.025304809983334075
2023-09-21,38.415000915527344,-0.0055811721759328504
2023-09-22,36.98099899291992,-0.011362023982808184
2023-09-25,38.47999954223633,0.01305260573202213
2023-09-26,36.92499923706055,-0.01452810878382333
2023-09-27,36.75899887084961,-0.004386677145906252
2023-09-28,36.63600158691406,-0.003262746662321671
2023-09-29,36.7599983215332,0.0032892155170683476
2023-10-02,38.03300094604492,0.007203931967560887
2023-10-03,36.67499923706055,-0.009457504531928874
2023-10-04,36.689998626708984,0.0003980465805517986
2023-10-05,36.25899887084961,-0.011501274767351978
2023-10-06,38.1510009765625,0.023658499228807618
2023-10-09,38.595001220703125,0.011570770726330223
2023-10-10,36.332000732421875,-0.03327187870770303
2023-10-11,36.59299850463867,-0.01999396290252774
2023-10-12,36.119998931884766,-0.013010225442628543
2023-10-13,35.56800079345703,-0.015400319447475969
2023-10-16,36.082000732421875,0.014347766799415273
2023-10-17,35.571998596191406,-0.014235374255898796
2023-10-18,34.61899948120117,-0.027156122766152938
2023-10-19,40.176998138427734,0.1488919969456922
2023-10-20,40.09600067138672,-0.002018050794928577
2023-10-23,40.683998107910156,0.014558252798232934
2023-10-24,41.37300109863281,0.016793672458280656
2023-10-25,41.125,-0.006012311629116475
2023-10-26,40.354000091552734,-0.018925684424309756
2023-10-27,39.7869987487793,-0.014150330340873325
2023-10-30,41.007999420166016,0.030226961161828946
2023-10-31,41.16899871826172,0.003918359339845342
2023-11-01,42.01900100708008,0.02043640608756289
2023-11-02,42.47100067138672,0.01069958497900112
2023-11-03,43.236000061035156,0.01785197707704001
2023-11-06,43.4739990234375,0.005489552821903611
2023-11-07,43.46099853515625,-0.00029908526469780815
2023-11-08,43.665000915527344,0.004682936309934742
2023-11-09,43.51499938964844,-0.0034411946175281487
2023-11-10,44.7239990234375,0.027404556234566113
2023-11-13,44.46200180053711,-0.005875316173921326
2023-11-14,44.8650016784668,0.009023085885628933
2023-11-15,46.194000244140625,0.029191906647565942
2023-11-16,46.69499969482422,0.010787161217085145
2023-11-17,46.590999603271484,-0.0022297051094989206
2023-11-20,46.446998596191406,0.018205888106853755
2023-11-21,46.494998931884766,0.0010111508296187896
2023-11-22,46.79999923706055,0.006401203683191903
2023-11-24,46.95600128173828,0.003258327036453967
2023-11-27,46.91699981689453,-0.0008136068871999628
2023-11-28,46.900001525878906,-0.00035480741320928814
2023-11-29,46.71900177001953,-0.003785857743864831
2023-11-30,46.39699935913086,-0.0067707564909939245
2023-12-01,46.57400131225586,-0.0175164483507589
2023-12-04,45.38999938964844,-0.025750670665215605
2023-12-05,45.51499938964844,0.002750125525807436
2023-12-06,44.67300033569336,-0.01867262875671758
2023-12-07,45.20000076293945,0.01172780392674165
2023-12-08,45.375999450683594,0.003886215086405515
2023-12-11,45.98899841308594,0.013418884147904903
2023-12-12,46.29999923706055,0.006739741662327113
2023-12-13,46.99800109863281,0.03601742164826724
2023-12-14,46.983001708984375,-0.021373495735349326
2023-12-15,46.20600128173828,0.004735159781775167
2023-12-18,48.61199951171875,0.029349373655387048
2023-12-19,49.50199890136719,0.018142646641027094
2023-12-20,48.926998138427734,-0.011683697310186333
2023-12-21,49.1609992980957,0.004771258659596073
2023-12-22,48.67599868774414,-0.009914543438969442
2023-12-26,49.11899948120117,0.009059846247822606
2023-12-27,49.17900085449219,0.0012208057241879808
2023-12-28,49.05099868774414,-0.0026061740770701282
2023-12-29,48.6879997253418,-0.007427958897075894
2024-01-02,46.849998474121094,-0.038481611398449404
2024-01-03,46.0260009765625,0.003749684896874744
2024-01-04,46.46699905395508,0.009334051814584719
2024-01-05,46.40599822998047,-0.0012859471952438555
2024-01-08,48.50299835205078,0.022876852093131606
2024-01-09,48.20899963378906,-0.006079899702768619
2024-01-10,46.83300018310547,-0.007829936327369945
2024-01-11,49.222999572753906,0.028645203564486302
2024-01-12,49.215999603271484,-0.0001422194364593895
2024-01-16,48.124000549316406,-0.022437741236330404
2024-01-17,48.03300094604492,-0.0018927302021266724
2024-01-18,48.53099822998047,0.010314438159974494
2024-01-19,48.29499816894531,-0.004874734826431142
2024-01-22,48.57099914550781,0.0056986296766141755
2024-01-23,49.21900177001953,0.0132531363803917
2024-01-24,54.48699951171875,0.10168236837006697
2024-01-25,56.20000076293945,0.030954638330708995
2024-01-26,56.04199981689453,0.014871064919856644
2024-01-29,56.57899856567383,0.009370057586335438
2024-01-30,56.28499984741211,-0.02272982588549183
2024-01-31,56.4109992980957,0.002236095409597694
2024-02-01,56.750999450683594,0.006009105166844033
2024-02-02,56.4640007019043,-0.005069988308302492
2024-02-05,56.20600128173828,-0.004579743792752287
2024-02-06,55.5880012512207,-0.011056162438004618
2024-02-07,55.93000030517578,0.006133541156721802
2024-02-08,55.85300064086914,-0.0013776634342159018
2024-02-09,56.13199996948242,0.004982808489545207
2024-02-12,55.78499984741211,-0.006201046035356335
2024-02-13,55.45199966430664,-0.005987237687492781
2024-02-14,56.93299865722656,0.043769371606292184
2024-02-15,59.34600067138672,0.024097586070192915
2024-02-16,58.39500045776367,-0.016154455729231063
2024-02-20,56.51300048828125,-0.015219259873668577
2024-02-21,56.334999084472656,-0.0030997761737188486
2024-02-22,58.84700012207031,0.026029615898724334
2024-02-23,58.35599899291992,-0.00837869346883121
2024-02-26,58.76499938964844,0.006984265246381679
2024-02-27,60.16699981689453,0.02357759701389051
2024-02-28,59.64799880981445,-0.008663427102757325
2024-02-29,60.29199981689453,0.010738822801665378
2024-03-01,61.933998107910156,0.026869849454937516
2024-03-04,61.58300018310547,-0.005683409967269752
2024-03-05,59.849998474121094,-0.028544454890043695
2024-03-06,59.76900100708008,-0.0013542577645945001
2024-03-07,60.85100173950195,0.01794113299415646
2024-03-08,60.481998443603516,-0.006082507364123082
2024-03-11,60.09299850463867,-0.0064524370465355125
2024-03-12,61.108001708984375,0.016749481142266265
2024-03-13,60.94499969482422,-0.0026710053696953353
2024-03-14,61.30099868774414,0.005824321515645225
2024-03-15,60.5880012512207,-0.011699260299974116
2024-03-18,61.8390007019043,0.020437370419595622
2024-03-19,62.07400131225586,0.003792998124079947
2024-03-20,62.76900100708008,0.011134094209700815
2024-03-21,62.270999908447266,-0.007965510686787825
2024-03-22,62.80099868774414,0.008475149636129138
2024-03-25,62.74599838256836,-0.0008761708360656139
2024-03-26,62.92399978637695,0.002832840382594643
2024-03-27,61.35300064086914,-0.025283565402849383
2024-03-28,60.733001708984375,-0.010156844354685134
2024-04-01,61.430999755859375,0.011427353952521207
2024-04-02,61.42100143432617,-0.00016277018621449547
2024-04-03,63.007999420166016,0.02550987368007643
2024-04-04,61.7140007019043,-0.020750872332217108
2024-04-05,63.61800003051758,0.030385628729464046
2024-04-08,62.840999603271484,-0.012288729272889147
2024-04-09,61.81999969482422,-0.01638078861107905
2024-04-10,61.858001708984375,0.0006145315241961593
2024-04-11,62.87799835205078,0.01635485149901166
2024-04-12,62.28300094604492,-0.0095077842386779
2024-04-15,60.71500015258789,-0.025497743533013175
2024-04-16,61.75199890136719,0.016935558837539326
2024-04-17,61.36899948120117,-0.00622153264850306
2024-04-18,61.055999755859375,-0.00511334138081446
2024-04-19,55.50400161743164,-0.09533635245898124
2024-04-22,55.459999084472656,-0.0007930956884595691
2024-04-23,56.775001525878906,0.04089415889141026
2024-04-24,55.512001037597656,-0.03995695028249698
2024-04-25,56.47999954223633,0.017287352791446355
2024-04-26,56.12300109863281,-0.006340854821048397
2024-04-29,55.94900131225586,-0.0031051453073314963
2024-04-30,55.06399917602539,-0.015944454819606907
2024-05-01,55.17100143432617,0.0019413487787812889
2024-05-02,56.51499938964844,0.02406859993197875
2024-05-03,56.933998107910156,0.024798320074550927
2024-05-06,59.696998596191406,0.029977345446644602
2024-05-07,60.599998474121094,0.01501312353167397
2024-05-08,60.946998596191406,0.005709743114203969
2024-05-09,61.20899963378906,0.004289620536809419
2024-05-10,61.08700180053711,-0.001995124489583245
2024-05-13,61.659000396728516,0.009320103734037893
2024-05-14,61.36600112915039,-0.0047632565400975505
2024-05-15,61.35200119018555,-0.00022816438926621612
2024-05-16,61.051998138427734,-0.00490186030056308
2024-05-17,62.11000061035156,0.017181086836866928
2024-05-20,64.08200073242188,0.03125650829060926
2024-05-21,65.06099700927734,0.01516172069763384
2024-05-22,64.0469970703125,-0.01570810229087903
2024-05-23,63.56700134277344,-0.007522654208766098
2024-05-24,64.67500305175781,0.017280286371387413
2024-05-28,64.9000015258789,0.0034728719631331546
2024-05-29,65.46199798583984,0.008622143626109349
2024-05-30,64.76599884033203,-0.010689034451364916
2024-05-31,64.16200256347656,-0.009369581300585173
2024-06-03,63.37900161743164,-0.012278573285040239
2024-06-04,63.1619987487793,-0.0034297671228586107
2024-06-05,65.0270004272461,0.02909974014546765
2024-06-06,64.85199737548828,-0.0026948646144301196
2024-06-07,64.14700317382812,-0.010930336166651759
2024-06-10,64.44999694824219,0.004712307982493353
2024-06-11,64.8550033569336,0.006264378518818671
2024-06-12,65.00599670410156,0.002325462073167681
2024-06-13,65.32599639892578,0.004910541613445373
2024-06-14,66.93800354003906,0.024376806480092963
2024-06-17,66.58300018310547,0.009589604122161262
2024-06-18,68.56700134277344,0.014454914168973206
2024-06-20,66.90299987792969,-0.009731174598660582
2024-06-21,68.61199951171875,0.01038722501860769
2024-06-24,66.9020004272461,-0.025238570991329284
2024-06-25,66.24099731445312,0.0050542721509467614
2024-06-26,66.76899719238281,0.007821681227640659
2024-06-27,68.43399810791016,0.009764927683866333
2024-06-28,66.48799896240234,-0.013919960580331963
2024-07-01,66.36100006103516,-0.0018835725861461065
2024-07-02,66.95800018310547,0.008823653653484689
2024-07-03,68.2509994506836,0.004302207934755024
2024-07-05,69.06500244140625,0.011856047577414392
2024-07-08,68.5739974975586,-0.007134707850375147
2024-07-09,68.5739974975586,0.0
2024-07-10,66.76499938964844,-0.011867589189852252
2024-07-11,65.2750015258789,-0.037436690499741014
2024-07-12,64.76000213623047,-0.007920976165037494
2024-07-15,65.6449966430664,0.013573223452067677
2024-07-16,65.63200378417969,-0.00019794570087460064
2024-07-17,64.74600219726562,-0.01359148300115702
2024-07-18,64.30400085449219,-0.006850105551185622
2024-07-19,63.33399963378906,-0.015199547024618605
2024-07-22,64.75,0.022111396609099564
2024-07-23,64.2760009765625,-0.007347374206872449
2024-07-24,63.5989990234375,-0.010588594775748297
2024-07-25,63.409000396728516,-0.002991918136000936
2024-07-26,63.137001037597656,-0.004298828488061507
2024-07-29,62.69599914550781,-0.0070093488515346955
2024-07-30,62.257999420166016,-0.0070106042910166155
2024-07-31,62.834999084472656,0.009225196666354588
2024-08-01,62.48500061035156,-0.00558569079105111
2024-08-02,61.36399841308594,-0.018103219583858157
2024-08-05,59.85499954223633,-0.02489835506640183
2024-08-06,60.957000732421875,0.01824374652891547
2024-08-07,61.14799880981445,0.0031284260904014005
2024-08-08,63.03499984741211,0.030392989587774366
2024-08-09,63.39400100708008,0.0056791103643204265
2024-08-12,63.31399917602539,-0.001262774908766496
2024-08-13,64.802001953125,0.023230036501256136
2024-08-14,66.16799926757812,0.02086045410112244
2024-08-15,66.3219985961914,0.0023246947007318376
2024-08-16,66.40699768066406,0.016227189663051853
2024-08-19,68.85299682617188,0.021224915430160647
2024-08-20,69.85399627685547,0.014433545219066181
2024-08-21,69.71199798583984,-0.0020348558509935555
2024-08-22,68.89600372314453,-0.011774265260477803
2024-08-23,68.6729965209961,-0.0032421170044757163
2024-08-26,68.84400177001953,0.002487042900775845
2024-08-27,69.5719985961914,0.010519066249806258
2024-08-28,68.38400268554688,-0.017223248959821587
2024-08-29,69.24800109863281,0.012555361240849617
2024-08-30,70.13500213623047,0.012727706981316846
2024-09-03,66.53199768066406,-0.03782046135977442
2024-09-04,66.96800231933594,0.006435515032662266
2024-09-05,68.36199951171875,0.005780067248840855
2024-09-06,66.5770034790039,-0.026457882741296495
2024-09-09,66.54199981689453,0.014390399078832813
2024-09-10,66.36199951171875,-0.0026685704336535075
2024-09-11,68.14700317382812,0.011586129747868873
2024-09-12,68.68000030517578,0.007790857268768854
2024-09-13,69.70600128173828,0.014828375190360297
2024-09-16,69.6500015258789,-0.0008036935294560925
2024-09-17,70.69100189208984,0.014835570987278094
2024-09-18,69.0469970703125,-0.023530903417474703
2024-09-19,70.43199920654297,0.019860304375048397
2024-09-20,70.10299682617188,-0.00468215022173337
2024-09-23,70.53700256347656,0.006171887327548246
2024-09-24,72.22599792480469,0.023662631961510274
2024-09-25,72.15599822998047,-0.0009696458308240915
2024-09-26,71.14299774169922,-0.014138513058644735
2024-09-27,70.73500061035156,-0.00575139571672734
2024-09-30,70.927001953125,0.0027106980963982827
2024-10-01,70.61299896240234,-0.004436957804562294
2024-10-02,71.10900115966797,0.006999678553690186
2024-10-03,70.68000030517578,-0.006051275615924296
2024-10-04,71.97000122070312,0.01808673071178389
2024-10-07,70.19200134277344,-0.02501501892712528
2024-10-08,72.1760025024414,0.0278732517835532
2024-10-09,72.74299621582031,0.007825014132255484
2024-10-10,73.02899932861328,0.003923983872293207
2024-10-11,72.27899932861328,-0.010322992088243511
2024-10-14,71.30000305175781,-0.013637251031821482
2024-10-15,70.5979995727539,-0.009894560787681906
2024-10-16,70.19999694824219,-0.005653541874788889
2024-10-17,68.76499938964844,-0.02065338186866424
2024-10-18,76.38899993896484,0.10514382025913253
2024-10-21,76.20700073242188,0.010651430031830415
2024-10-22,76.42400360107422,-0.010193305894346158
2024-10-23,74.92900085449219,-0.019755820185598415
2024-10-24,75.45500183105469,0.006995466435572222
2024-10-25,75.46800231933594,0.0001722797447159557
2024-10-28,74.91200256347656,-0.007394630553734816
2024-10-29,75.94400024414062,0.013682104265904344
2024-10-30,75.3740005493164,-0.00753383454536578
2024-10-31,75.60299682617188,0.003033527708773245
2024-11-01,75.61000061035156,9.263468489393006e-05
2024-11-04,75.5510025024414,-0.0007805996214769336
2024-11-05,76.39099884033203,0.011056914984510502
2024-11-06,78.02100372314453,0.021113195936918582
2024-11-07,79.65399932861328,0.020714177435041992
2024-11-08,79.50399780273438,-0.0018849391547445774
2024-11-11,80.54399871826172,0.012996295816595059
2024-11-12,81.94999694824219,0.017305664911183728
2024-11-13,83.0469970703125,0.013297409361242903
2024-11-14,83.72599792480469,0.008142860375410834
2024-11-15,82.39600372314453,-0.016012600453418426
2024-11-18,84.70500183105469,0.027637716175944627
2024-11-19,86.13200378417969,0.02824960020678042
2024-11-20,88.38500213623047,0.014278042540917576
2024-11-21,89.74800109863281,0.015303459081387192
2024-11-22,89.77899932861328,0.000345332236541127
2024-11-25,86.55899810791016,-0.03652484698312355
2024-11-26,86.26000213623047,0.008065951684419054
2024-11-27,86.73400115966797,0.005417330579701593
2024-11-29,88.68099975585938,0.010736135674909466
2024-12-02,89.77400207519531,0.012249765776087022
2024-12-03,90.21700286865234,0.004922486966720681
2024-12-04,91.10600280761719,0.009805783430522887
2024-12-05,91.78700256347656,0.007447008721974982
2024-12-06,93.4739990234375,0.018212608984332163
2024-12-09,91.36900329589844,-0.022777023799220735
2024-12-10,91.33499908447266,-0.0003722328068940099
2024-12-11,93.65599822998047,0.02509442057340535
2024-12-12,92.55500030517578,-0.01182541056932772
2024-12-13,91.88700103759766,-0.007243493167918512
2024-12-16,92.10800170898438,0.0024022476085418594
2024-12-17,91.91300201416016,-0.002119320771716721
2024-12-18,88.95500183105469,-0.032711854906997836
2024-12-19,90.2040023803711,0.013943153901290493
2024-12-20,90.90499877929688,0.0077411933708123005
2024-12-23,91.1449966430664,0.0026366164112929915
2024-12-24,93.21199798583984,0.022424839005523084
2024-12-26,92.41400146484375,-0.008597948986935411
2024-12-27,90.75499725341797,-0.018114960390536734
2024-12-30,90.04299926757812,-0.007876211907794101
2024-12-31,89.13200378417969,-0.010168866393821648
2025-01-02,88.6729965209961,-0.005163052580591001
2025-01-03,88.1050033569336,-0.006426083777830719
2025-01-06,88.17900085449219,0.0008395259937027319
2025-01-07,86.91899871826172,-0.0029529276401935897
2025-01-08,86.5,-0.004777128112144082
2025-01-10,83.76899719238281,-0.04357581623306039
2025-01-13,84.02899932861328,0.0030989922371442184
2025-01-14,82.83999633789062,-0.014250977047288118
2025-01-15,84.82599639892578,0.02369106480526358
2025-01-16,84.23699951171875,-0.006967808266179407
2025-01-17,85.80999755859375,0.018501272508278408
2025-01-21,86.96800231933594,0.013404740202815015
2025-01-22,95.39900207519531,0.09252785640126611
2025-01-23,98.48600006103516,0.03184628874456702
2025-01-24,96.75900268554688,-0.007409113006881773
2025-01-27,96.18900299072266,-0.005847726599209448
2025-01-28,96.18299865722656,-6.178187647498028e-05
2025-01-29,96.81500244140625,0.006482179238892049
2025-01-30,96.3239974975586,-0.005032371593747525
2025-01-31,96.6760025024414,0.003610311663888296
2025-02-03,96.89399719238281,0.0022293274077403525
2025-02-04,99.48699951171875,0.016141745503761195
2025-02-05,101.11100006103516,0.016191946422275377
2025-02-06,101.56800079345703,0.004509608839401998
2025-02-07,101.39299774169922,-0.001724499745182529
2025-02-10,102.76000213623047,0.01339216005938524
2025-02-11,100.80799865722656,-0.019178488782939505
2025-02-12,102.73100280761719,0.01889624451814829
2025-02-13,104.36900329589844,0.01581877930260432
2025-02-14,105.86000061035156,0.014184744127453314
2025-02-18,103.58499908447266,-0.021724949336054202
2025-02-19,104.33300018310547,0.007195185874335193
2025-02-20,102.4540023803711,-0.018173768141655878
2025-02-21,100.31500244140625,-0.021098681122551456
2025-02-24,98.84700012207031,-0.014742058092193432
2025-02-25,96.7239990234375,-0.011426032539885937
2025-02-26,99.00599670410156,0.01303325223135215
2025-02-27,96.30699920654297,-0.02763942363339965
2025-02-28,98.05599975585938,0.01799774411361912
2025-03-03,96.37000274658203,-0.007020558350709137
2025-03-04,96.25800323486328,-0.0011509086117052949
2025-03-05,99.09200286865234,0.018681465901272263
2025-03-06,90.63600158691406,-0.08919723785995191
2025-03-07,89.11100006103516,-0.016968718296302938
2025-03-10,86.66799926757812,-0.027798065938089693
2025-03-11,89.51000213623047,0.03226565635510864
2025-03-12,91.96800231933594,0.027090340926826897
2025-03-13,89.01699829101562,-0.032613372146137735
2025-03-14,91.80000305175781,0.03078498734062667
2025-03-17,95.00199890136719,0.03428560157621044
2025-03-18,92.99800109863281,-0.021319933087025726
2025-03-19,95.9489974975586,0.031238774864425615
2025-03-20,95.08399963378906,-0.009056066632039995
2025-03-21,96.02899932861328,0.009889514600122846
2025-03-24,96.1989974975586,0.012110175410393526
2025-03-25,99.72799682617188,0.02568605063956945
2025-03-26,96.06500244140625,-0.027065565912028654
2025-03-27,96.6719970703125,0.006234014041770758
2025-03-28,93.38500213623047,-0.044884140730301114
2025-03-31,93.25299835205078,-0.0014145437246995904
2025-04-01,92.83799743652344,-0.00446020079316369
2025-04-02,93.552001953125,0.007661441187513773
2025-04-03,91.70500183105469,-0.01994052894095296
2025-04-04,85.58599853515625,-0.0690552221154098
2025-04-07,86.78299713134766,0.013889015640287229
2025-04-08,86.04000091552734,0.0029570767314336757
2025-04-09,94.5469970703125,0.08272924074462461
2025-04-10,92.11699676513672,-0.026037561283405158
2025-04-11,91.8290023803711,-0.0031312952868676005
2025-04-14,93.12799835205078,0.014046695449959883
2025-04-15,96.62799835205078,0.04718944739095126
2025-04-16,96.16300201416016,-0.015119631392512912
2025-04-17,96.3030014038086,0.011785146371862005
2025-04-21,98.79100036621094,0.015176675573398387
2025-04-22,104.03399658203125,0.05171122474213761
2025-04-23,104.95899963378906,0.008852058286035611
2025-04-24,109.68699645996094,0.0440610287489463
2025-04-25,110.15299987792969,0.004239484385887407
2025-04-28,111.03800201416016,0.008002195851168065
2025-04-29,112.56400299072266,0.013649472138226081
2025-04-30,113.1719970703125,0.005386784116202549
2025-05-01,113.34700012207031,0.001545151521462873
2025-05-02,115.64900207519531,0.020105848820724383
2025-05-05,113.40599822998047,-0.019585475465838113
2025-05-06,113.76899719238281,0.003195767832350697
2025-05-07,115.54100036621094,0.015455396325036062
2025-05-08,114.44300079345703,-0.009548559114653046
2025-05-09,114.02200317382812,-0.0036854493146534556
2025-05-12,111.0,-0.026861238754808288
2025-05-13,113.84400177001953,0.025298904434168913
2025-05-14,115.0989990234375,0.010963513361741804
2025-05-15,116.7979965209961,0.023178644502780166
2025-05-16,119.15299987792969,0.011437116938894962
2025-05-19,119.16400146484375,9.232733594230135e-05
2025-05-20,119.2020034790039,0.0003188543139033674
2025-05-21,119.46299743652344,0.002187116339275364
2025-05-22,118.7969970703125,-0.005590549115891708
2025-05-23,118.53900146484375,-0.0021740967125370558
2025-05-27,121.15699768066406,0.02184517335156901
2025-05-28,120.8550033569336,-0.002495698388374052
2025-05-29,118.48600006103516,-0.019796697022899924
2025-05-30,120.7229995727539,0.018703850855478602
2025-06-02,121.89800262451172,0.009685989485742773
2025-06-03,121.79399871826172,-0.0008535685372644202
2025-06-04,123.96600341796875,0.017676279575685065
2025-06-05,125.052001953125,0.008722304386243758
2025-06-06,124.14700317382812,-0.0072632935068567455
2025-06-09,122.44599914550781,-0.013796263418287496
2025-06-10,120.36199951171875,-0.017166245108416866
2025-06-11,121.98799896240234,0.013418806350824633
2025-06-12,121.50299835205078,-0.003983730463288795
2025-06-13,121.21499633789062,-0.0023731421289326614
2025-06-16,122.53500366210938,0.010830935206337884
2025-06-17,122.06700134277344,-0.003826648031077676
2025-06-18,122.22899627685547,0.0013262186806519752
2025-06-20,123.14099884033203,0.007433726873013619
2025-06-23,125.35399627685547,0.017811674173543252
2025-06-24,126.91100311279297,0.020193028869081687
2025-06-25,126.5250015258789,-0.003022298139064477
2025-06-26,130.66700744628906,0.02433972335194451
2025-06-27,132.31199645996094,0.01251058407398746
2025-06-30,133.91299438476562,0.012027550230879784
2025-07-01,129.36000061035156,-0.03459107344404193
2025-07-02,128.48599243164062,-0.006779329907735996
2025-07-03,129.71800231933594,0.00954299129773333
2025-07-07,128.96200561523438,-0.005845050512391753
2025-07-08,126.53099822998047,-0.011158372443518322
2025-07-09,128.8280029296875,0.010118745668433462
2025-07-10,125.05899810791016,-0.029692593273850147
2025-07-11,124.51100158691406,-0.004391532655106852
2025-07-14,126.19499969482422,0.01343424909194373
2025-07-15,126.0270004272461,-0.0013321541526241931
2025-07-16,125.03099822998047,-0.007934480701235952
2025-07-17,126.41699981689453,0.01890347839079122
2025-07-18,120.92400360107422,-0.05230289192361651
2025-07-21,123.3270034790039,0.019677113643957515
2025-07-22,119.00800323486328,-0.03564864758531446
2025-07-23,116.6780014038086,-0.011238652087892414
2025-07-24,118.07599639892578,0.0033763616050264227
2025-07-25,118.04900360107422,-0.00022863142800759478
2025-07-28,116.45999908447266,-0.005001980713685433
2025-07-29,116.8740005493164,-0.005001406177409877
2025-07-30,118.41999816894531,0.013141175518664925
2025-07-31,115.94000244140625,-0.021164774672168887
2025-08-01,115.86000061035156,-0.0006902660325966032
2025-08-04,116.0989990234375,0.010637151581439363
2025-08-05,114.78700256347656,-0.019941463130295562
2025-08-06,116.8479995727539,0.026317395499606315
2025-08-07,118.03700256347656,0.0016025014685783592
2025-08-08,121.16400146484375,0.02614685554412887
2025-08-11,121.83100128173828,0.0054898371122196355
2025-08-12,122.52799987792969,0.00570472528645494
2025-08-13,120.44400024414062,-0.017154657651950473
2025-08-14,123.05599975585938,0.021454617684049337
2025-08-15,123.8949966430664,0.006794871269998873
2025-08-18,124.50900268554688,0.0049436184170346936
2025-08-19,121.41500091552734,-0.02516358700024584
2025-08-20,121.38600158691406,-0.00023887322088703142
2025-08-21,120.62100219726562,-0.0063221470927787874
2025-08-22,120.46499633789062,-0.001294192795084481
2025-08-25,121.80699920654297,0.011078594465947656
2025-08-26,122.60900115966797,0.006562621352990151
2025-08-27,122.3499984741211,-0.002114662310438496
2025-08-28,123.1449966430664,0.006476718171825952
2025-08-29,120.82499694824219,-0.019019303115602227
2025-09-02,121.41100311279297,0.00483831724078611
2025-09-03,122.61799621582031,0.00989229107279525
2025-09-04,125.74800109863281,0.025206112230526274
2025-09-05,124.38200378417969,-0.010922407291680833
2025-09-08,124.47599792480469,0.0007554038403364093
2025-09-09,126.32499694824219,0.0147450174537423
2025-09-10,124.77100372314453,-0.012377840042214941
2025-09-11,120.3499984741211,-0.03607593542736632
2025-09-12,118.84400177001953,-0.012592427928025049
2025-09-15,120.22599792480469,0.01156156398354513
2025-09-16,120.0510025024414,-0.0014566142659774585
2025-09-17,122.8499984741211,0.02304741320657587
2025-09-18,120.77799987792969,-0.017009937847520876
2025-09-19,122.6969985961914,0.015763741399948957
2025-09-22,122.73699951171875,0.0003259606752927878
2025-09-23,121.84700012207031,-0.007277690439242993
2025-09-24,120.3949966430664,-0.011988184444468761
2025-09-25,120.8239974975586,0.0035569446620502313
2025-09-26,121.06099700927734,0.0019596055393419514
2025-09-29,120.64099884033203,-0.00347534235451548
2025-09-30,119.89199829101562,-0.0062278604528906555
2025-10-01,116.08999633789062,-0.023648484699905204
2025-10-02,116.25299835205078,-0.007174002174054821
2025-10-03,115.33200073242188,-0.007953904430856654
2025-10-06,116.33100128173828,0.008624655064905477
2025-10-07,119.10600280761719,0.02357428945390597
2025-10-08,121.42500305175781,0.019282936866159166
2025-10-09,123.10700225830078,0.013757100891169572
2025-10-10,122.00800323486328,-0.008967271388423636
2025-10-13,121.90299987792969,-0.0008609973480512449
2025-10-14,121.53500366210938,-0.0030233282460020387
2025-10-15,120.3290023803711,-0.009972639555149472
2025-10-16,118.35900115966797,-0.01650728922428068
2025-10-17,119.93599700927734,0.013235853745980942
2025-10-20,123.85600280761719,0.03216138089084199
2025-10-21,124.13500213623047,0.0022500771460428246
2025-10-22,111.63700103759766,-0.10611715476420716
2025-10-23,111.35900115966797,-0.0024933184380806998
2025-10-24,109.46900177001953,-0.017117806753439414
2025-10-27,109.45600128173828,-0.00011876659235180352
2025-10-28,110.25,0.007227860598235325
2025-10-29,110.04100036621094,-0.001897487379416268
2025-10-30,108.9000015258789,-0.010422982996880532
2025-10-31,111.88600158691406,0.027050466016529426
2025-11-03,110.00900268554688,-0.01691830492781363
2025-11-04,109.2959976196289,-0.00650242882900469
2025-11-05,109.84600067138672,0.005019614778490941
2025-11-06,109.7020034790039,-0.0013117606200815858
2025-11-07,110.36599731445312,0.00603446069381144
2025-11-10,112.00700378417969,0.01475931206466686
2025-11-11,113.64399719238281,0.014509327407528673
2025-11-12,115.75,0.018361962431557386
2025-11-13,115.4229965209961,-0.0028290821335396296
2025-11-14,111.21700286865234,-0.037120337209794796
2025-11-17,110.29000091552734,-0.008370005003862462
2025-11-18,114.08999633789062,0.03387430989070521
2025-11-19,110.0,-0.03650721271743568
2025-11-20,105.66999816894531,-0.040159352667523636
2025-11-21,104.30999755859375,-0.012953801842307513
2025-11-24,106.97000122070312,0.025181221447094147
2025-11-25,104.4000015258789,-0.02431874266544283
2025-11-26,106.13999938964844,0.01652928158507354
2025-11-28,106.58000183105469,0.013475802216186683
2025-12-01,109.12999725341797,0.014305033091517828
2025-12-02,109.3499984741211,0.0020139262116795936
2025-12-03,103.95999908447266,-0.05054753220193953
2025-12-04,103.22000122070312,-0.007143556419947035
2025-12-05,100.23999786376953,-0.02929535527015304
2025-12-08,96.79000091552734,-0.03502359665675328
2025-12-09,96.70999908447266,-0.0008268923577584577
2025-12-10,92.70999908447266,-0.04224046851842553
2025-12-11,94.08999633789062,0.014775400353610975
2025-12-12,95.19000244140625,0.011623187813603025
2025-12-15,93.7699966430664,-0.015029980279052533
2025-12-16,94.56999969482422,0.00849535816855895
2025-12-17,94.79000091552734,0.002323630322992605
2025-12-18,94.0,-0.008369145853426522
2025-12-19,94.38999938964844,0.004140346600575626
2025-12-22,93.2300033569336,-0.012365534554967321
2025-12-23,93.5,0.0028918419790292128
2025-12-24,93.63999938964844,0.0014961998100042604
2025-12-26,94.47000122070312,0.008824700597992863
2025-12-29,94.1500015258789,-0.0033930653925848377
2025-12-30,93.77999877929688,-0.003937670665281337
2025-12-31,93.76000213623047,-0.00021325203204188765
2026-01-02,90.98999786376953,-0.02998876172177114
2026-01-05,91.45999908447266,0.0051521213288106835
2026-01-06,90.6500015258789,-0.008895754186268803
2026-01-07,90.7300033569336,0.0008821461471938105
2026-01-08,90.52999877929688,-0.0022068261773083102
2026-01-09,89.45999908447266,-0.011889686232613982
2026-01-12,89.41000366210938,-0.0005590140649358909
2026-01-13,90.31999969482422,0.01012634275674175
2026-01-14,88.55000305175781,-0.01979151777006806
2026-01-15,88.05000305175781,-0.005662529090922263
2026-01-16,88.0,-0.0005680551233812557
2026-01-20,86.26000213623047,-0.00844462230153222
2026-01-21,85.36000061035156,-0.022014578032853435
2026-01-22,83.54000091552734,-0.021552044115642193
2026-01-23,86.12000274658203,0.030416134360482395
2026-01-26,85.69999694824219,-0.004888914394703592
2026-01-27,85.58000183105469,-0.001401157609461954
2026-01-28,84.63999938964844,-0.011044671485654096
2026-01-29,83.16000366210938,-0.017640453872120793
2026-01-30,83.48999786376953,0.003960331592525699
2026-02-02,82.76000213623047,-0.008781959929549539
2026-02-03,79.94000244140625,-0.034668494866036126
2026-02-04,80.16000366210938,0.002748299197890326
2026-02-05,80.87000274658203,0.008818278049107975
2026-02-06,82.19999694824219,0.0163123038654673
2026-02-09,81.47000122070312,-0.008920395630107958
2026-02-10,82.20999908447266,0.009042068721576509
2026-02-11,79.62000274658203,-0.032011585959292
2026-02-12,75.86000061035156,-0.04837580776178695
2026-02-13,76.87000274658203,0.013226174784744665
2026-02-17,76.0,0.0016897027624235893
2026-02-18,76.98999786376953,0.012775164097640738
2026-02-19,76.0,-0.01277516409764069
2026-02-20,78.66999816894531,0.021456443212334277
2026-02-23,76.0199966430664,-0.034265445663474656
2026-02-24,78.04000091552734,0.026225108083880806
2026-02-25,82.69999694824219,0.05799803764167521
2026-02-26,84.58999633789062,0.02259644789536066
2026-02-27,96.23999786376953,0.12902903644605476
2026-03-02,96.08999633789062,0.008793296193829804
2026-03-03,96.69999694824219,0.006263182149385641
2026-03-04,98.66000366210938,0.009778105111342597
2026-03-05,99.16999816894531,0.005155897810164323
2026-03-06,99.0199966430664,-0.0015137147025320707
2026-03-09,98.31999969482422,-0.0070943538778291204
2026-03-10,96.94000244140625,-0.014135206551931585
2026-03-11,94.88999938964844,-0.021373936048478384
2026-03-12,94.30999755859375,-0.006131116884707675
2026-03-13,95.30999755859375,0.010547508665349805
2026-03-16,95.19999694824219,-0.0011548015930686177
2026-03-17,94.36000061035156,-0.00886264873323595
2026-03-18,94.69999694824219,0.0035967069586971237
2026-03-19,91.73999786376953,-0.031755502083178906
2026-03-20,91.81999969482422,0.0008716696141233494
2026-03-23,93.37999725341797,0.01684702463238727
2026-03-24,90.91999816894531,-0.026697181284675055
2026-03-25,92.27999877929688,0.014847441232143177
2026-03-26,93.31999969482422,0.011207023805721111
2026-03-27,93.43000030517578,0.0011780521882001416
2026-03-30,92.97000122070312,-0.004935622473379676
2026-03-31,96.1500015258789,0.03363261430672198
2026-04-01,95.55000305175781,-0.006259785279425216
2026-04-02,98.66000366210938,0.032029930298934
2026-04-06,98.93000030517578,0.0027328994958231542
2026-04-07,98.81999969482422,-0.001112522090490639
2026-04-08,99.38999938964844,0.005751488509533254
2026-04-09,102.05000305175781,0.026411420321449847
2026-04-10,103.01000213623047,0.009363172473301472
2026-04-13,103.16000366210938,0.0014551248787686708
2026-04-14,106.27999877929688,0.029795892893426323
2026-04-15,106.70999908447266,0.013365312456864674
2026-04-16,106.79000091552734,0.0007424764244076467
2026-04-17,96.30999755859375,-0.10228316454221555
2026-04-20,94.83000183105469,-0.025815899540493556
2026-04-21,92.58000183105469,-0.02401267882324361
2026-04-22,93.23999786376953,0.007103635875256623
2026-04-23,92.81999969482422,-0.004514660731255279
2026-04-24,92.44000244140625,-0.0041023187083142456
2026-04-27,91.37000274658203,-0.011642584746365106
2026-04-28,92.2699966430664,0.009801798138300519
2026-04-29,92.12000274658203,-0.0016269204410802823
2026-04-30,93.61000061035156,0.016045117136059692
2026-05-01,92.05999755859375,-0.016696710034440693
2026-05-04,91.0199966430664,-0.011361286162145188
2026-05-05,86.88999938964844,-0.03499320007516082
2026-05-06,88.2699966430664,0.004314235369792054
2026-05-07,88.25,-0.00022656518844578285
2026-05-08,86.48999786376953,-0.008649219112086319
2026-05-11,85.44999694824219,-0.023593102853679847
2026-05-12,86.66000366210938,0.0255343629193098
2026-05-13,86.55999755859375,-0.001141491994954247
2026-05-14,86.94000244140625,-0.007105991129842601
2026-05-15,86.0199966430664,0.0009196850738049823
2026-05-18,89.43499755859375,0.027374138431143263
